date,platform,campaign_type,industry,country,impressions,clicks,CTR,CPC,ad_spend,conversions,CPA,revenue,ROAS,CTR_Calculated,CPC_Calculated,CPA_Calculated,ROAS_Calculated,CTR_Validation_Difference,CPC_Validation_Difference,CPA_Validation_Difference,ROAS_Validation_Difference,CTR_%,CTR_Validation_Flag,CPC_Validation_Flag,CPA_Validation_Flag,ROAS_Validation_Flag,Clicks_Greater_Than_Impressions_Flag,Conversions_Greater_Than_Clicks_Flag,Negative_Value_Flag,impressions_IQR_Outlier_Flag,clicks_IQR_Outlier_Flag,CTR_IQR_Outlier_Flag,CPC_IQR_Outlier_Flag,ad_spend_IQR_Outlier_Flag,conversions_IQR_Outlier_Flag,CPA_IQR_Outlier_Flag,revenue_IQR_Outlier_Flag,ROAS_IQR_Outlier_Flag,Invalid_Date_Flag
2024-01-21,Google Ads,Search,Fintech,UAE,59886,2113,0.0353,1.26,2662.38,159,16.74,4803.43,1.8,0.03528370570751094,1.26,16.744528301886792,1.8041864797662241,1.629429248906078e-05,0.0,-0.004528301886793429,-0.004186479766224105,3.5283705707510937,1,1,1,1,0,0,0,0,0,0,0,0,0,0,0,0,0
2024-01-22,TikTok Ads,Search,EdTech,UK,135608,5220,0.0385,1.18,6159.6,411,14.99,64126.68,10.41,0.038493304229838946,1.1800000000000002,14.986861313868614,10.410851353984024,6.695770161053993e-06,-2.220446049250313e-16,0.003138686131386237,-0.0008513539840233619,3.8493304229838947,1,1,1,1,0,0,0,0,0,0,0,0,0,0,0,0,0
2024-06-15,TikTok Ads,Video,Healthcare,USA,92313,5991,0.0649,0.85,5092.35,267,19.07,10489.07,2.06,0.06489876832082156,0.8500000000000001,19.072471910112363,2.0597700472277043,1.231679178440026e-06,-1.1102230246251565e-16,-0.0024719101123622522,0.0002299527722957606,6.489876832082156,1,1,1,1,0,0,0,0,0,0,0,0,0,0,0,0,0
2024-01-02,TikTok Ads,Shopping,SaaS,Germany,83953,5935,0.0707,1.32,7834.2,296,26.47,50505.07,6.45,0.07069431705835408,1.32,26.46689189189189,6.4467424880651505,5.682941645920869e-06,0.0,0.003108108108108354,0.0032575119348496884,7.069431705835408,1,1,1,1,0,0,0,0,0,0,0,0,0,0,0,0,0
2024-02-22,TikTok Ads,Search,Healthcare,UK,91807,4489,0.0489,1.93,8663.77,107,80.97,3369.53,0.39,0.04889605367782413,1.9300000000000002,80.96981308411215,0.3889219127469912,3.946322175867045e-06,-2.220446049250313e-16,0.00018691588785202384,0.001078087253008786,4.889605367782413,1,1,1,1,0,0,0,0,0,0,0,0,0,0,0,0,0
2024-10-15,TikTok Ads,Search,Fintech,Canada,17666,724,0.041,0.37,267.88,23,11.65,5220.85,19.49,0.04098267859164497,0.37,11.64695652173913,19.489510228460507,1.7321408355031043e-05,0.0,0.0030434782608708133,0.0004897715394918123,4.098267859164497,1,1,1,1,0,0,0,0,0,0,0,0,0,0,0,1,0
2024-08-14,Meta Ads,Video,Fintech,USA,118252,3748,0.0317,0.42,1574.16,152,10.36,12838.56,8.16,0.03169502418563745,0.42000000000000004,10.356315789473685,8.15581643543223,4.97581436254696e-06,-5.551115123125783e-17,0.003684210526314402,0.004183564567769693,3.169502418563745,1,1,1,1,0,0,0,0,0,0,0,0,0,0,0,0,0
2024-04-05,TikTok Ads,Search,EdTech,UAE,92939,5176,0.0557,0.66,3416.16,388,8.8,96298.69,28.19,0.0556924434306373,0.6599999999999999,8.804536082474227,28.1891626855885,7.5565693627016595e-06,1.1102230246251565e-16,-0.004536082474226433,0.0008373144115019215,5.56924434306373,1,1,1,1,0,0,0,0,0,0,0,0,0,0,1,1,0
2024-04-17,Meta Ads,Display,EdTech,Germany,30939,937,0.0303,0.59,552.83,63,8.78,16531.03,29.9,0.030285400303823654,0.5900000000000001,8.775079365079366,29.902555939438884,1.4599696176346294e-05,-1.1102230246251565e-16,0.00492063492063366,-0.002555939438884991,3.0285400303823655,1,1,1,1,0,0,0,0,0,0,0,0,0,0,0,1,0
2024-11-13,Google Ads,Shopping,Fintech,USA,8748,362,0.0414,1.21,438.02,10,43.8,966.57,2.21,0.0413808870598994,1.21,43.802,2.206680060271221,1.9112940100596276e-05,0.0,-0.0020000000000024443,0.0033199397287790866,4.13808870598994,1,1,1,1,0,0,0,0,0,0,0,0,0,0,0,0,0
2024-04-22,Meta Ads,Video,E-commerce,UAE,98264,3144,0.032,1.56,4904.64,129,38.02,23127.27,4.72,0.03199544085321176,1.56,38.02046511627907,4.715385838715991,4.559146788242485e-06,0.0,-0.0004651162790665353,0.004614161284008489,3.199544085321176,1,1,1,1,0,0,0,0,0,0,0,0,0,0,0,0,0
2024-09-11,Meta Ads,Video,Fintech,Canada,173229,5092,0.0294,1.72,8758.24,65,134.74,12320.17,1.41,0.029394616374856405,1.72,134.74215384615385,1.4066947240541479,5.383625143594306e-06,0.0,-0.0021538461538455067,0.0033052759458520597,2.9394616374856404,1,1,1,1,0,0,0,0,0,0,0,0,0,1,0,0,0
2024-05-26,Meta Ads,Video,SaaS,Canada,147483,2138,0.0145,0.57,1218.66,159,7.66,42434.18,34.82,0.014496586047205441,0.5700000000000001,7.664528301886793,34.82036006761525,3.4139527945592496e-06,-1.1102230246251565e-16,-0.004528301886792541,-0.000360067615247317,1.4496586047205442,1,1,1,1,0,0,0,0,0,0,0,0,0,0,0,1,0
2024-02-29,Google Ads,Shopping,SaaS,USA,116472,4006,0.0344,2.68,10736.08,291,36.89,78428.38,7.31,0.03439453259152414,2.68,36.89374570446736,7.305122540070491,5.467408475859359e-06,0.0,-0.0037457044673558926,0.0048774599295082766,3.439453259152414,1,1,1,1,0,0,0,0,0,0,0,0,0,0,0,0,0
2024-04-22,TikTok Ads,Shopping,EdTech,Canada,37711,2111,0.056,0.68,1435.48,92,15.6,13898.86,9.68,0.05597836175121317,0.68,15.60304347826087,9.682378019895785,2.163824878682885e-05,0.0,-0.0030434782608708133,-0.0023780198957847887,5.5978361751213175,1,1,1,1,0,0,0,0,0,0,0,0,0,0,0,0,0
2024-10-15,TikTok Ads,Shopping,E-commerce,Germany,96412,7047,0.0731,1.11,7822.17,194,40.32,36717.43,4.69,0.07309256109198026,1.11,40.32046391752577,4.694020968605899,7.4389080197412305e-06,0.0,-0.00046391752577079615,-0.00402096860589829,7.309256109198026,1,1,1,1,0,0,0,0,0,0,0,0,0,0,0,0,0
2024-08-13,TikTok Ads,Video,Fintech,Canada,184476,8854,0.048,0.35,3098.9,198,15.65,56216.92,18.14,0.04799540319607971,0.35000000000000003,15.651010101010101,18.140927425860788,4.59680392029399e-06,-5.551115123125783e-17,-0.0010101010101006835,-0.0009274258607874231,4.799540319607971,1,1,1,1,0,0,0,0,0,0,0,0,0,0,0,1,0
2024-08-20,TikTok Ads,Search,Fintech,Germany,38828,3607,0.0929,0.97,3498.79,116,30.16,8788.51,2.51,0.09289687854125889,0.97,30.161982758620688,2.511871246916791,3.121458741109362e-06,0.0,-0.0019827586206879744,-0.0018712469167914136,9.289687854125889,1,1,1,1,0,0,0,0,0,1,0,0,0,0,0,0,0
2024-12-25,Meta Ads,Video,SaaS,Canada,187957,4586,0.0244,2.1,9630.6,271,35.54,34433.97,3.58,0.024399197688833085,2.1,35.53726937269373,3.575475048283596,8.023111669162863e-07,0.0,0.0027306273062706055,0.00452495171640388,2.4399197688833087,1,1,1,1,0,0,0,0,0,0,0,0,0,0,0,0,0
2024-11-01,Google Ads,Video,SaaS,Canada,34592,1615,0.0467,1.15,1857.25,116,16.01,4344.96,2.34,0.04668709528214616,1.15,16.010775862068964,2.339458877372459,1.2904717853839953e-05,0.0,-0.0007758620689628515,0.0005411226275406911,4.668709528214616,1,1,1,1,0,0,0,0,0,0,0,0,0,0,0,0,0
2024-07-04,Meta Ads,Shopping,Fintech,USA,185798,5889,0.0317,0.9,5300.1,400,13.25,41326.63,7.8,0.03169571254803604,0.9,13.250250000000001,7.797330239052092,4.287451963957967e-06,0.0,-0.0002500000000011937,0.0026697609479073847,3.169571254803604,1,1,1,1,0,0,0,0,0,0,0,0,0,0,0,0,0
2024-12-30,TikTok Ads,Video,EdTech,India,194407,13122,0.0675,0.85,11153.7,379,29.43,56289.95,5.05,0.0674975695319613,0.8500000000000001,29.429287598944594,5.046751302258443,2.4304680387027267e-06,-1.1102230246251565e-16,0.0007124010554058202,0.003248697741557116,6.749756953196131,1,1,1,1,0,0,0,0,1,0,0,0,0,0,0,0,0
2024-11-13,Google Ads,Search,SaaS,UAE,188062,8143,0.0433,1.8,14657.4,614,23.87,124232.5,8.48,0.04329955014835533,1.8,23.871986970684038,8.47575286203556,4.498516446710399e-07,0.0,-0.0019869706840367485,0.0042471379644410945,4.329955014835533,1,1,1,1,0,0,0,0,0,0,0,0,1,0,1,0,0
2024-12-14,Meta Ads,Shopping,Healthcare,India,195710,4481,0.0229,0.53,2374.93,352,6.75,27223.39,11.46,0.022896121812886413,0.5299999999999999,6.7469602272727265,11.462817851473517,3.878187113587339e-06,1.1102230246251565e-16,0.0030397727272735153,-0.0028178514735159865,2.2896121812886414,1,1,1,1,0,0,0,0,0,0,0,0,0,0,0,0,0
2024-04-09,Google Ads,Display,Healthcare,Australia,198824,9046,0.0455,3.61,32656.06,407,80.24,71482.19,2.19,0.04549752544964391,3.6100000000000003,80.23601965601966,2.1889410418770665,2.4745503560894e-06,-4.440892098500626e-16,0.003980343980330758,0.00105895812293344,4.549752544964391,1,1,1,1,0,0,0,0,0,0,0,1,0,0,0,0,0
2024-06-08,Meta Ads,Shopping,SaaS,USA,196962,5081,0.0258,2.06,10466.86,282,37.12,24196.95,2.31,0.02579685421553396,2.06,37.11652482269504,2.3117678081105506,3.1457844660402745e-06,0.0,0.0034751773049563894,-0.0017678081105505505,2.579685421553396,1,1,1,1,0,0,0,0,0,0,0,0,0,0,0,0,0
2024-08-29,Google Ads,Shopping,SaaS,UAE,105386,3783,0.0359,1.82,6885.06,130,52.96,36776.35,5.34,0.03589660865769647,1.82,52.962,5.341471243533099,3.391342303531164e-06,0.0,-0.0020000000000024443,-0.0014712435330990203,3.589660865769647,1,1,1,1,0,0,0,0,0,0,0,0,0,0,0,0,0
2024-09-05,Google Ads,Search,Healthcare,UAE,49425,1996,0.0404,1.27,2534.92,98,25.87,9253.27,3.65,0.04038442083965604,1.27,25.866530612244897,3.6503203256907515,1.5579160343955067e-05,0.0,0.0034693877551035257,-0.00032032569075157724,4.038442083965604,1,1,1,1,0,0,0,0,0,0,0,0,0,0,0,0,0
2024-12-26,Meta Ads,Video,E-commerce,Canada,191141,4453,0.0233,1.23,5477.19,72,76.07,8367.46,1.53,0.02329693786262497,1.23,76.07208333333332,1.5276921194992321,3.062137375029611e-06,0.0,-0.0020833333333314386,0.0023078805007679115,2.329693786262497,1,1,1,1,0,0,0,0,0,0,0,0,0,0,0,0,0
2024-05-23,TikTok Ads,Shopping,EdTech,Canada,91900,4696,0.0511,0.53,2488.88,367,6.78,109696.83,44.07,0.051099020674646355,0.53,6.781689373297003,44.07477660634502,9.793253536449775e-07,0.0,-0.0016893732970029163,-0.004776606345018308,5.109902067464636,1,1,1,1,0,0,0,0,0,0,0,0,0,0,1,1,0
2024-11-26,Google Ads,Video,Healthcare,Canada,11801,795,0.0674,2.97,2361.15,57,41.42,3966.25,1.68,0.06736717227353614,2.97,41.42368421052632,1.6797958621857991,3.282772646386045e-05,0.0,-0.0036842105263161784,0.000204137814200811,6.736717227353614,1,1,1,1,0,0,0,0,0,0,0,0,0,0,0,0,0
2024-11-16,Meta Ads,Display,Fintech,UAE,193926,5837,0.0301,1.0,5837.0,193,30.24,28429.29,4.87,0.030099109969782288,1.0,30.243523316062177,4.870531094740449,8.900302177101971e-07,0.0,-0.003523316062178594,-0.0005310947404488786,3.009910996978229,1,1,1,1,0,0,0,0,0,0,0,0,0,0,0,0,0
2024-02-27,Google Ads,Display,EdTech,India,35355,961,0.0272,2.22,2133.42,68,31.37,6145.22,2.88,0.027181445340121624,2.22,31.373823529411766,2.880454856521454,1.8554659878374652e-05,0.0,-0.003823529411764781,-0.0004548565214541611,2.718144534012162,1,1,1,1,0,0,0,0,0,0,0,0,0,0,0,0,0
2024-11-12,TikTok Ads,Shopping,Healthcare,UAE,133148,9120,0.0685,0.5,4560.0,279,16.34,83385.98,18.29,0.06849520833959204,0.5,16.344086021505376,18.286399122807016,4.791660407968412e-06,0.0,-0.004086021505376181,0.0036008771929836314,6.849520833959204,1,1,1,1,0,0,0,0,0,0,0,0,0,0,0,1,0
2024-01-12,Meta Ads,Video,E-commerce,Canada,104657,4029,0.0385,0.71,2860.59,204,14.02,10401.62,3.64,0.038497186045845,0.7100000000000001,14.0225,3.6361799488916624,2.8139541550023517e-06,-1.1102230246251565e-16,-0.002500000000001279,0.0038200511083377187,3.8497186045844995,1,1,1,1,0,0,0,0,0,0,0,0,0,0,0,0,0
2024-05-24,TikTok Ads,Shopping,Fintech,India,174160,9683,0.0556,1.84,17816.72,512,34.8,73177.92,4.11,0.05559830041341295,1.84,34.79828125,4.107261044681625,1.6995865870436666e-06,0.0,0.001718749999994884,0.0027389553183754245,5.5598300413412955,1,1,1,1,0,0,0,0,0,0,0,0,0,0,0,0,0
2024-01-05,TikTok Ads,Display,Fintech,UAE,6015,410,0.0683,1.93,791.3,28,28.26,4383.32,5.54,0.06816292601828762,1.93,28.260714285714283,5.539390875774043,0.0001370739817123795,0.0,-0.0007142857142810044,0.0006091242259573804,6.816292601828762,1,1,1,1,0,0,0,0,0,0,0,0,0,0,0,0,0
2024-01-06,Meta Ads,Search,Healthcare,Australia,17763,726,0.0409,1.94,1408.44,30,46.95,1946.19,1.38,0.040871474413105895,1.9400000000000002,46.948,1.381805401721053,2.8525586894104227e-05,-2.220446049250313e-16,0.0020000000000024443,-0.0018054017210531459,4.08714744131059,1,1,1,1,0,0,0,0,0,0,0,0,0,0,0,0,0
2024-10-14,TikTok Ads,Search,EdTech,India,97193,6230,0.0641,1.6,9968.0,306,32.58,81609.12,8.19,0.06409926640807466,1.6,32.57516339869281,8.187110754414125,7.335919253448342e-07,0.0,0.004836601307189881,0.002889245585874889,6.409926640807466,1,1,1,1,0,0,0,0,0,0,0,0,0,0,0,0,0
2024-03-06,Meta Ads,Shopping,Healthcare,UAE,58682,1748,0.0298,1.49,2604.52,84,31.01,12746.65,4.89,0.029787669131931427,1.49,31.006190476190476,4.894049575353616,1.2330868068573253e-05,0.0,0.0038095238095259276,-0.004049575353616497,2.9787669131931427,1,1,1,1,0,0,0,0,0,0,0,0,0,0,0,0,0
2024-03-21,TikTok Ads,Display,SaaS,Canada,108196,5334,0.0493,0.99,5280.66,289,18.27,27408.56,5.19,0.049299419571888055,0.99,18.272179930795847,5.190366355720687,5.804281119417554e-07,0.0,-0.00217993079584744,-0.0003663557206863288,4.929941957188806,1,1,1,1,0,0,0,0,0,0,0,0,0,0,0,0,0
2024-01-08,Google Ads,Search,Fintech,India,63243,1707,0.027,2.24,3823.68,37,103.34,3893.12,1.02,0.026991129453062,2.2399999999999998,103.3427027027027,1.0181605155243116,8.870546937999463e-06,4.440892098500626e-16,-0.002702702702691795,0.00183948447568838,2.6991129453062,1,1,1,1,0,0,0,0,0,0,0,0,0,0,0,0,0
2024-08-20,Google Ads,Search,E-commerce,UAE,152979,4650,0.0304,0.79,3673.5,330,11.13,91949.73,25.03,0.03039632890788932,0.79,11.131818181818181,25.030551245406286,3.671092110680424e-06,0.0,-0.0018181818181801646,-0.0005512454062852612,3.039632890788932,1,1,1,1,0,0,0,0,0,0,0,0,0,0,1,1,0
2024-01-08,Google Ads,Display,EdTech,USA,132600,6802,0.0513,1.53,10407.06,97,107.29,6779.29,0.65,0.051297134238310706,1.53,107.28927835051546,0.651412598755076,2.8657616892927007e-06,0.0,0.0007216494845465604,-0.0014125987550759334,5.12971342383107,1,1,1,1,0,0,0,0,0,0,0,0,0,0,0,0,0
2024-09-30,Google Ads,Video,Fintech,Australia,110977,4150,0.0374,1.13,4689.5,197,23.8,18314.78,3.91,0.03739513592906638,1.13,23.804568527918782,3.9054867256637165,4.864070933620346e-06,0.0,-0.004568527918781484,0.004513274336283679,3.739513592906638,1,1,1,1,0,0,0,0,0,0,0,0,0,0,0,0,0
2024-03-07,Google Ads,Search,EdTech,UK,87152,3599,0.0413,2.63,9465.37,127,74.53,25958.5,2.74,0.04129566733982008,2.6300000000000003,74.53047244094489,2.742470711657336,4.3326601799204e-06,-4.440892098500626e-16,-0.0004724409448897404,-0.0024707116573359222,4.129566733982008,1,1,1,1,0,0,0,0,0,0,0,0,0,0,0,0,0
2024-08-16,Meta Ads,Shopping,Fintech,UAE,164096,1919,0.0117,0.66,1266.54,139,9.11,7181.17,5.67,0.011694374024960999,0.66,9.11179856115108,5.669911728014907,5.625975039001349e-06,0.0,-0.0017985611510802357,8.827198509298029e-05,1.1694374024960998,1,1,1,1,0,0,0,0,0,0,0,0,0,0,0,0,0
2024-08-10,Meta Ads,Shopping,Healthcare,Germany,21389,941,0.044,0.8,752.8,46,16.37,8479.43,11.26,0.04399457665154986,0.7999999999999999,16.36521739130435,11.263854941551543,5.423348450134258e-06,1.1102230246251565e-16,0.004782608695652613,-0.0038549415515429786,4.399457665154986,1,1,1,1,0,0,0,0,0,0,0,0,0,0,0,0,0
2024-04-27,Google Ads,Shopping,Healthcare,India,69323,2169,0.0313,2.19,4750.11,94,50.53,16337.12,3.44,0.03128831700878496,2.19,50.53308510638298,3.4393140369380926,1.1682991215039573e-05,0.0,-0.0030851063829757663,0.0006859630619073798,3.128831700878496,1,1,1,1,0,0,0,0,0,0,0,0,0,0,0,0,0
2024-05-17,Google Ads,Display,SaaS,UAE,138291,3318,0.024,0.83,2753.94,217,12.69,12761.51,4.63,0.02399288456949476,0.8300000000000001,12.690967741935484,4.633909961727562,7.115430505241077e-06,-1.1102230246251565e-16,-0.0009677419354847672,-0.00390996172756175,2.399288456949476,1,1,1,1,0,0,0,0,0,0,0,0,0,0,0,0,0
2024-11-29,TikTok Ads,Shopping,EdTech,UK,72444,2339,0.0323,1.39,3251.21,153,21.25,12919.22,3.97,0.032287007895753964,1.3900000000000001,21.249738562091505,3.9736651892679955,1.299210424603875e-05,-2.220446049250313e-16,0.00026143790849531,-0.0036651892679953058,3.2287007895753965,1,1,1,1,0,0,0,0,0,0,0,0,0,0,0,0,0
2024-12-04,Google Ads,Search,Healthcare,UAE,160002,7520,0.047,2.96,22259.2,403,55.23,70823.58,3.18,0.04699941250734366,2.96,55.23374689826303,3.1817666403105234,5.874926563426142e-07,0.0,-0.0037468982630315395,-0.0017666403105232042,4.699941250734366,1,1,1,1,0,0,0,0,0,0,0,1,0,0,0,0,0
2024-08-12,Meta Ads,Search,E-commerce,USA,16246,448,0.0276,1.99,891.52,8,111.44,1955.09,2.19,0.027576018712298412,1.99,111.44,2.1929850143575016,2.3981287701587556e-05,0.0,0.0,-0.0029850143575016475,2.7576018712298414,1,1,1,1,0,0,0,0,0,0,0,0,0,0,0,0,0
2024-06-05,Meta Ads,Shopping,Fintech,Germany,15789,423,0.0268,1.81,765.63,7,109.38,1223.95,1.6,0.026790803724111724,1.81,109.37571428571428,1.5986181314734271,9.196275888277011e-06,0.0,0.004285714285714448,0.0013818685265729602,2.6790803724111725,1,1,1,1,0,0,0,0,0,0,0,0,0,0,0,0,0
2024-06-05,Google Ads,Search,EdTech,Australia,25103,710,0.0283,2.34,1661.4,24,69.23,1896.75,1.14,0.028283472094968728,2.3400000000000003,69.22500000000001,1.1416576381365113,1.6527905031270967e-05,-4.440892098500626e-16,0.0049999999999954525,-0.00165763813651143,2.8283472094968727,1,1,1,1,0,0,0,0,0,0,0,0,0,0,0,0,0
2024-12-28,TikTok Ads,Display,SaaS,India,138515,4377,0.0316,0.51,2232.27,285,7.83,10321.59,4.62,0.03159946576183085,0.51,7.832526315789473,4.623808947842331,5.342381691544884e-07,0.0,-0.0025263157894732657,-0.0038089478423311007,3.159946576183085,1,1,1,1,0,0,0,0,0,0,0,0,0,0,0,0,0
2024-02-20,Meta Ads,Search,EdTech,Australia,180399,6025,0.0334,0.7,4217.5,191,22.08,17456.79,4.14,0.03339818956867832,0.7,22.081151832460733,4.13913218731476,1.8104313216776857e-06,0.0,-0.001151832460735136,0.0008678126852394996,3.3398189568678323,1,1,1,1,0,0,0,0,0,0,0,0,0,0,0,0,0
2024-05-16,Meta Ads,Video,E-commerce,UAE,62545,606,0.0097,1.96,1187.76,37,32.1,5627.66,4.74,0.009689023902789992,1.96,32.10162162162162,4.738044722839631,1.0976097210008487e-05,0.0,-0.001621621621616498,0.001955277160369029,0.9689023902789992,1,1,1,1,0,0,0,0,0,0,0,0,0,0,0,0,0
2024-06-30,Google Ads,Shopping,Fintech,Canada,72526,2146,0.0296,1.56,3347.76,168,19.93,25859.74,7.72,0.029589388633041943,1.56,19.927142857142858,7.724490405524889,1.0611366958058338e-05,0.0,0.002857142857141781,-0.004490405524888885,2.958938863304194,1,1,1,1,0,0,0,0,0,0,0,0,0,0,0,0,0
2024-07-07,Meta Ads,Display,EdTech,Australia,67823,2075,0.0306,1.83,3797.25,26,146.05,4093.91,1.08,0.03059434115270631,1.83,146.04807692307693,1.0781249588518007,5.658847293688735e-06,0.0,0.0019230769230773603,0.0018750411481993634,3.059434115270631,1,1,1,1,0,0,0,0,0,0,0,0,0,1,0,0,0
2024-06-23,Meta Ads,Display,E-commerce,India,164937,4453,0.027,1.08,4809.24,129,37.28,35127.5,7.3,0.026998187186622773,1.0799999999999998,37.28093023255814,7.304168642030758,1.8128133772270238e-06,2.220446049250313e-16,-0.000930232558140176,-0.004168642030758285,2.6998187186622773,1,1,1,1,0,0,0,0,0,0,0,0,0,0,0,0,0
2024-12-14,Meta Ads,Search,EdTech,UK,114575,2039,0.0178,0.53,1080.67,113,9.56,10656.96,9.86,0.017796203360244383,0.53,9.56345132743363,9.861437811727908,3.796639755616893e-06,0.0,-0.003451327433628748,-0.001437811727909022,1.7796203360244383,1,1,1,1,0,0,0,0,0,0,0,0,0,0,0,0,0
2024-06-13,Google Ads,Shopping,Fintech,Germany,132157,2999,0.0227,0.93,2789.07,152,18.35,21855.26,7.84,0.022692706402233708,0.93,18.349144736842106,7.836038536142871,7.293597766293292e-06,0.0,0.0008552631578950809,0.003961463857129033,2.269270640223371,1,1,1,1,0,0,0,0,0,0,0,0,0,0,0,0,0
2024-01-11,TikTok Ads,Video,Healthcare,Germany,108145,3882,0.0359,0.94,3649.08,98,37.24,28726.52,7.87,0.03589625040454945,0.94,37.235510204081635,7.872263693862563,3.749595450554255e-06,0.0,0.004489795918367179,-0.0022636938625630876,3.5896250404549446,1,1,1,1,0,0,0,0,0,0,0,0,0,0,0,0,0
2024-04-29,TikTok Ads,Search,SaaS,India,72642,3014,0.0415,1.16,3496.24,59,59.26,15070.44,4.31,0.041491148371465544,1.16,59.25830508474576,4.310470677070224,8.851628534457812e-06,0.0,0.0016949152542409252,-0.00047067707022474536,4.149114837146555,1,1,1,1,0,0,0,0,0,0,0,0,0,0,0,0,0
2024-04-07,TikTok Ads,Display,Healthcare,UAE,131678,8374,0.0636,0.91,7620.34,505,15.09,29682.01,3.9,0.06359452604079649,0.91,15.089782178217822,3.895103105635706,5.473959203514123e-06,0.0,0.00021782178217755188,0.004896894364293747,6.359452604079649,1,1,1,1,0,0,0,0,0,0,0,0,0,0,0,0,0
2024-05-13,Google Ads,Video,E-commerce,Australia,34402,1314,0.0382,3.29,4323.06,17,254.3,1273.24,0.29,0.0381954537526888,3.2900000000000005,254.29764705882354,0.2945228611215204,4.546247311200402e-06,-4.440892098500626e-16,0.0023529411764684482,-0.004522861121520394,3.8195453752688797,1,1,1,1,0,0,0,0,0,0,0,0,0,1,0,0,0
2024-10-08,Meta Ads,Video,Healthcare,Germany,58276,1183,0.0203,1.49,1762.67,89,19.81,20273.71,11.5,0.020299951952776445,1.49,19.805280898876404,11.501704800104386,4.804722355394864e-08,0.0,0.004719101123594527,-0.0017048001043864502,2.0299951952776443,1,1,1,1,0,0,0,0,0,0,0,0,0,0,0,0,0
2024-08-14,Google Ads,Shopping,EdTech,Canada,168059,3462,0.0206,3.08,10662.96,154,69.24,33243.77,3.12,0.02059990836551449,3.0799999999999996,69.24,3.117686833674702,9.163448550994491e-08,4.440892098500626e-16,0.0,0.0023131663252979884,2.059990836551449,1,1,1,1,0,0,0,0,0,0,0,0,0,0,0,0,0
2024-08-16,Meta Ads,Video,Fintech,Canada,91123,1567,0.0172,2.33,3651.11,64,57.05,5119.1,1.4,0.017196536549499028,2.33,57.04859375,1.402066768736083,3.4634505009720207e-06,0.0,0.0014062499999951683,-0.0020667687360831355,1.7196536549499029,1,1,1,1,0,0,0,0,0,0,0,0,0,0,0,0,0
2024-05-28,Meta Ads,Shopping,Fintech,Australia,16344,452,0.0277,0.9,406.8,5,81.36,1102.53,2.71,0.027655408712677434,0.9,81.36,2.710250737463127,4.459128732256512e-05,0.0,0.0,-0.00025073746312687106,2.7655408712677434,1,1,1,1,0,0,0,0,0,0,0,0,0,0,0,0,0
2024-03-26,TikTok Ads,Video,SaaS,UAE,99457,5808,0.0584,1.6,9292.8,80,116.16,12231.1,1.32,0.05839709623254271,1.5999999999999999,116.16,1.316191029614325,2.903767457290707e-06,2.220446049250313e-16,0.0,0.003808970385674959,5.839709623254271,1,1,1,1,0,0,0,0,0,0,0,0,0,1,0,0,0
2024-06-07,Meta Ads,Video,E-commerce,India,57375,843,0.0147,1.61,1357.23,40,33.93,9739.81,7.18,0.01469281045751634,1.61,33.93075,7.17624131503135,7.189542483659883e-06,0.0,-0.0007500000000035811,0.003758684968649284,1.4692810457516339,1,1,1,1,0,0,0,0,0,0,0,0,0,0,0,0,0
2024-04-17,Google Ads,Display,E-commerce,UAE,115017,2771,0.0241,2.56,7093.76,95,74.67,22528.38,3.18,0.024092090734413173,2.56,74.67115789473685,3.175802395344641,7.909265586827224e-06,0.0,-0.00115789473684913,0.004197604655359122,2.409209073441317,1,1,1,1,0,0,0,0,0,0,0,0,0,0,0,0,0
2024-09-28,Meta Ads,Search,EdTech,USA,90431,1853,0.0205,1.7,3150.1,57,55.26,14834.93,4.71,0.020490760911634286,1.7,55.26491228070175,4.709352084060824,9.239088365715215e-06,0.0,-0.004912280701752536,0.0006479159391759026,2.0490760911634287,1,1,1,1,0,0,0,0,0,0,0,0,0,0,0,0,0
2024-03-13,Meta Ads,Search,E-commerce,USA,140566,5046,0.0359,0.62,3128.52,384,8.15,59980.19,19.17,0.03589772775777927,0.62,8.1471875,19.17206538554972,2.272242220734133e-06,0.0,0.0028125000000009948,-0.0020653855497165807,3.5897727757779267,1,1,1,1,0,0,0,0,0,0,0,0,0,0,0,1,0
2024-02-28,Meta Ads,Search,EdTech,Germany,133583,3954,0.0296,0.65,2570.1,255,10.08,31756.12,12.36,0.029599574796194128,0.65,10.078823529411764,12.355986148398895,4.2520380587329765e-07,0.0,0.0011764705882360005,0.00401385160110479,2.959957479619413,1,1,1,1,0,0,0,0,0,0,0,0,0,0,0,0,0
2024-04-08,Google Ads,Video,E-commerce,USA,198555,13104,0.066,2.46,32235.84,336,95.94,58794.32,1.82,0.06599682707562136,2.46,95.94,1.823880500709769,3.1729243786388084e-06,0.0,0.0,-0.0038805007097688637,6.5996827075621365,1,1,1,1,0,0,0,0,1,0,0,1,0,0,0,0,0
2024-09-23,Meta Ads,Display,Healthcare,UK,88560,1319,0.0149,0.52,685.88,81,8.47,8584.02,12.52,0.014893857271906053,0.52,8.467654320987654,12.515337959993003,6.142728093946892e-06,0.0,0.002345679012346835,0.004662040006996548,1.4893857271906052,1,1,1,1,0,0,0,0,0,0,0,0,0,0,0,0,0
2024-06-24,Google Ads,Display,Fintech,UAE,117217,5602,0.0478,3.49,19550.98,411,47.57,75729.26,3.87,0.04779170256874003,3.4899999999999998,47.56929440389294,3.873425270753691,8.297431259969568e-06,4.440892098500626e-16,0.0007055961070605576,-0.0034252707536910343,4.7791702568740035,1,1,1,1,0,0,0,0,0,0,0,1,0,0,0,0,0
2024-08-24,Meta Ads,Shopping,Fintech,UAE,104616,4048,0.0387,1.77,7164.96,233,30.75,45906.84,6.41,0.03869389003594097,1.77,30.75090128755365,6.407131372680377,6.109964059031192e-06,0.0,-0.0009012875536491549,0.0028686273196232293,3.8693890035940965,1,1,1,1,0,0,0,0,0,0,0,0,0,0,0,0,0
2024-02-14,TikTok Ads,Video,Healthcare,Canada,79553,2712,0.0341,0.31,840.72,170,4.95,16973.79,20.19,0.03409048056012973,0.31,4.945411764705883,20.18958749643163,9.519439870271651e-06,0.0,0.00458823529411756,0.0004125035683699707,3.409048056012973,1,1,1,1,0,0,0,0,0,0,0,0,0,0,0,1,0
2024-08-20,Google Ads,Search,Fintech,USA,170904,4751,0.0278,1.12,5321.12,326,16.32,44297.15,8.32,0.027799232317558396,1.1199999999999999,16.32245398773006,8.324779369756744,7.67682441601969e-07,2.220446049250313e-16,-0.0024539877300604473,-0.0047793697567435345,2.7799232317558396,1,1,1,1,0,0,0,0,0,0,0,0,0,0,0,0,0
2024-07-14,Google Ads,Search,Healthcare,India,88807,4999,0.0563,2.37,11847.63,348,34.04,103474.34,8.73,0.05629060772236423,2.3699999999999997,34.04491379310345,8.733758566059203,9.392277635772439e-06,4.440892098500626e-16,-0.004913793103447972,-0.0037585660592025505,5.629060772236423,1,1,1,1,0,0,0,0,0,0,0,0,0,0,1,0,0
2024-08-14,Meta Ads,Shopping,EdTech,Canada,157499,1574,0.01,1.76,2770.24,45,61.56,13465.06,4.86,0.009993714245804735,1.7599999999999998,61.56088888888888,4.860611354972854,6.285754195265239e-06,2.220446049250313e-16,-0.0008888888888805013,-0.0006113549728539169,0.9993714245804735,1,1,1,1,0,0,0,0,0,0,0,0,0,0,0,0,0
2024-09-27,Meta Ads,Search,E-commerce,Australia,46846,983,0.021,0.72,707.76,11,64.34,2501.87,3.53,0.02098364855056995,0.72,64.34181818181818,3.5349129648468405,1.6351449430049986e-05,0.0,-0.0018181818181801646,-0.004912964846840673,2.098364855056995,1,1,1,1,0,0,0,0,0,0,0,0,0,0,0,0,0
2024-09-18,TikTok Ads,Search,Fintech,Germany,104986,6131,0.0584,0.36,2207.16,219,10.08,57679.5,26.13,0.05839826262549292,0.36,10.07835616438356,26.132903822106236,1.7373745070797808e-06,0.0,0.0016438356164396595,-0.002903822106237186,5.839826262549292,1,1,1,1,0,0,0,0,0,0,0,0,0,0,0,1,0
2024-05-24,Meta Ads,Shopping,EdTech,India,172516,6314,0.0366,0.72,4546.08,335,13.57,82096.8,18.06,0.03659950381413898,0.72,13.570388059701493,18.058811107591595,4.961858610236236e-07,0.0,-0.0003880597014926934,0.0011888924084040298,3.6599503814138976,1,1,1,1,0,0,0,0,0,0,0,0,0,0,0,1,0
2024-08-23,Meta Ads,Display,E-commerce,India,187099,2469,0.0132,0.83,2049.27,103,19.9,3413.17,1.67,0.013196222320803424,0.83,19.895825242718445,1.6655540753536626,3.7776791965756645e-06,0.0,0.004174757281553809,0.004445924646337307,1.3196222320803424,1,1,1,1,0,0,0,0,0,0,0,0,0,0,0,0,0
2024-04-04,Google Ads,Shopping,SaaS,India,111661,3930,0.0352,0.84,3301.2,310,10.65,21226.88,6.43,0.03519581590707588,0.84,10.649032258064516,6.430049678904641,4.184092924124083e-06,0.0,0.0009677419354847672,-4.967890464158131e-05,3.519581590707588,1,1,1,1,0,0,0,0,0,0,0,0,0,0,0,0,0
2024-06-09,Meta Ads,Display,EdTech,Germany,79441,3082,0.0388,0.53,1633.46,100,16.33,29391.59,17.99,0.038796087662542014,0.53,16.334600000000002,17.993455609564972,3.912337457986914e-06,0.0,-0.00460000000000349,-0.003455609564973372,3.8796087662542016,1,1,1,1,0,0,0,0,0,0,0,0,0,0,0,1,0
2024-04-15,Google Ads,Display,SaaS,Australia,14078,763,0.0542,2.26,1724.38,57,30.25,16289.72,9.45,0.05419803949424634,2.2600000000000002,30.252280701754387,9.446711281736043,1.960505753656472e-06,-4.440892098500626e-16,-0.0022807017543868824,0.0032887182639562695,5.419803949424634,1,1,1,1,0,0,0,0,0,0,0,0,0,0,0,0,0
2024-01-07,Meta Ads,Shopping,Fintech,Australia,182235,5047,0.0277,0.74,3734.78,260,14.36,53450.65,14.31,0.02769500919142865,0.74,14.364538461538462,14.311592650704995,4.9908085713486205e-06,0.0,-0.0045384615384627125,-0.0015926507049943694,2.7695009191428652,1,1,1,1,0,0,0,0,0,0,0,0,0,0,0,0,0
2024-02-24,Meta Ads,Video,SaaS,Canada,128629,2109,0.0164,1.29,2720.61,168,16.19,49256.62,18.1,0.016395991572662465,1.29,16.194107142857142,18.10499116007072,4.008427337536674e-06,0.0,-0.004107142857140644,-0.004991160070719758,1.6395991572662465,1,1,1,1,0,0,0,0,0,0,0,0,0,0,0,1,0
2024-04-02,Meta Ads,Display,Fintech,Canada,21309,432,0.0203,1.66,717.12,15,47.81,4449.98,6.21,0.02027312403209911,1.66,47.808,6.20534917447568,2.6875967900887032e-05,0.0,0.0020000000000024443,0.004650825524319835,2.027312403209911,1,1,1,1,0,0,0,0,0,0,0,0,0,0,0,0,0
2024-09-06,Google Ads,Search,Fintech,USA,167932,6717,0.04,2.46,16523.82,247,66.9,38475.06,2.33,0.039998332658456995,2.46,66.89805668016194,2.3284603681231095,1.6673415430060179e-06,0.0,0.0019433198380625072,0.001539631876890546,3.9998332658456994,1,1,1,1,0,0,0,0,0,0,0,0,0,0,0,0,0
2024-01-08,TikTok Ads,Search,Fintech,UK,162795,8107,0.0498,0.96,7782.72,575,13.54,86383.64,11.1,0.04979882674529316,0.9600000000000001,13.535165217391304,11.099415114510094,1.1732547068390997e-06,-1.1102230246251565e-16,0.004834782608694965,0.000584885489905318,4.979882674529316,1,1,1,1,0,0,0,0,0,0,0,0,1,0,0,0,0
2024-08-18,Meta Ads,Search,EdTech,UK,50893,1124,0.0221,1.41,1584.84,29,54.65,2707.5,1.71,0.022085552040555675,1.41,54.64965517241379,1.7083743469372303,1.4447959444326836e-05,0.0,0.0003448275862112382,0.0016256530627696275,2.2085552040555676,1,1,1,1,0,0,0,0,0,0,0,0,0,0,0,0,0
2024-09-22,TikTok Ads,Display,SaaS,UAE,81619,3623,0.0444,0.47,1702.81,222,7.67,46448.44,27.28,0.04438917408936645,0.47,7.670315315315315,27.277523622717744,1.0825910633553704e-05,0.0,-0.0003153153153148125,0.002476377282256692,4.4389174089366445,1,1,1,1,0,0,0,0,0,0,0,0,0,0,0,1,0
2024-07-25,Meta Ads,Search,EdTech,Germany,154381,1698,0.011,1.85,3141.3,70,44.88,19750.24,6.29,0.0109987628011219,1.85,44.87571428571429,6.2872823353388725,1.2371988780991716e-06,0.0,0.004285714285714448,0.00271766466112755,1.09987628011219,1,1,1,1,0,0,0,0,0,0,0,0,0,0,0,0,0
2024-01-12,Google Ads,Search,Fintech,India,124273,3603,0.029,1.55,5584.65,167,33.44,20460.25,3.66,0.02899262108422586,1.5499999999999998,33.441017964071854,3.663658420850009,7.378915774142875e-06,2.220446049250313e-16,-0.00101796407185617,-0.003658420850008781,2.899262108422586,1,1,1,1,0,0,0,0,0,0,0,0,0,0,0,0,0
2024-12-01,Meta Ads,Video,Healthcare,Germany,6969,176,0.0253,1.08,190.08,10,19.01,2562.91,13.48,0.025254699382981777,1.08,19.008000000000003,13.48332281144781,4.530061701822283e-05,0.0,0.0019999999999988916,-0.0033228114478092152,2.5254699382981776,1,1,1,1,0,0,0,0,0,0,0,0,0,0,0,0,0
2024-05-24,TikTok Ads,Display,SaaS,UK,29089,1076,0.037,0.65,699.4,40,17.48,8233.32,11.77,0.036989927463989825,0.65,17.485,11.771975979410923,1.0072536010173605e-05,0.0,-0.004999999999999005,-0.001975979410923756,3.6989927463989822,1,1,1,1,0,0,0,0,0,0,0,0,0,0,0,0,0
2024-07-10,Google Ads,Shopping,SaaS,UK,10704,489,0.0457,1.71,836.19,36,23.23,5339.04,6.38,0.04568385650224215,1.7100000000000002,23.227500000000003,6.384960355899975,1.614349775784507e-05,-2.220446049250313e-16,0.0024999999999977263,-0.0049603558999749,4.568385650224215,1,1,1,1,0,0,0,0,0,0,0,0,0,0,0,0,0
2024-12-04,TikTok Ads,Search,E-commerce,Australia,22772,1045,0.0459,0.95,992.75,38,26.12,5743.6,5.79,0.045889689091867206,0.95,26.125,5.785545202719718,1.0310908132797614e-05,0.0,-0.004999999999999005,0.004454797280281753,4.588968909186721,1,1,1,1,0,0,0,0,0,0,0,0,0,0,0,0,0
2024-04-11,Google Ads,Search,Fintech,Germany,68449,3285,0.048,2.38,7818.3,243,32.17,60681.21,7.76,0.04799193560168885,2.38,32.17407407407408,7.7614327922949995,8.064398311150023e-06,0.0,-0.004074074074075895,-0.0014327922949997074,4.799193560168885,1,1,1,1,0,0,0,0,0,0,0,0,0,0,0,0,0
2024-10-26,Google Ads,Search,SaaS,UAE,51819,2497,0.0482,2.88,7191.36,138,52.11,37600.62,5.23,0.04818695845153322,2.88,52.111304347826085,5.228582632492325,1.3041548466777297e-05,0.0,-0.0013043478260854613,0.0014173675076758485,4.818695845153322,1,1,1,1,0,0,0,0,0,0,0,0,0,0,0,0,0
2024-11-19,Google Ads,Video,Fintech,Australia,173722,3821,0.022,1.54,5884.34,201,29.28,44895.5,7.63,0.021994911410184087,1.54,29.27532338308458,7.62965770162839,5.088589815911704e-06,0.0,0.004676616915421761,0.00034229837160992815,2.1994911410184086,1,1,1,1,0,0,0,0,0,0,0,0,0,0,0,0,0
2024-12-15,Google Ads,Shopping,SaaS,USA,119014,5938,0.0499,2.88,17101.44,95,180.02,23773.95,1.39,0.049893289865057894,2.88,180.01515789473683,1.3901724065341867,6.71013494210615e-06,0.0,0.004842105263179519,-0.00017240653418681973,4.9893289865057895,1,1,1,1,0,0,0,0,0,0,0,0,0,1,0,0,0
2024-05-20,Google Ads,Search,SaaS,Australia,159741,6868,0.043,1.37,9409.16,336,28.0,33272.11,3.54,0.04299459750471075,1.3699999999999999,28.003452380952382,3.5361403143319916,5.402495289248688e-06,2.220446049250313e-16,-0.0034523809523818727,0.003859685668008428,4.299459750471075,1,1,1,1,0,0,0,0,0,0,0,0,0,0,0,0,0
2024-02-29,Google Ads,Shopping,Fintech,Germany,167982,7693,0.0458,2.64,20309.52,193,105.23,10777.69,0.53,0.04579657344239264,2.64,105.23067357512953,0.5306718228692752,3.426557607363878e-06,0.0,-0.0006735751295252612,-0.0006718228692751405,4.579657344239264,1,1,1,1,0,0,0,0,0,0,0,1,0,0,0,0,0
2024-06-08,Google Ads,Video,Fintech,Germany,96658,2822,0.0292,3.37,9510.14,112,84.91,25060.16,2.64,0.029195720995675474,3.3699999999999997,84.91196428571428,2.6350989575337485,4.279004324526242e-06,4.440892098500626e-16,-0.0019642857142798675,0.0049010424662516705,2.9195720995675476,1,1,1,1,0,0,0,0,0,0,0,0,0,0,0,0,0
2024-01-19,Meta Ads,Video,EdTech,India,43467,991,0.0228,1.9,1882.9,25,75.32,3146.23,1.67,0.02279890491637334,1.9000000000000001,75.316,1.6709490679271337,1.09508362666072e-06,-2.220446049250313e-16,0.003999999999990678,-0.0009490679271337843,2.279890491637334,1,1,1,1,0,0,0,0,0,0,0,0,0,0,0,0,0
2024-01-05,Google Ads,Search,EdTech,UK,41378,2023,0.0489,1.23,2488.29,73,34.09,9343.63,3.76,0.04889071487263763,1.23,34.086164383561645,3.755040610218262,9.285127362368417e-06,0.0,0.0038356164383586133,0.004959389781737933,4.889071487263763,1,1,1,1,0,0,0,0,0,0,0,0,0,0,0,0,0
2024-10-26,TikTok Ads,Video,EdTech,India,100673,5718,0.0568,1.05,6003.9,196,30.63,41067.13,6.84,0.05679775113486238,1.05,30.632142857142856,6.840075617515282,2.248865137624567e-06,0.0,-0.002142857142857224,-7.56175152822891e-05,5.6797751134862375,1,1,1,1,0,0,0,0,0,0,0,0,0,0,0,0,0
2024-12-13,TikTok Ads,Shopping,Healthcare,Australia,191994,14898,0.0776,1.08,16089.84,936,17.19,60355.75,3.75,0.07759617488046501,1.08,17.19,3.751171546764915,3.825119534991983e-06,0.0,0.0,-0.0011715467649149325,7.759617488046501,1,1,1,1,0,0,0,0,1,0,0,0,1,0,0,0,0
2024-05-21,TikTok Ads,Display,EdTech,UK,152235,6104,0.0401,0.73,4455.92,252,17.68,48424.44,10.87,0.040095904358393275,0.73,17.682222222222222,10.867439271800212,4.095641606721712e-06,0.0,-0.0022222222222225696,0.0025607281997874765,4.0095904358393275,1,1,1,1,0,0,0,0,0,0,0,0,0,0,0,0,0
2024-12-07,Meta Ads,Video,Fintech,Australia,66929,1539,0.023,1.21,1862.19,38,49.01,9540.22,5.12,0.022994516577268448,1.21,49.005,5.12311847878036,5.483422731551724e-06,0.0,0.0049999999999954525,-0.003118478780359979,2.299451657726845,1,1,1,1,0,0,0,0,0,0,0,0,0,0,0,0,0
2024-05-09,Google Ads,Video,SaaS,Canada,188202,7189,0.0382,1.15,8267.35,376,21.99,88923.49,10.76,0.03819831882764264,1.1500000000000001,21.987632978723404,10.755984686749684,1.6811723573609272e-06,-2.220446049250313e-16,0.002367021276594272,0.004015313250315344,3.8198318827642637,1,1,1,1,0,0,0,0,0,0,0,0,0,0,1,0,0
2024-01-25,Google Ads,Video,Fintech,USA,184316,4091,0.0222,1.04,4254.64,309,13.77,82363.46,19.36,0.022195577160962696,1.04,13.76906148867314,19.358502717033637,4.422839037305365e-06,0.0,0.0009385113268596257,0.001497282966361979,2.2195577160962694,1,1,1,1,0,0,0,0,0,0,0,0,0,0,0,1,0
2024-09-10,Google Ads,Video,Healthcare,Canada,65545,3355,0.0512,1.77,5938.35,196,30.3,57936.29,9.76,0.05118620794873751,1.77,30.297704081632656,9.75629425682218,1.3792051262492833e-05,0.0,0.0022959183673449957,0.003705743177819798,5.118620794873751,1,1,1,1,0,0,0,0,0,0,0,0,0,0,0,0,0
2024-06-04,Google Ads,Video,Healthcare,USA,33141,798,0.0241,3.29,2625.42,42,62.51,7236.65,2.76,0.024078935457590295,3.29,62.510000000000005,2.756378027134706,2.106454240970515e-05,0.0,-7.105427357601002e-15,0.0036219728652939764,2.4078935457590296,1,1,1,1,0,0,0,0,0,0,0,0,0,0,0,0,0
2024-07-09,Meta Ads,Video,Healthcare,Germany,76229,1562,0.0205,1.01,1577.62,30,52.59,4290.5,2.72,0.02049088929410067,1.01,52.587333333333326,2.7196029462101143,9.110705899331717e-06,0.0,0.002666666666677031,0.0003970537898858595,2.049088929410067,1,1,1,1,0,0,0,0,0,0,0,0,0,0,0,0,0
2024-11-09,TikTok Ads,Search,SaaS,Australia,141614,10677,0.0754,0.35,3736.95,305,12.25,62355.52,16.69,0.07539508805626563,0.35,12.252295081967212,16.686206665863875,4.911943734364765e-06,0.0,-0.0022950819672118428,0.0037933341361267026,7.539508805626563,1,1,1,1,0,0,0,0,0,0,0,0,0,0,0,0,0
2024-07-14,Meta Ads,Shopping,Healthcare,UK,161193,4916,0.0305,1.37,6734.92,377,17.86,91408.9,13.57,0.03049760225319958,1.37,17.86450928381963,13.572380963693703,2.3977468004178493e-06,0.0,-0.0045092838196296725,-0.0023809636937031087,3.0497602253199583,1,1,1,1,0,0,0,0,0,0,0,0,0,0,1,0,0
2024-02-17,Google Ads,Search,SaaS,Germany,142244,4935,0.0347,2.98,14706.3,127,115.8,34307.21,2.33,0.03469390624560614,2.98,115.79763779527559,2.3328240277976104,6.093754393858564e-06,0.0,0.0023622047244060695,-0.0028240277976103734,3.4693906245606145,1,1,1,1,0,0,0,0,0,0,0,0,0,1,0,0,0
2024-03-27,Meta Ads,Search,Fintech,UAE,178063,1851,0.0104,0.45,832.95,64,13.01,7044.13,8.46,0.010395197205483453,0.45,13.01484375,8.456846149228644,4.8027945165462355e-06,0.0,-0.004843750000000924,0.003153850771356659,1.0395197205483453,1,1,1,1,0,0,0,0,0,0,0,0,0,0,0,0,0
2024-01-28,Google Ads,Video,Fintech,Australia,193978,5780,0.0298,1.73,9999.4,177,56.49,42071.17,4.21,0.029797193496169667,1.73,56.49378531073446,4.20736944216653,2.8065038303326517e-06,0.0,-0.0037853107344574255,0.002630557833469993,2.9797193496169667,1,1,1,1,0,0,0,0,0,0,0,0,0,0,0,0,0
2024-02-18,Meta Ads,Display,SaaS,Canada,187051,6284,0.0336,2.01,12630.84,493,25.62,94906.46,7.51,0.033595115770565245,2.0100000000000002,25.620365111561867,7.513867644590542,4.884229434752585e-06,-4.440892098500626e-16,-0.0003651115618659162,-0.0038676445905423407,3.3595115770565247,1,1,1,1,0,0,0,0,0,0,0,0,0,0,1,0,0
2024-01-11,Meta Ads,Video,EdTech,UK,152977,5491,0.0359,1.35,7412.85,147,50.43,9232.39,1.25,0.03589428476176157,1.35,50.42755102040817,1.2454575500650895,5.715238238432341e-06,0.0,0.0024489795918327673,0.004542449934910486,3.589428476176157,1,1,1,1,0,0,0,0,0,0,0,0,0,0,0,0,0
2024-05-01,Google Ads,Display,E-commerce,UAE,129447,4310,0.0333,2.7,11637.0,211,55.15,16618.47,1.43,0.033295480003399075,2.7,55.15165876777251,1.4280716679556589,4.519996600928222e-06,0.0,-0.0016587677725112826,0.0019283320443410634,3.3295480003399076,1,1,1,1,0,0,0,0,0,0,0,0,0,0,0,0,0
2024-01-22,Google Ads,Shopping,Fintech,USA,28387,672,0.0237,3.32,2231.04,41,54.42,7232.57,3.24,0.023672807975481734,3.32,54.41560975609756,3.2417930651176134,2.719202451826469e-05,0.0,0.004390243902442137,-0.001793065117613235,2.3672807975481733,1,1,1,1,0,0,0,0,0,0,0,0,0,0,0,0,0
2024-04-27,Meta Ads,Shopping,Fintech,Australia,88986,1308,0.0147,0.75,981.0,80,12.26,21439.34,21.85,0.014698941406513384,0.75,12.2625,21.854576962283385,1.0585934866157165e-06,0.0,-0.0024999999999995026,-0.004576962283383779,1.4698941406513384,1,1,1,1,0,0,0,0,0,0,0,0,0,0,0,1,0
2024-01-10,Google Ads,Video,SaaS,UK,170268,7917,0.0465,3.14,24859.38,98,253.67,22672.12,0.91,0.0464972866304884,3.14,253.66714285714286,0.9120147002861696,2.713369511596342e-06,0.0,0.0028571428571240176,-0.0020147002861695684,4.64972866304884,1,1,1,1,0,0,0,0,0,0,0,1,0,1,0,0,0
2024-01-20,Google Ads,Display,Healthcare,USA,122322,6152,0.0503,1.23,7566.96,155,48.82,10417.89,1.38,0.05029348768005755,1.23,48.81909677419355,1.3767602841828157,6.51231994244772e-06,0.0,0.0009032258064536336,0.0032397158171841856,5.029348768005755,1,1,1,1,0,0,0,0,0,0,0,0,0,0,0,0,0
2024-02-07,Meta Ads,Display,Healthcare,UK,69429,2430,0.035,1.59,3863.7,119,32.47,21584.01,5.59,0.034999783951950914,1.5899999999999999,32.46806722689075,5.586357636462458,2.16048049089812e-07,2.220446049250313e-16,0.0019327731092459999,0.0036423635375415486,3.4999783951950914,1,1,1,1,0,0,0,0,0,0,0,0,0,0,0,0,0
2024-06-07,Meta Ads,Display,SaaS,Canada,196675,4031,0.0205,1.97,7941.07,186,42.69,27686.79,3.49,0.02049574170585992,1.97,42.6939247311828,3.4865314120137465,4.2582941400803875e-06,0.0,-0.003924731182799235,0.003468587986253713,2.0495741705859922,1,1,1,1,0,0,0,0,0,0,0,0,0,0,0,0,0
2024-05-25,Google Ads,Video,E-commerce,Australia,104134,3603,0.0346,3.46,12466.38,234,53.28,14496.48,1.16,0.03459965045038124,3.46,53.275128205128205,1.162845990576254,3.4954961875693913e-07,0.0,0.004871794871796453,-0.0028459905762541204,3.4599650450381243,1,1,1,1,0,0,0,0,0,0,0,0,0,0,0,0,0
2024-12-24,Meta Ads,Display,EdTech,Canada,150544,2890,0.0192,1.7,4913.0,170,28.9,47769.42,9.72,0.019197045382080988,1.7,28.9,9.723065336861389,2.954617919010555e-06,0.0,0.0,-0.0030653368613879906,1.9197045382080988,1,1,1,1,0,0,0,0,0,0,0,0,0,0,0,0,0
2024-10-28,TikTok Ads,Video,SaaS,Canada,75553,3331,0.0441,0.44,1465.64,203,7.22,33301.04,22.72,0.04408825592630339,0.44000000000000006,7.219901477832513,22.72115935700445,1.1744073696612345e-05,-5.551115123125783e-17,9.852216748651443e-05,-0.0011593570044503565,4.408825592630339,1,1,1,1,0,0,0,0,0,0,0,0,0,0,0,1,0
2024-10-23,Meta Ads,Search,EdTech,India,149565,2437,0.0163,0.37,901.69,30,30.06,3133.33,3.47,0.016293919031859058,0.37,30.056333333333335,3.4749525890272706,6.080968140941001e-06,0.0,0.0036666666666640424,-0.00495258902727036,1.6293919031859057,1,1,1,1,0,0,0,0,0,0,0,0,0,0,0,0,0
2024-04-15,Google Ads,Display,SaaS,India,12896,535,0.0415,0.98,524.3,20,26.21,2475.65,4.72,0.04148573200992556,0.9799999999999999,26.214999999999996,4.721819568949075,1.4267990074444403e-05,1.1102230246251565e-16,-0.0049999999999954525,-0.001819568949075645,4.148573200992556,1,1,1,1,0,0,0,0,0,0,0,0,0,0,0,0,0
2024-05-22,TikTok Ads,Display,Fintech,Germany,70428,3310,0.047,1.17,3872.7,164,23.61,25462.93,6.57,0.0469983529278128,1.17,23.6140243902439,6.574981279210887,1.6470721872011151e-06,0.0,-0.004024390243902332,-0.0049812792108863135,4.69983529278128,1,1,1,1,0,0,0,0,0,0,0,0,0,0,0,0,0
2024-06-09,TikTok Ads,Shopping,EdTech,USA,12345,456,0.037,0.62,282.72,21,13.46,5118.94,18.11,0.036938031591737544,0.6200000000000001,13.462857142857144,18.106041312959817,6.196840826245414e-05,-1.1102230246251565e-16,-0.0028571428571435575,0.003958687040181985,3.6938031591737546,1,1,1,1,0,0,0,0,0,0,0,0,0,0,0,1,0
2024-11-25,Meta Ads,Display,SaaS,USA,18140,455,0.0251,1.15,523.25,29,18.04,1746.46,3.34,0.025082690187431093,1.15,18.04310344827586,3.337716196846632,1.7309812568908067e-05,0.0,-0.003103448275862064,0.002283803153368069,2.508269018743109,1,1,1,1,0,0,0,0,0,0,0,0,0,0,0,0,0
2024-02-18,Google Ads,Video,Fintech,Australia,42823,1588,0.0371,2.97,4716.36,33,142.92,3266.45,0.69,0.03708287602456624,2.9699999999999998,142.92,0.6925785987498834,1.7123975433762373e-05,4.440892098500626e-16,0.0,-0.0025785987498834206,3.708287602456624,1,1,1,1,0,0,0,0,0,0,0,0,0,1,0,0,0
2024-01-26,TikTok Ads,Shopping,SaaS,Germany,34118,1470,0.0431,0.85,1249.5,55,22.72,3037.11,2.43,0.043085761181780875,0.85,22.71818181818182,2.4306602641056423,1.423881821912415e-05,0.0,0.0018181818181801646,-0.0006602641056421277,4.308576118178087,1,1,1,1,0,0,0,0,0,0,0,0,0,0,0,0,0
2024-01-08,Meta Ads,Video,EdTech,UK,127775,3871,0.0303,0.76,2941.96,159,18.5,28717.22,9.76,0.030295441205243592,0.76,18.502893081761005,9.761254401827353,4.5587947564082465e-06,0.0,-0.002893081761005334,-0.0012544018273530355,3.0295441205243594,1,1,1,1,0,0,0,0,0,0,0,0,0,0,0,0,0
2024-09-15,Google Ads,Shopping,Fintech,UAE,136354,3736,0.0274,1.16,4333.76,152,28.51,29811.83,6.88,0.02739926954838142,1.1600000000000001,28.511578947368424,6.878975762386473,7.304516185802079e-07,-2.220446049250313e-16,-0.0015789473684222344,0.0010242376135272124,2.739926954838142,1,1,1,1,0,0,0,0,0,0,0,0,0,0,0,0,0
2024-10-28,Google Ads,Shopping,E-commerce,Germany,115454,7227,0.0626,2.46,17778.42,154,115.44,5144.22,0.29,0.06259635872295459,2.46,115.4442857142857,0.28935192216181194,3.6412770454130605e-06,0.0,-0.004285714285700237,0.0006480778381880437,6.259635872295459,1,1,1,1,0,0,0,0,0,0,0,0,0,1,0,0,0
2024-06-02,Meta Ads,Search,EdTech,USA,37994,1379,0.0363,1.06,1461.74,58,25.2,7343.12,5.02,0.03629520450597463,1.06,25.20241379310345,5.023547279269911,4.795494025371105e-06,0.0,-0.0024137931034502458,-0.0035472792699113853,3.6295204505974628,1,1,1,1,0,0,0,0,0,0,0,0,0,0,0,0,0
2024-10-12,Meta Ads,Video,EdTech,Germany,74615,2327,0.0312,1.1,2559.7,129,19.84,25496.94,9.96,0.031186758694632447,1.0999999999999999,19.842635658914727,9.960909481579872,1.3241305367551331e-05,2.220446049250313e-16,-0.002635658914726946,-0.0009094815798711409,3.1186758694632446,1,1,1,1,0,0,0,0,0,0,0,0,0,0,0,0,0
2024-12-15,Google Ads,Search,EdTech,Canada,176790,4490,0.0254,1.49,6690.1,250,26.76,74442.63,11.13,0.025397364104304543,1.49,26.7604,11.127282103406527,2.6358956954561363e-06,0.0,-0.00039999999999906777,0.0027178965934737676,2.5397364104304545,1,1,1,1,0,0,0,0,0,0,0,0,0,0,0,0,0
2024-10-29,Google Ads,Shopping,Fintech,Germany,60077,1994,0.0332,3.11,6201.34,28,221.48,7635.29,1.23,0.03319073855219135,3.11,221.47642857142858,1.2312322820551687,9.261447808647794e-06,0.0,0.003571428571405022,-0.0012322820551686764,3.3190738552191354,1,1,1,1,0,0,0,0,0,0,0,0,0,1,0,0,0
2024-03-31,Meta Ads,Display,Fintech,Canada,151295,2163,0.0143,1.58,3417.54,85,40.21,3173.67,0.93,0.014296572920453419,1.58,40.20635294117647,0.9286416545234292,3.4270795465814186e-06,0.0,0.003647058823531779,0.001358345476570877,1.4296572920453419,1,1,1,1,0,0,0,0,0,0,0,0,0,0,0,0,0
2024-04-19,TikTok Ads,Display,E-commerce,Canada,20282,1740,0.0858,1.25,2175.0,94,23.14,14237.0,6.55,0.08579035598067251,1.25,23.138297872340427,6.5457471264367815,9.644019327487152e-06,0.0,0.0017021276595734491,0.004252873563218351,8.579035598067252,1,1,1,1,0,0,0,0,0,0,0,0,0,0,0,0,0
2024-10-12,Google Ads,Search,Healthcare,Germany,185488,3950,0.0213,1.39,5490.5,289,19.0,75172.15,13.69,0.02129517812473044,1.39,18.998269896193772,13.691312266642381,4.821875269560294e-06,0.0,0.001730103806227845,-0.0013122666423814877,2.129517812473044,1,1,1,1,0,0,0,0,0,0,0,0,0,0,0,0,0
2024-09-11,Meta Ads,Display,E-commerce,Australia,28567,999,0.035,1.69,1688.31,68,24.83,13037.25,7.72,0.03497042041516435,1.69,24.828088235294118,7.722071183609645,2.9579584835653927e-05,0.0,0.0019117647058806142,-0.0020711836096456437,3.497042041516435,1,1,1,1,0,0,0,0,0,0,0,0,0,0,0,0,0
2024-11-19,Google Ads,Search,E-commerce,UAE,96170,5145,0.0535,2.12,10907.4,268,40.7,72622.99,6.66,0.05349901216595612,2.12,40.69925373134328,6.658139428278051,9.878340438765343e-07,0.0,0.000746268656719451,0.0018605717219495332,5.349901216595613,1,1,1,1,0,0,0,0,0,0,0,0,0,0,0,0,0
2024-02-07,Meta Ads,Shopping,Healthcare,Canada,101019,2515,0.0249,1.69,4250.35,72,59.03,11353.12,2.67,0.02489630663538542,1.6900000000000002,59.0326388888889,2.671102379804016,3.6933646145771715e-06,-2.220446049250313e-16,-0.0026388888888959627,-0.0011023798040161736,2.4896306635385423,1,1,1,1,0,0,0,0,0,0,0,0,0,0,0,0,0
2024-03-01,TikTok Ads,Shopping,E-commerce,UK,91795,3800,0.0414,1.22,4636.0,157,29.53,24815.09,5.35,0.041396590228225935,1.22,29.528662420382165,5.352694132873166,3.409771774064152e-06,0.0,0.0013375796178358712,-0.002694132873166666,4.139659022822594,1,1,1,1,0,0,0,0,0,0,0,0,0,0,0,0,0
2024-07-08,Meta Ads,Search,E-commerce,India,22543,333,0.0148,1.49,496.17,12,41.35,642.18,1.29,0.014771769507164086,1.49,41.347500000000004,1.2942741399117237,2.8230492835915055e-05,0.0,0.0024999999999977263,-0.004274139911723651,1.4771769507164085,1,1,1,1,0,0,0,0,0,0,0,0,0,0,0,0,0
2024-02-28,Meta Ads,Shopping,Healthcare,Canada,119598,1064,0.0089,2.0,2128.0,64,33.25,17165.43,8.07,0.008896469840632786,2.0,33.25,8.066461466165414,3.5301593672137227e-06,0.0,0.0,0.003538533834586133,0.8896469840632786,1,1,1,1,0,0,0,0,0,0,0,0,0,0,0,0,0
2024-08-27,Meta Ads,Search,EdTech,UAE,158504,4897,0.0309,0.43,2105.71,255,8.26,54921.72,26.08,0.030895119366072782,0.43,8.257686274509805,26.08228103585014,4.8806339272185195e-06,0.0,0.00231372549019504,-0.0022810358501423877,3.0895119366072783,1,1,1,1,0,0,0,0,0,0,0,0,0,0,0,1,0
2024-03-22,Google Ads,Display,E-commerce,Australia,39542,1209,0.0306,1.85,2236.65,42,53.25,7992.11,3.57,0.03057508472004451,1.85,53.25357142857143,3.573250173250173,2.49152799554897e-05,0.0,-0.0035714285714334437,-0.003250173250173294,3.057508472004451,1,1,1,1,0,0,0,0,0,0,0,0,0,0,0,0,0
2024-07-19,Google Ads,Display,Fintech,India,110848,3181,0.0287,2.45,7793.45,186,41.9,32321.78,4.15,0.02869695438799076,2.4499999999999997,41.9002688172043,4.147300617826508,3.0456120092385575e-06,4.440892098500626e-16,-0.0002688172043008308,0.002699382173492637,2.8696954387990763,1,1,1,1,0,0,0,0,0,0,0,0,0,0,0,0,0
2024-12-22,Meta Ads,Video,Healthcare,Australia,79964,1487,0.0186,1.07,1591.09,22,72.32,3882.65,2.44,0.0185958681406633,1.0699999999999998,72.32227272727272,2.4402453663840515,4.131859336699989e-06,2.220446049250313e-16,-0.0022727272727252057,-0.00024536638405159295,1.8595868140663299,1,1,1,1,0,0,0,0,0,0,0,0,0,0,0,0,0
2024-12-19,TikTok Ads,Display,EdTech,Germany,105127,7747,0.0737,0.88,6817.36,460,14.82,99299.9,14.57,0.07369182036964814,0.88,14.820347826086955,14.565740990647406,8.179630351864975e-06,0.0,-0.0003478260869549388,0.004259009352594489,7.369182036964814,1,1,1,1,0,0,0,0,0,0,0,0,0,0,1,0,0
2024-01-07,Google Ads,Shopping,EdTech,UAE,73803,1505,0.0204,2.12,3190.6,98,32.56,18709.86,5.86,0.02039212498136932,2.12,32.55714285714286,5.864056917194259,7.875018630681269e-06,0.0,0.002857142857145334,-0.004056917194258602,2.039212498136932,1,1,1,1,0,0,0,0,0,0,0,0,0,0,0,0,0
2024-06-24,Google Ads,Shopping,Healthcare,UK,96575,4925,0.051,2.4,11820.0,181,65.3,7335.74,0.62,0.0509966347398395,2.4,65.30386740331491,0.6206209813874788,3.3652601604955423e-06,0.0,-0.003867403314913531,-0.0006209813874787917,5.09966347398395,1,1,1,1,0,0,0,0,0,0,0,0,0,0,0,0,0
2024-02-20,Google Ads,Shopping,Fintech,UK,162489,4500,0.0277,3.03,13635.0,184,74.1,54944.54,4.03,0.027694182375422337,3.03,74.10326086956522,4.029669233590026,5.817624577662134e-06,0.0,-0.0032608695652243114,0.00033076640997453666,2.769418237542234,1,1,1,1,0,0,0,0,0,0,0,0,0,0,0,0,0
2024-05-05,Meta Ads,Search,Healthcare,Canada,76155,3548,0.0466,1.25,4435.0,243,18.25,30659.34,6.91,0.04658919309303394,1.25,18.25102880658436,6.913041713641488,1.0806906966059904e-05,0.0,-0.0010288065843617744,-0.0030417136414877533,4.6589193093033945,1,1,1,1,0,0,0,0,0,0,0,0,0,0,0,0,0
2024-12-06,TikTok Ads,Search,Fintech,UK,180021,13105,0.0728,1.61,21099.05,880,23.98,75656.62,3.59,0.07279706256492298,1.6099999999999999,23.976193181818182,3.5857832461651116,2.937435077024486e-06,2.220446049250313e-16,0.0038068181818182723,0.004216753834888287,7.279706256492298,1,1,1,1,0,0,0,0,1,0,0,1,1,0,0,0,0
2024-04-13,TikTok Ads,Video,EdTech,UK,79965,3070,0.0384,1.02,3131.4,237,13.21,65306.0,20.86,0.03839179641092978,1.02,13.212658227848102,20.85520853292457,8.203589070214512e-06,0.0,-0.0026582278481015464,0.004791467075428102,3.8391796410929784,1,1,1,1,0,0,0,0,0,0,0,0,0,0,0,1,0
2024-05-28,Meta Ads,Search,EdTech,India,49789,622,0.0125,2.08,1293.76,48,26.95,7704.96,5.96,0.012492719275341943,2.08,26.953333333333333,5.95547860499629,7.280724658057652e-06,0.0,-0.0033333333333338544,0.0045213950037101824,1.2492719275341944,1,1,1,1,0,0,0,0,0,0,0,0,0,0,0,0,0
2024-04-11,TikTok Ads,Video,SaaS,Germany,195026,9653,0.0495,1.83,17664.99,371,47.61,94022.57,5.32,0.04949596464061202,1.83,47.6145283018868,5.322537403078066,4.0353593879841054e-06,0.0,-0.004528301886800534,-0.002537403078065381,4.949596464061202,1,1,1,1,0,0,0,0,0,0,0,0,0,0,1,0,0
2024-02-17,TikTok Ads,Shopping,Healthcare,Canada,130438,7721,0.0592,1.6,12353.6,353,35.0,70310.53,5.69,0.05919287324246002,1.6,34.996033994334276,5.691501262789794,7.126757539985262e-06,0.0,0.003966005665724026,-0.0015012627897936781,5.919287324246001,1,1,1,1,0,0,0,0,0,0,0,0,0,0,0,0,0
2024-12-14,TikTok Ads,Shopping,SaaS,India,141917,4796,0.0338,0.66,3165.36,369,8.58,11953.05,3.78,0.033794400952669515,0.66,8.578211382113821,3.7762055500796112,5.599047330481777e-06,0.0,0.0017886178861790114,0.003794449920388576,3.3794400952669514,1,1,1,1,0,0,0,0,0,0,0,0,0,0,0,0,0
2024-11-22,TikTok Ads,Shopping,SaaS,USA,146958,7494,0.051,1.68,12589.92,538,23.4,117826.98,9.36,0.050994161597191036,1.68,23.401338289962826,9.358834686797056,5.838402808960863e-06,0.0,-0.001338289962827588,0.001165313202942997,5.0994161597191034,1,1,1,1,0,0,0,0,0,0,0,0,0,0,1,0,0
2024-09-16,Google Ads,Video,E-commerce,UK,13605,300,0.0221,2.08,624.0,21,29.71,4495.51,7.2,0.022050716648291068,2.08,29.714285714285715,7.204342948717949,4.928335170893347e-05,0.0,-0.004285714285714448,-0.004342948717948936,2.2050716648291067,1,1,1,1,0,0,0,0,0,0,0,0,0,0,0,0,0
2024-05-23,Google Ads,Display,SaaS,Germany,116041,6428,0.0554,1.75,11249.0,74,152.01,13873.48,1.23,0.05539421411397696,1.75,152.01351351351352,1.2333078495866299,5.785886023040865e-06,0.0,-0.003513513513524913,-0.003307849586629885,5.539421411397695,1,1,1,1,0,0,0,0,0,0,0,0,0,1,0,0,0
2024-09-25,TikTok Ads,Search,E-commerce,India,170396,10138,0.0595,1.08,10949.04,494,22.16,99795.18,9.11,0.059496701800511746,1.08,22.164048582995953,9.11451414918568,3.298199488251108e-06,0.0,-0.0040485829959528985,-0.004514149185681049,5.949670180051174,1,1,1,1,0,0,0,0,0,0,0,0,0,0,1,0,0
2024-02-22,Meta Ads,Display,EdTech,India,19743,619,0.0314,1.25,773.75,41,18.87,9219.46,11.92,0.03135288456668186,1.25,18.871951219512194,11.91529563812601,4.7115433318138666e-05,0.0,-0.0019512195121933473,0.004704361873990592,3.135288456668186,1,1,1,1,0,0,0,0,0,0,0,0,0,0,0,0,0
2024-08-28,Google Ads,Search,E-commerce,Australia,94081,5588,0.0594,2.69,15031.72,88,170.81,24757.88,1.65,0.059395627172330226,2.69,170.815,1.6470423876974825,4.372827669775481e-06,0.0,-0.0049999999999954525,0.002957612302517454,5.939562717233023,1,1,1,1,0,0,0,0,0,0,0,0,0,1,0,0,0
2024-06-10,TikTok Ads,Video,Fintech,USA,141643,8526,0.0602,0.46,3921.96,379,10.35,51038.1,13.01,0.06019358528130582,0.46,10.348179419525065,13.013416761007251,6.414718694176813e-06,0.0,0.0018205804749342747,-0.003416761007251523,6.019358528130582,1,1,1,1,0,0,0,0,0,0,0,0,0,0,0,0,0
2024-01-23,Meta Ads,Shopping,SaaS,Australia,90716,3002,0.0331,1.47,4412.94,194,22.75,39560.54,8.96,0.03309228801975396,1.47,22.747113402061853,8.964667545899108,7.711980246037642e-06,0.0,0.002886597938147162,-0.004667545899106784,3.309228801975396,1,1,1,1,0,0,0,0,0,0,0,0,0,0,0,0,0
2024-12-20,Google Ads,Search,EdTech,USA,72055,1678,0.0233,3.17,5319.26,41,129.74,8506.9,1.6,0.02328776628963986,3.17,129.73804878048782,1.599263807371702,1.2233710360142619e-05,0.0,0.0019512195121933473,0.0007361926282980491,2.3287766289639857,1,1,1,1,0,0,0,0,0,0,0,0,0,1,0,0,0
2024-04-18,Meta Ads,Shopping,E-commerce,Germany,112692,2096,0.0186,2.27,4757.92,89,53.46,16587.58,3.49,0.0185993681894012,2.27,53.459775280898874,3.486309143491274,6.318105987973555e-07,0.0,0.0002247191011264249,0.003690856508726359,1.8599368189401202,1,1,1,1,0,0,0,0,0,0,0,0,0,0,0,0,0
2024-11-08,Google Ads,Video,Fintech,UAE,31672,877,0.0277,0.72,631.44,16,39.47,2266.94,3.59,0.027690073250820915,0.7200000000000001,39.465,3.590111491194729,9.926749179083733e-06,-1.1102230246251565e-16,0.0049999999999954525,-0.00011149119472930735,2.7690073250820917,1,1,1,1,0,0,0,0,0,0,0,0,0,0,0,0,0
2024-06-30,Meta Ads,Video,E-commerce,Germany,59131,1425,0.0241,1.04,1482.0,66,22.45,19372.57,13.07,0.024099034347465798,1.04,22.454545454545453,13.071909581646423,9.656525342023603e-07,0.0,-0.004545454545453964,-0.0019095816464229642,2.40990343474658,1,1,1,1,0,0,0,0,0,0,0,0,0,0,0,0,0
2024-06-23,Google Ads,Search,SaaS,Canada,119397,3868,0.0324,1.8,6962.4,193,36.07,35393.3,5.08,0.03239612385570827,1.7999999999999998,36.074611398963725,5.0834913248305185,3.8761442917312205e-06,2.220446049250313e-16,-0.0046113989637248665,-0.003491324830518394,3.2396123855708265,1,1,1,1,0,0,0,0,0,0,0,0,0,0,0,0,0
2024-11-02,Meta Ads,Search,EdTech,Australia,157008,5024,0.032,0.72,3617.28,379,9.54,73104.85,20.21,0.031998369509833896,0.7200000000000001,9.544274406332454,20.209895280431706,1.6304901661046145e-06,-1.1102230246251565e-16,-0.004274406332454461,0.00010471956829505302,3.1998369509833897,1,1,1,1,0,0,0,0,0,0,0,0,0,0,0,1,0
2024-01-04,Meta Ads,Shopping,EdTech,UK,117217,2133,0.0182,1.29,2751.57,129,21.33,25455.36,9.25,0.018197019203699122,1.29,21.330000000000002,9.251212943882946,2.9807963008790517e-06,0.0,-3.552713678800501e-15,-0.001212943882945794,1.819701920369912,1,1,1,1,0,0,0,0,0,0,0,0,0,0,0,0,0
2024-10-27,TikTok Ads,Search,SaaS,Canada,111956,5911,0.0528,1.57,9280.27,253,36.68,68395.54,7.37,0.052797527600128624,1.57,36.68090909090909,7.369994623001269,2.4723998713754858e-06,0.0,-0.0009090909090900823,5.376998730710625e-06,5.279752760012863,1,1,1,1,0,0,0,0,0,0,0,0,0,0,0,0,0
2024-01-05,Meta Ads,Display,SaaS,USA,10939,113,0.0104,1.18,133.34,6,22.22,1684.43,12.63,0.010330011884084469,1.18,22.223333333333333,12.632593370331483,6.998811591553064e-05,0.0,-0.0033333333333338544,-0.0025933703314819923,1.033001188408447,1,1,1,1,0,0,0,0,0,0,0,0,0,0,0,0,0
2024-08-10,TikTok Ads,Display,SaaS,India,72293,4532,0.0627,1.81,8202.92,169,48.54,35145.36,4.28,0.06268933368375915,1.81,48.537988165680474,4.2844938143978,1.0666316240859341e-05,0.0,0.0020118343195250077,-0.0044938143977999445,6.268933368375914,1,1,1,1,0,0,0,0,0,0,0,0,0,0,0,0,0
2024-02-17,Google Ads,Shopping,Fintech,Germany,78402,4531,0.0578,2.75,12460.25,105,118.67,25620.07,2.06,0.05779189306395245,2.75,118.66904761904762,2.0561441383599846,8.10693604754581e-06,0.0,0.0009523809523841464,0.003855861640015501,5.779189306395245,1,1,1,1,0,0,0,0,0,0,0,0,0,1,0,0,0
2024-10-25,TikTok Ads,Display,E-commerce,Canada,160892,9122,0.0567,0.64,5838.08,590,9.9,170654.73,29.23,0.056696417472590306,0.64,9.895050847457627,29.231310636373603,3.5825274096942805e-06,0.0,0.00494915254237327,-0.001310636373602847,5.669641747259031,1,1,1,1,0,0,0,0,0,0,0,0,1,0,1,1,0
2024-03-14,TikTok Ads,Search,EdTech,USA,154092,8860,0.0575,1.17,10366.2,246,42.14,23706.53,2.29,0.05749811800742414,1.1700000000000002,42.139024390243904,2.286906484536281,1.8819925758639666e-06,-2.220446049250313e-16,0.0009756097560966737,0.0030935154637190543,5.749811800742414,1,1,1,1,0,0,0,0,0,0,0,0,0,0,0,0,0
2024-01-10,Meta Ads,Shopping,Healthcare,UAE,73323,1928,0.0263,1.71,3296.88,121,27.25,33634.99,10.2,0.026294614241097608,1.71,27.246942148760333,10.202066802552716,5.385758902392429e-06,0.0,0.0030578512396672863,-0.002066802552716851,2.6294614241097607,1,1,1,1,0,0,0,0,0,0,0,0,0,0,0,0,0
2024-01-17,TikTok Ads,Video,SaaS,India,58521,3318,0.0567,1.85,6138.3,39,157.39,10013.26,1.63,0.05669759573486441,1.85,157.3923076923077,1.6312757603896844,2.4042651355915545e-06,0.0,-0.0023076923077098854,-0.001275760389684466,5.6697595734864406,1,1,1,1,0,0,0,0,0,0,0,0,0,1,0,0,0
2024-10-04,TikTok Ads,Search,SaaS,USA,48361,2713,0.0561,0.87,2360.31,54,43.71,7890.9,3.34,0.05609892268563512,0.87,43.70944444444444,3.343162550681902,1.0773143648765138e-06,0.0,0.0005555555555574188,-0.0031625506819019655,5.609892268563512,1,1,1,1,0,0,0,0,0,0,0,0,0,0,0,0,0
2024-05-11,TikTok Ads,Display,Healthcare,UAE,179870,7500,0.0417,1.44,10800.0,112,96.43,5446.79,0.5,0.04169678100850614,1.44,96.42857142857143,0.5043324074074074,3.218991493858514e-06,0.0,0.0014285714285762197,-0.004332407407407368,4.169678100850614,1,1,1,1,0,0,0,0,0,0,0,0,0,0,0,0,0
2024-10-06,TikTok Ads,Search,E-commerce,Canada,114850,8234,0.0717,1.63,13421.42,245,54.78,35478.84,2.64,0.07169351327818894,1.6300000000000001,54.78130612244898,2.643449053825899,6.486721811055363e-06,-2.220446049250313e-16,-0.001306122448980318,-0.0034490538258986625,7.1693513278188945,1,1,1,1,0,0,0,0,0,0,0,0,0,0,0,0,0
2024-06-17,Google Ads,Display,Healthcare,India,54976,2611,0.0475,1.32,3446.52,187,18.43,8230.48,2.39,0.047493451688009315,1.32,18.430588235294117,2.388055197706672,6.54831199068534e-06,0.0,-0.0005882352941171121,0.0019448022933281628,4.749345168800931,1,1,1,1,0,0,0,0,0,0,0,0,0,0,0,0,0
2024-08-26,Google Ads,Shopping,Fintech,Australia,162636,9237,0.0568,1.41,13024.17,738,17.65,102989.98,7.91,0.056795543422120565,1.41,17.647926829268293,7.907604093005542,4.45657787943865e-06,0.0,0.0020731707317054315,0.00239590699445813,5.6795543422120565,1,1,1,1,0,0,0,0,0,0,0,0,1,0,1,0,0
2024-05-28,Google Ads,Display,Healthcare,India,23375,1175,0.0503,1.42,1668.5,15,111.23,1524.57,0.91,0.05026737967914439,1.42,111.23333333333333,0.9137368894216361,3.262032085561001e-05,0.0,-0.0033333333333303017,-0.0037368894216360804,5.026737967914439,1,1,1,1,0,0,0,0,0,0,0,0,0,0,0,0,0
2024-12-22,Meta Ads,Shopping,E-commerce,Canada,167917,6246,0.0372,0.6,3747.6,413,9.07,25997.62,6.94,0.03719694849240994,0.6,9.07409200968523,6.937138435265236,3.051507590057234e-06,0.0,-0.00409200968523038,0.002861564734764066,3.719694849240994,1,1,1,1,0,0,0,0,0,0,0,0,0,0,0,0,0
2024-09-07,Google Ads,Search,E-commerce,USA,71216,2357,0.0331,3.17,7471.69,179,41.74,29354.19,3.93,0.033096495169624804,3.17,41.74128491620112,3.928721614520945,3.5048303751936127e-06,0.0,-0.0012849162011150383,0.0012783854790550109,3.30964951696248,1,1,1,1,0,0,0,0,0,0,0,0,0,0,0,0,0
2024-12-04,Google Ads,Video,EdTech,Germany,29618,1883,0.0636,2.17,4086.11,90,45.4,26198.96,6.41,0.06357620365993652,2.17,45.40122222222222,6.411711872661284,2.3796340063483856e-05,0.0,-0.0012222222222249002,-0.0017118726612839197,6.357620365993652,1,1,1,1,0,0,0,0,0,0,0,0,0,0,0,0,0
2024-12-01,Google Ads,Search,Healthcare,Canada,136461,3984,0.0292,1.49,5936.16,214,27.74,24710.24,4.16,0.029195154659573064,1.49,27.739065420560745,4.162664079135333,4.84534042693649e-06,0.0,0.0009345794392530138,-0.002664079135333175,2.919515465957306,1,1,1,1,0,0,0,0,0,0,0,0,0,0,0,0,0
2024-07-24,TikTok Ads,Search,Healthcare,Australia,132426,7309,0.0552,0.32,2338.88,171,13.68,24136.13,10.32,0.05519308897044387,0.32,13.67766081871345,10.319524729785197,6.911029556126713e-06,0.0,0.002339181286549419,0.00047527021480320286,5.519308897044387,1,1,1,1,0,0,0,0,0,0,0,0,0,0,0,0,0
2024-11-29,TikTok Ads,Search,E-commerce,Germany,159692,6882,0.0431,0.37,2546.34,523,4.87,106309.31,41.75,0.04309545875810936,0.37,4.868718929254302,41.749848802595096,4.541241890636261e-06,0.0,0.001281070745697832,0.00015119740490376898,4.309545875810937,1,1,1,1,0,0,0,0,0,0,0,0,0,0,1,1,0
2024-09-04,Meta Ads,Video,Fintech,India,27931,608,0.0218,1.52,924.16,10,92.42,1389.72,1.5,0.02176792810855322,1.52,92.416,1.5037655817174516,3.207189144677908e-05,0.0,0.0040000000000048885,-0.0037655817174515605,2.1767928108553223,1,1,1,1,0,0,0,0,0,0,0,0,0,0,0,0,0
2024-08-06,Meta Ads,Display,EdTech,USA,131155,4052,0.0309,1.24,5024.48,209,24.04,15982.2,3.18,0.030894742861499753,1.24,24.040574162679423,3.1808664777250586,5.25713850024756e-06,0.0,-0.0005741626794240062,-0.0008664777250584343,3.0894742861499753,1,1,1,1,0,0,0,0,0,0,0,0,0,0,0,0,0
2024-05-27,TikTok Ads,Shopping,Fintech,USA,66842,2339,0.035,1.4,3274.6,123,26.62,14081.65,4.3,0.03499296849286377,1.4,26.622764227642275,4.3002656813045865,7.031507136233406e-06,0.0,-0.0027642276422739087,-0.0002656813045867068,3.499296849286377,1,1,1,1,0,0,0,0,0,0,0,0,0,0,0,0,0
2024-03-05,Google Ads,Shopping,SaaS,UAE,7642,202,0.0265,3.38,682.76,11,62.07,1542.21,2.26,0.026432870976184245,3.38,62.06909090909091,2.2587878610346244,6.712902381575403e-05,0.0,0.0009090909090900823,0.00121213896537542,2.6432870976184244,1,1,1,1,0,0,0,0,0,0,0,0,0,0,0,0,0
2024-06-12,Google Ads,Shopping,E-commerce,USA,70618,3601,0.051,2.23,8030.23,145,55.38,7976.29,0.99,0.050992664759692996,2.23,55.380896551724135,0.9932828823084769,7.335240307000668e-06,0.0,-0.0008965517241321663,-0.003282882308476953,5.0992664759693,1,1,1,1,0,0,0,0,0,0,0,0,0,0,0,0,0
2024-09-27,Meta Ads,Video,E-commerce,Germany,74212,1528,0.0206,1.46,2230.88,85,26.25,21331.58,9.56,0.02058966204926427,1.46,26.24564705882353,9.56195761313921,1.0337950735728879e-05,0.0,0.0043529411764708925,-0.001957613139209613,2.0589662049264272,1,1,1,1,0,0,0,0,0,0,0,0,0,0,0,0,0
2024-03-09,Google Ads,Shopping,E-commerce,USA,10039,501,0.05,2.29,1147.29,36,31.87,4805.52,4.19,0.04990536906066341,2.29,31.869166666666665,4.188583531626703,9.463093933659295e-05,0.0,0.0008333333333361281,0.0014164683732973415,4.990536906066341,1,1,1,1,0,0,0,0,0,0,0,0,0,0,0,0,0
2024-12-23,Meta Ads,Video,Healthcare,India,102088,4481,0.0439,0.73,3271.13,316,10.35,87569.74,26.77,0.043893503643915054,0.73,10.351677215189873,26.770486039992296,6.4963560849479185e-06,0.0,-0.0016772151898738485,-0.0004860399922961278,4.389350364391506,1,1,1,1,0,0,0,0,0,0,0,0,0,0,1,1,0
2024-09-14,TikTok Ads,Display,Fintech,UAE,25025,1256,0.0502,0.43,540.08,38,14.21,5694.61,10.54,0.05018981018981019,0.43000000000000005,14.21263157894737,10.544011998222484,1.0189810189811799e-05,-5.551115123125783e-17,-0.0026315789473692064,-0.004011998222484436,5.018981018981019,1,1,1,1,0,0,0,0,0,0,0,0,0,0,0,0,0
2024-11-05,Google Ads,Shopping,Healthcare,Canada,36707,943,0.0257,1.31,1235.33,21,58.83,4396.12,3.56,0.02568992290298853,1.3099999999999998,58.82523809523809,3.5586604389110605,1.0077097011469e-05,2.220446049250313e-16,0.004761904761906521,0.0013395610889395115,2.568992290298853,1,1,1,1,0,0,0,0,0,0,0,0,0,0,0,0,0
2024-10-17,TikTok Ads,Search,EdTech,Canada,17356,925,0.0533,0.46,425.5,62,6.86,5476.85,12.87,0.053295690251209955,0.46,6.862903225806452,12.871562867215042,4.3097487900448095e-06,0.0,-0.002903225806451637,-0.0015628672150427292,5.329569025120995,1,1,1,1,0,0,0,0,0,0,0,0,0,0,0,0,0
2024-06-25,TikTok Ads,Search,EdTech,India,86257,4597,0.0533,0.83,3815.51,301,12.68,80903.28,21.2,0.053294225396199726,0.8300000000000001,12.676112956810632,21.203791891516467,5.7746038002737254e-06,-1.1102230246251565e-16,0.0038870431893673896,-0.003791891516467416,5.329422539619973,1,1,1,1,0,0,0,0,0,0,0,0,0,0,0,1,0
2024-11-08,Google Ads,Shopping,Fintech,India,32518,1258,0.0387,2.41,3031.78,12,252.65,2688.72,0.89,0.03868626606802386,2.41,252.64833333333334,0.8868453515756419,1.3733931976137037e-05,0.0,0.0016666666666651508,0.0031546484243580863,3.868626606802386,1,1,1,1,0,0,0,0,0,0,0,0,0,1,0,0,0
2024-07-27,Meta Ads,Display,E-commerce,India,75269,2604,0.0346,0.83,2161.32,70,30.88,3191.14,1.48,0.034595915981346904,0.8300000000000001,30.876,1.4764773379231209,4.084018653094379e-06,-1.1102230246251565e-16,0.003999999999997783,0.003522662076879124,3.4595915981346903,1,1,1,1,0,0,0,0,0,0,0,0,0,0,0,0,0
2024-05-16,Google Ads,Video,EdTech,Canada,20534,993,0.0484,2.87,2849.91,49,58.16,1762.93,0.62,0.04835881951884679,2.8699999999999997,58.161428571428566,0.6185914642918549,4.1180481153209325e-05,4.440892098500626e-16,-0.0014285714285691142,0.0014085357081451422,4.835881951884679,1,1,1,1,0,0,0,0,0,0,0,0,0,0,0,0,0
2024-11-15,TikTok Ads,Shopping,E-commerce,UAE,98500,5614,0.057,0.61,3424.54,220,15.57,7676.57,2.24,0.05699492385786802,0.61,15.566090909090908,2.2416353729259986,5.076142131979489e-06,0.0,0.003909090909091972,-0.0016353729259983574,5.699492385786802,1,1,1,1,0,0,0,0,0,0,0,0,0,0,0,0,0
2024-07-25,TikTok Ads,Search,Fintech,UAE,41468,3354,0.0809,1.11,3722.94,81,45.96,5215.94,1.4,0.08088164367705218,1.11,45.96222222222222,1.4010271452131915,1.8356322947818415e-05,0.0,-0.0022222222222225696,-0.0010271452131915826,8.088164367705218,1,1,1,1,0,0,0,0,0,0,0,0,0,0,0,0,0
2024-05-26,Google Ads,Video,Healthcare,Canada,123696,6531,0.0528,2.58,16849.98,466,36.16,62974.93,3.74,0.052798797050834304,2.58,36.158755364806865,3.7373890058029744,1.2029491656961877e-06,0.0,0.0012446351931316713,0.0026109941970258177,5.27987970508343,1,1,1,1,0,0,0,0,0,0,0,0,0,0,0,0,0
2024-11-08,Meta Ads,Shopping,EdTech,Germany,81848,1694,0.0207,1.29,2185.26,58,37.68,7573.87,3.47,0.020696901573648716,1.29,37.67689655172414,3.4658896424224115,3.098426351284128e-06,0.0,0.0031034482758585114,0.004110357577588708,2.0696901573648714,1,1,1,1,0,0,0,0,0,0,0,0,0,0,0,0,0
2024-02-29,Google Ads,Display,EdTech,Canada,92923,1932,0.0208,3.17,6124.44,32,191.39,1855.78,0.3,0.020791407939907237,3.17,191.38875,0.30301219376792005,8.592060092762338e-06,0.0,0.0012499999999988631,-0.0030121937679200572,2.0791407939907236,1,1,1,1,0,0,0,0,0,0,0,0,0,1,0,0,0
2024-11-09,Google Ads,Shopping,E-commerce,UK,170732,7700,0.0451,0.81,6237.0,434,14.37,53677.08,8.61,0.045099922685846824,0.81,14.370967741935484,8.606233766233766,7.731415317679957e-08,0.0,-0.0009677419354847672,0.00376623376623364,4.509992268584682,1,1,1,1,0,0,0,0,0,0,0,0,0,0,0,0,0
2024-10-03,Google Ads,Display,E-commerce,Australia,86471,4859,0.0562,1.57,7628.63,248,30.76,19852.56,2.6,0.0561922494246626,1.57,30.76060483870968,2.6023755248321128,7.750575337396592e-06,0.0,-0.0006048387096768693,-0.0023755248321126743,5.619224942466261,1,1,1,1,0,0,0,0,0,0,0,0,0,0,0,0,0
2024-10-26,Meta Ads,Display,EdTech,UK,115986,1357,0.0117,1.48,2008.36,79,25.42,8002.44,3.98,0.01169968789336644,1.48,25.422278481012658,3.9845645203051245,3.1210663356019686e-07,0.0,-0.0022784810126559307,-0.004564520305124553,1.169968789336644,1,1,1,1,0,0,0,0,0,0,0,0,0,0,0,0,0
2024-06-21,TikTok Ads,Display,Healthcare,USA,42019,2979,0.0709,1.51,4498.29,234,19.22,56724.23,12.61,0.07089649920274162,1.51,19.22346153846154,12.610176311442794,3.500797258387811e-06,0.0,-0.003461538461539959,-0.0001763114427948409,7.089649920274161,1,1,1,1,0,0,0,0,0,0,0,0,0,0,0,0,0
2024-01-28,TikTok Ads,Shopping,EdTech,USA,34063,1243,0.0365,0.38,472.34,40,11.81,10897.53,23.07,0.036491207468514225,0.38,11.808499999999999,23.07136808231359,8.792531485772581e-06,0.0,0.0015000000000018332,-0.00136808231358998,3.6491207468514224,1,1,1,1,0,0,0,0,0,0,0,0,0,0,0,1,0
2024-04-13,TikTok Ads,Shopping,Healthcare,Australia,107476,4707,0.0438,1.7,8001.9,293,27.31,72605.27,9.07,0.04379582418400387,1.7,27.31023890784983,9.073503792849198,4.17581599612693e-06,0.0,-0.00023890784983038316,-0.0035037928491981063,4.379582418400387,1,1,1,1,0,0,0,0,0,0,0,0,0,0,0,0,0
2024-12-16,TikTok Ads,Search,Fintech,Canada,33302,3007,0.0903,0.28,841.96,95,8.86,3253.81,3.86,0.09029487718455348,0.28,8.862736842105264,3.8645660126371797,5.122815446526041e-06,0.0,-0.002736842105264259,-0.004566012637179817,9.029487718455348,1,1,1,1,0,0,0,0,0,1,0,0,0,0,0,0,0
2024-12-21,Google Ads,Shopping,SaaS,USA,70206,3945,0.0562,3.6,14202.0,248,57.27,37055.99,2.61,0.05619177848047176,3.6,57.266129032258064,2.609209266300521,8.221519528242571e-06,0.0,0.0038709677419390687,0.0007907336994787961,5.619177848047176,1,1,1,1,0,0,0,0,0,0,0,0,0,0,0,0,0
2024-02-17,Meta Ads,Video,E-commerce,Germany,16094,616,0.0383,2.29,1410.64,40,35.27,8923.08,6.33,0.03827513359015782,2.29,35.266000000000005,6.32555435830545,2.4866409842179416e-05,0.0,0.003999999999997783,0.004445641694550417,3.827513359015782,1,1,1,1,0,0,0,0,0,0,0,0,0,0,0,0,0
2024-06-03,Meta Ads,Video,Fintech,UAE,182718,2558,0.014,1.36,3478.88,124,28.06,28756.15,8.27,0.013999715408443613,1.36,28.05548387096774,8.265921790921217,2.8459155638690947e-07,0.0,0.00451612903225751,0.004078209078782535,1.3999715408443614,1,1,1,1,0,0,0,0,0,0,0,0,0,0,0,0,0
2024-08-01,TikTok Ads,Search,EdTech,India,66169,2057,0.0311,1.49,3064.93,136,22.54,39364.99,12.84,0.031087064939775425,1.49,22.53625,12.843683216256162,1.2935060224573969e-05,0.0,0.003750000000000142,-0.0036832162561619697,3.1087064939775426,1,1,1,1,0,0,0,0,0,0,0,0,0,0,0,0,0
2024-01-13,Meta Ads,Shopping,SaaS,India,24404,710,0.0291,0.61,433.1,10,43.31,923.15,2.13,0.02909359121455499,0.61,43.31,2.131493881320711,6.408785445010529e-06,0.0,0.0,-0.0014938813207110435,2.9093591214554992,1,1,1,1,0,0,0,0,0,0,0,0,0,0,0,0,0
2024-05-23,TikTok Ads,Shopping,EdTech,Australia,30517,2575,0.0844,0.8,2060.0,205,10.05,7811.94,3.79,0.084379198479536,0.8,10.048780487804878,3.7922038834951453,2.0801520464006074e-05,0.0,0.0012195121951226184,-0.00220388349514522,8.4379198479536,1,1,1,1,0,0,0,0,0,0,0,0,0,0,0,0,0
2024-04-04,TikTok Ads,Video,E-commerce,Australia,145148,5762,0.0397,1.49,8585.38,213,40.31,10475.22,1.22,0.03969741229641469,1.4899999999999998,40.30694835680751,1.2201230463881623,2.587703585306411e-06,2.220446049250313e-16,0.0030516431924922927,-0.00012304638816229563,3.9697412296414694,1,1,1,1,0,0,0,0,0,0,0,0,0,0,0,0,0
2024-02-19,Google Ads,Display,Fintech,Germany,37101,2166,0.0584,2.95,6389.7,45,141.99,3868.37,0.61,0.05838117570954961,2.9499999999999997,141.99333333333334,0.6054071396153184,1.882429045039352e-05,4.440892098500626e-16,-0.0033333333333303017,0.004592860384681541,5.838117570954961,1,1,1,1,0,0,0,0,0,0,0,0,0,1,0,0,0
2024-02-08,Meta Ads,Search,EdTech,UK,151480,2514,0.0166,2.06,5178.84,72,71.93,4076.45,0.79,0.016596250330076577,2.06,71.92833333333334,0.787135729236663,3.749669923423099e-06,0.0,0.0016666666666651508,0.0028642707633370623,1.6596250330076576,1,1,1,1,0,0,0,0,0,0,0,0,0,0,0,0,0
2024-04-05,TikTok Ads,Video,EdTech,India,159813,7575,0.0474,0.9,6817.5,319,21.37,35965.7,5.28,0.047399147753937415,0.9,21.371473354231973,5.275496883021635,8.522460625826067e-07,0.0,-0.001473354231972479,0.004503116978365362,4.739914775393742,1,1,1,1,0,0,0,0,0,0,0,0,0,0,0,0,0
2024-09-21,TikTok Ads,Display,Healthcare,UK,135956,11529,0.0848,0.5,5764.5,732,7.88,207824.45,36.05,0.08479949395392627,0.5,7.875,36.05246769017261,5.060460737255079e-07,0.0,0.004999999999999893,-0.002467690172615278,8.479949395392627,1,1,1,1,0,0,0,0,0,0,0,0,1,0,1,1,0
2024-07-26,Google Ads,Search,SaaS,UAE,70982,2548,0.0359,2.88,7338.24,117,62.72,32045.18,4.37,0.0358964244456341,2.88,62.72,4.366875436071865,3.575554365899125e-06,0.0,0.0,0.0031245639281349824,3.58964244456341,1,1,1,1,0,0,0,0,0,0,0,0,0,0,0,0,0
2024-03-17,TikTok Ads,Search,Healthcare,India,132992,7926,0.0596,0.64,5072.64,553,9.17,41271.28,8.14,0.0595975697786333,0.64,9.172947558770344,8.136055387332828,2.430221366700458e-06,0.0,-0.0029475587703444717,0.00394461266717272,5.95975697786333,1,1,1,1,0,0,0,0,0,0,0,0,1,0,0,0,0
2024-08-13,TikTok Ads,Video,Healthcare,India,13597,747,0.055,1.91,1426.77,25,57.07,5673.88,3.98,0.05493858939471943,1.91,57.0708,3.97673065735893,6.141060528057352e-05,0.0,-0.0007999999999981355,0.00326934264107015,5.493858939471942,1,1,1,1,0,0,0,0,0,0,0,0,0,0,0,0,0
2024-05-06,Meta Ads,Search,EdTech,USA,199472,5286,0.0265,1.32,6977.52,192,36.34,17789.77,2.55,0.02649995989412048,1.32,36.34125,2.5495835196459486,4.01058795201914e-08,0.0,-0.0012499999999988631,0.0004164803540511741,2.649995989412048,1,1,1,1,0,0,0,0,0,0,0,0,0,0,0,0,0
2024-02-27,Google Ads,Search,Healthcare,USA,108751,5459,0.0502,1.43,7806.37,345,22.63,24740.95,3.17,0.05019723956561319,1.43,22.627159420289853,3.1693283818215128,2.76043438680873e-06,0.0,0.0028405797101456187,0.0006716181784871544,5.019723956561319,1,1,1,1,0,0,0,0,0,0,0,0,0,0,0,0,0
2024-12-24,Meta Ads,Display,E-commerce,India,175591,5864,0.0334,0.44,2580.16,333,7.75,52097.57,20.19,0.03339578907802792,0.44,7.7482282282282275,20.191604396626566,4.210921972079562e-06,0.0,0.0017717717717724568,-0.0016043966265648635,3.339578907802792,1,1,1,1,0,0,0,0,0,0,0,0,0,0,0,1,0
2024-11-08,TikTok Ads,Search,EdTech,India,36027,2770,0.0769,1.08,2991.6,205,14.59,16618.85,5.56,0.0768867793599245,1.08,14.593170731707316,5.555171145875117,1.3220640075500834e-05,0.0,-0.0031707317073159658,0.004828854124882653,7.68867793599245,1,1,1,1,0,0,0,0,0,0,0,0,0,0,0,0,0
2024-08-19,TikTok Ads,Shopping,E-commerce,Canada,57265,2302,0.0402,1.3,2992.6,85,35.21,4068.49,1.36,0.04019907447830263,1.3,35.20705882352941,1.3595168081267126,9.255216973716451e-07,0.0,0.0029411764705926657,0.0004831918732874918,4.0199074478302625,1,1,1,1,0,0,0,0,0,0,0,0,0,0,0,0,0
2024-07-18,Google Ads,Shopping,Fintech,India,161904,4727,0.0292,1.64,7752.28,263,29.48,21545.93,2.78,0.029196313865006422,1.64,29.47634980988593,2.7793023471804426,3.6861349935780885e-06,0.0,0.003650190114068863,0.0006976528195572484,2.919631386500642,1,1,1,1,0,0,0,0,0,0,0,0,0,0,0,0,0
2024-08-31,Google Ads,Display,Healthcare,Canada,49757,1243,0.025,3.14,3903.02,39,100.08,4749.9,1.22,0.02498140965090339,3.14,100.07743589743589,1.2169806969987342,1.8590349096611614e-05,0.0,0.002564102564107884,0.0030193030012657385,2.498140965090339,1,1,1,1,0,0,0,0,0,0,0,0,0,0,0,0,0
2024-07-28,Google Ads,Video,EdTech,USA,168623,6896,0.0409,1.42,9792.32,200,48.96,24436.96,2.5,0.04089596318414451,1.42,48.9616,2.49552302212346,4.036815855486264e-06,0.0,-0.001599999999996271,0.004476977876540111,4.0895963184144515,1,1,1,1,0,0,0,0,0,0,0,0,0,0,0,0,0
2024-09-06,Meta Ads,Video,SaaS,Canada,98079,3226,0.0329,2.18,7032.68,44,159.83,1401.71,0.2,0.03289185248626107,2.18,159.83363636363637,0.19931377511844703,8.147513738926415e-06,0.0,-0.003636363636360329,0.0006862248815529826,3.289185248626107,1,1,1,1,0,0,0,0,0,0,0,0,0,1,0,0,0
2024-06-23,Google Ads,Search,EdTech,UK,11305,562,0.0498,1.72,966.64,42,23.02,8107.06,8.39,0.0497125165855816,1.72,23.015238095238097,8.386845154349086,8.748341441839474e-05,0.0,0.004761904761902969,0.0031548456509149503,4.9712516585581605,1,1,1,1,0,0,0,0,0,0,0,0,0,0,0,0,0
2024-10-20,TikTok Ads,Shopping,Healthcare,India,109188,6354,0.0582,1.26,8006.04,216,37.06,49228.57,6.15,0.05819320804484009,1.26,37.065,6.148928808749394,6.791955159908547e-06,0.0,-0.0049999999999954525,0.0010711912506060628,5.8193208044840095,1,1,1,1,0,0,0,0,0,0,0,0,0,0,0,0,0
2024-08-14,Meta Ads,Display,Healthcare,Germany,73309,2323,0.0317,0.6,1393.8,39,35.74,1966.71,1.41,0.031687787311244185,0.6,35.738461538461536,1.411041756349548,1.2212688755813828e-05,0.0,0.0015384615384661515,-0.001041756349548173,3.1687787311244184,1,1,1,1,0,0,0,0,0,0,0,0,0,0,0,0,0
2024-12-14,Google Ads,Video,Healthcare,India,81996,1508,0.0184,2.33,3513.64,75,46.85,8251.24,2.35,0.018391141031269816,2.33,46.84853333333333,2.34834530572284,8.858968730183353e-06,0.0,0.0014666666666727224,0.0016546942771600293,1.8391141031269815,1,1,1,1,0,0,0,0,0,0,0,0,0,0,0,0,0
2024-04-03,TikTok Ads,Display,EdTech,UK,122192,4398,0.036,0.99,4354.02,348,12.51,64414.08,14.79,0.035992536336257694,0.9900000000000001,12.511551724137933,14.794162635908883,7.463663742303395e-06,-1.1102230246251565e-16,-0.0015517241379328084,-0.004162635908883772,3.599253633625769,1,1,1,1,0,0,0,0,0,0,0,0,0,0,0,0,0
2024-11-30,Google Ads,Display,SaaS,UAE,79960,1591,0.0199,1.03,1638.73,55,29.8,15206.45,9.28,0.01989744872436218,1.03,29.79509090909091,9.27941149548736,2.5512756378215373e-06,0.0,0.004909090909091418,0.0005885045126401423,1.989744872436218,1,1,1,1,0,0,0,0,0,0,0,0,0,0,0,0,0
2024-11-05,Meta Ads,Display,Healthcare,Australia,188804,5267,0.0279,2.1,11060.7,64,172.82,10138.3,0.92,0.027896654731891273,2.1,172.8234375,0.9166056397877167,3.345268108728011e-06,0.0,-0.00343750000001819,0.0033943602122833427,2.7896654731891273,1,1,1,1,0,0,0,0,0,0,0,0,0,1,0,0,0
2024-05-25,Meta Ads,Display,Fintech,UK,80139,2436,0.0304,1.58,3848.88,37,104.02,4653.12,1.21,0.030397184891251452,1.58,104.02378378378378,1.2089542931969819,2.815108748548123e-06,0.0,-0.003783783783788408,0.001045706803018076,3.039718489125145,1,1,1,1,0,0,0,0,0,0,0,0,0,0,0,0,0
2024-12-25,Meta Ads,Shopping,SaaS,Germany,51999,930,0.0179,1.2,1116.0,13,85.85,1777.36,1.59,0.017884959326140887,1.2,85.84615384615384,1.5926164874551971,1.5040673859111758e-05,0.0,0.0038461538461547207,-0.0026164874551970474,1.7884959326140888,1,1,1,1,0,0,0,0,0,0,0,0,0,0,0,0,0
2024-12-11,Google Ads,Video,EdTech,India,119527,6597,0.0552,3.1,20450.7,497,41.15,137884.47,6.74,0.05519255063709455,3.1,41.148289738430584,6.7422860831169595,7.449362905448398e-06,0.0,0.0017102615694142287,-0.0022860831169593254,5.519255063709455,1,1,1,1,0,0,0,0,0,0,0,1,0,0,1,0,0
2024-08-17,Meta Ads,Search,Fintech,India,194073,6346,0.0327,1.8,11422.8,168,67.99,9921.38,0.87,0.032699035929779,1.7999999999999998,67.99285714285713,0.868559372483104,9.64070221001756e-07,2.220446049250313e-16,-0.0028571428571382285,0.001440627516895998,3.2699035929779,1,1,1,1,0,0,0,0,0,0,0,0,0,0,0,0,0
2024-09-27,TikTok Ads,Display,SaaS,UK,55599,3697,0.0665,1.64,6063.08,217,27.94,25513.42,4.21,0.06649400169067789,1.64,27.940460829493087,4.207996595789599,5.998309322116646e-06,0.0,-0.0004608294930861234,0.0020034042104013494,6.649400169067789,1,1,1,1,0,0,0,0,0,0,0,0,0,0,0,0,0
2024-10-17,Google Ads,Video,Healthcare,India,176541,4378,0.0248,2.87,12564.86,175,71.8,19637.27,1.56,0.02479877195665596,2.87,71.7992,1.5628721688900633,1.2280433440391147e-06,0.0,0.0007999999999981355,-0.0028721688900632536,2.479877195665596,1,1,1,1,0,0,0,0,0,0,0,0,0,0,0,0,0
2024-06-23,Google Ads,Display,Fintech,UAE,118710,4036,0.034,2.48,10009.28,235,42.59,28657.57,2.86,0.03399882065537865,2.48,42.59268085106383,2.8631000431599474,1.1793446213492764e-06,0.0,-0.0026808510638289818,-0.0031000431599474965,3.399882065537865,1,1,1,1,0,0,0,0,0,0,0,0,0,0,0,0,0
2024-02-17,TikTok Ads,Search,Fintech,Germany,113297,9675,0.0854,1.81,17511.75,380,46.08,16593.87,0.95,0.08539502369877403,1.81,46.08355263157895,0.9475849072765429,4.9763012259784745e-06,0.0,-0.003552631578948251,0.0024150927234570796,8.539502369877402,1,1,1,1,0,0,0,0,0,0,0,0,0,0,0,0,0
2024-07-05,Google Ads,Search,Fintech,UK,6881,357,0.052,2.29,817.53,5,163.51,872.75,1.07,0.05188199389623601,2.29,163.506,1.0675449218988906,0.00011800610376398735,0.0,0.003999999999990678,0.0024550781011094536,5.188199389623601,1,1,1,1,0,0,0,0,0,0,0,0,0,1,0,0,0
2024-05-20,Meta Ads,Shopping,EdTech,Germany,121477,1834,0.0151,0.49,898.66,98,9.17,10542.66,11.73,0.015097508170270916,0.49,9.17,11.731533616718226,2.4918297290843494e-06,0.0,0.0,-0.0015336167182251614,1.5097508170270917,1,1,1,1,0,0,0,0,0,0,0,0,0,0,0,0,0
2024-06-28,Google Ads,Display,SaaS,Australia,188419,10231,0.0543,2.15,21996.65,754,29.17,134062.71,6.09,0.05429919487949729,2.1500000000000004,29.173275862068966,6.094687600157296,8.051205027115316e-07,-4.440892098500626e-16,-0.0032758620689641305,-0.004687600157295968,5.429919487949729,1,1,1,1,0,0,0,0,0,0,0,1,1,0,1,0,0
2024-08-11,Meta Ads,Video,EdTech,UK,46743,1523,0.0326,0.8,1218.4,51,23.89,5825.03,4.78,0.03258241875788888,0.8,23.890196078431373,4.780884766907419,1.75812421111185e-05,0.0,-0.0001960784313723707,-0.000884766907418566,3.258241875788888,1,1,1,1,0,0,0,0,0,0,0,0,0,0,0,0,0
2024-03-10,Google Ads,Video,Fintech,India,93302,4058,0.0435,0.81,3286.98,50,65.74,14861.71,4.52,0.04349317270798054,0.81,65.7396,4.521387413370327,6.827292019458142e-06,0.0,0.00039999999999906777,-0.0013874133703275504,4.349317270798054,1,1,1,1,0,0,0,0,0,0,0,0,0,0,0,0,0
2024-05-14,Google Ads,Search,SaaS,Australia,140747,8571,0.0609,3.25,27855.75,332,83.9,48279.89,1.73,0.060896502234505885,3.25,83.90286144578313,1.7332109169561043,3.4977654941176217e-06,0.0,-0.002861445783125305,-0.003210916956104315,6.0896502234505885,1,1,1,1,0,0,0,0,0,0,0,1,0,0,0,0,0
2024-04-16,Google Ads,Search,Healthcare,Australia,36831,1572,0.0427,3.45,5423.4,48,112.99,4165.73,0.77,0.04268143683310255,3.4499999999999997,112.9875,0.7681030349964967,1.856316689745341e-05,4.440892098500626e-16,0.0024999999999977263,0.001896965003503337,4.268143683310255,1,1,1,1,0,0,0,0,0,0,0,0,0,1,0,0,0
2024-04-17,TikTok Ads,Display,SaaS,Germany,146842,10646,0.0725,1.23,13094.58,615,21.29,113988.39,8.71,0.07249969354816742,1.23,21.292,8.705005429727414,3.064518325768262e-07,0.0,-0.0020000000000024443,0.004994570272586429,7.249969354816741,1,1,1,1,0,0,0,0,0,0,0,0,1,0,1,0,0
2024-04-05,Meta Ads,Display,EdTech,USA,69892,2851,0.0408,0.78,2223.78,52,42.77,11407.42,5.13,0.04079150689635438,0.78,42.765,5.129743050121864,8.49310364562511e-06,0.0,0.005000000000002558,0.00025694987813551506,4.079150689635438,1,1,1,1,0,0,0,0,0,0,0,0,0,0,0,0,0
2024-03-29,Google Ads,Shopping,SaaS,UK,118985,4545,0.0382,3.23,14680.35,259,56.68,58417.12,3.98,0.03819809219649536,3.23,56.680888030888035,3.979272973737002,1.907803504640204e-06,0.0,-0.0008880308880350185,0.0007270262629979207,3.8198092196495357,1,1,1,1,0,0,0,0,0,0,0,0,0,0,0,0,0
2024-07-12,Meta Ads,Display,E-commerce,India,12452,280,0.0225,1.23,344.4,18,19.13,4734.22,13.75,0.0224863475746868,1.23,19.133333333333333,13.746283391405344,1.3652425313200739e-05,0.0,-0.0033333333333338544,0.003716608594656279,2.24863475746868,1,1,1,1,0,0,0,0,0,0,0,0,0,0,0,0,0
2024-01-22,Google Ads,Display,EdTech,UAE,85077,4032,0.0474,2.84,11450.88,253,45.26,13168.69,1.15,0.047392362213054054,2.84,45.26039525691699,1.15001554465683,7.637786945943748e-06,0.0,-0.000395256916995379,-1.5544656830179804e-05,4.739236221305405,1,1,1,1,0,0,0,0,0,0,0,0,0,0,0,0,0
2024-08-18,TikTok Ads,Search,Fintech,India,39782,3393,0.0853,1.71,5802.03,143,40.57,23555.27,4.06,0.08528982957116284,1.71,40.57363636363636,4.059832506898448,1.0170428837164014e-05,0.0,-0.003636363636360329,0.00016749310155184105,8.528982957116284,1,1,1,1,0,0,0,0,0,0,0,0,0,0,0,0,0
2024-04-13,Google Ads,Video,EdTech,Australia,192135,10663,0.0555,1.78,18980.14,741,25.61,213823.36,11.27,0.05549743669815494,1.78,25.61422402159244,11.265636607527657,2.5633018450599288e-06,0.0,-0.004224021592442284,0.004363392472342298,5.549743669815494,1,1,1,1,0,0,0,0,0,0,0,1,1,0,1,0,0
2024-04-04,Meta Ads,Search,Healthcare,India,156317,5924,0.0379,0.71,4206.04,464,9.06,64623.96,15.36,0.03789734961648445,0.71,9.064741379310345,15.36456144021455,2.6503835155525235e-06,0.0,-0.004741379310344129,-0.004561440214549961,3.789734961648445,1,1,1,1,0,0,0,0,0,0,0,0,0,0,0,0,0
2024-02-15,Google Ads,Shopping,Fintech,Germany,39754,2007,0.0505,2.33,4676.31,108,43.3,6981.98,1.49,0.0504854857372843,2.33,43.29916666666667,1.493053283464954,1.4514262715703552e-05,0.0,0.00083333333332547,-0.0030532834649539264,5.04854857372843,1,1,1,1,0,0,0,0,0,0,0,0,0,0,0,0,0
2024-10-02,Meta Ads,Shopping,EdTech,UAE,84526,2214,0.0262,0.44,974.16,117,8.33,30360.22,31.17,0.026193124009180606,0.44,8.326153846153845,31.16553748870822,6.875990819395217e-06,0.0,0.0038461538461547207,0.0044625112917806575,2.6193124009180604,1,1,1,1,0,0,0,0,0,0,0,0,0,0,0,1,0
2024-08-27,Google Ads,Shopping,SaaS,UK,159226,5206,0.0327,0.97,5049.82,137,36.86,27701.27,5.49,0.03269566528079585,0.97,36.86,5.485595526177171,4.3347192041492955e-06,0.0,0.0,0.004404473822829047,3.269566528079585,1,1,1,1,0,0,0,0,0,0,0,0,0,0,0,0,0
2024-10-01,TikTok Ads,Display,SaaS,Canada,178503,9639,0.054,0.56,5397.84,146,36.97,40162.93,7.44,0.05399909245222769,0.56,36.97150684931507,7.440555851970418,9.075477723080594e-07,0.0,-0.001506849315070724,-0.0005558519704171871,5.399909245222769,1,1,1,1,0,0,0,0,0,0,0,0,0,0,0,0,0
2024-05-19,TikTok Ads,Shopping,SaaS,India,176946,13784,0.0779,0.86,11854.24,743,15.95,208986.19,17.63,0.07789947215534683,0.86,15.954562584118438,17.629657405282835,5.2784465316702e-07,0.0,-0.004562584118438906,0.0003425947171642463,7.789947215534683,1,1,1,1,0,0,0,0,1,0,0,0,1,0,1,1,0
2024-08-02,Meta Ads,Display,Fintech,Germany,163124,4273,0.0262,0.91,3888.43,239,16.27,71554.77,18.4,0.026194796596454233,0.9099999999999999,16.269581589958158,18.401969432393024,5.203403545768481e-06,1.1102230246251565e-16,0.00041841004184206554,-0.001969432393025272,2.6194796596454233,1,1,1,1,0,0,0,0,0,0,0,0,0,0,0,1,0
2024-06-21,Meta Ads,Display,EdTech,UAE,150486,6230,0.0414,1.21,7538.3,243,31.02,55217.61,7.32,0.04139919992557447,1.21,31.021810699588478,7.324941963042065,8.000744255304282e-07,0.0,-0.0018106995884785704,-0.004941963042064401,4.139919992557447,1,1,1,1,0,0,0,0,0,0,0,0,0,0,0,0,0
2024-05-17,Google Ads,Search,E-commerce,UK,88384,3641,0.0412,1.22,4442.02,89,49.91,4077.32,0.92,0.041195238957277336,1.2200000000000002,49.91033707865169,0.917897713202552,4.7610427226646435e-06,-2.220446049250313e-16,-0.0003370786516967428,0.002102286797448061,4.119523895727734,1,1,1,1,0,0,0,0,0,0,0,0,0,0,0,0,0
2024-07-07,Meta Ads,Display,SaaS,USA,74922,1333,0.0178,1.32,1759.56,95,18.52,17171.74,9.76,0.01779183684365073,1.32,18.521684210526317,9.759110232103481,8.163156349268869e-06,0.0,-0.0016842105263172868,0.0008897678965187339,1.779183684365073,1,1,1,1,0,0,0,0,0,0,0,0,0,0,0,0,0
2024-01-17,TikTok Ads,Video,EdTech,UAE,188846,12671,0.0671,1.37,17359.27,821,21.14,86047.94,4.96,0.06709699967169017,1.37,21.144056029232644,4.956887011953843,3.0003283098406497e-06,0.0,-0.0040560292326432545,0.003112988046156673,6.7096999671690165,1,1,1,1,0,0,0,0,1,0,0,0,1,0,0,0,0
2024-03-27,TikTok Ads,Search,SaaS,UK,10209,314,0.0308,1.79,562.06,13,43.24,3231.96,5.75,0.030757175041629933,1.7899999999999998,43.23538461538461,5.750204604490625,4.282495837006767e-05,2.220446049250313e-16,0.004615384615391349,-0.00020460449062476016,3.075717504162993,1,1,1,1,0,0,0,0,0,0,0,0,0,0,0,0,0
2024-11-27,TikTok Ads,Video,E-commerce,India,31140,1712,0.055,1.34,2294.08,63,36.41,5569.82,2.43,0.05497752087347463,1.3399999999999999,36.41396825396825,2.4279100990375224,2.2479126525372373e-05,2.220446049250313e-16,-0.003968253968253066,0.002089900962477742,5.497752087347463,1,1,1,1,0,0,0,0,0,0,0,0,0,0,0,0,0
2024-03-08,Meta Ads,Video,SaaS,Canada,46850,983,0.021,1.58,1553.14,38,40.87,10968.52,7.06,0.020981856990394877,1.58,40.8721052631579,7.062157950989608,1.8143009605123966e-05,0.0,-0.0021052631579010495,-0.0021579509896083593,2.0981856990394876,1,1,1,1,0,0,0,0,0,0,0,0,0,0,0,0,0
2024-04-28,Meta Ads,Shopping,EdTech,Canada,17720,287,0.0162,1.41,404.67,4,101.17,597.18,1.48,0.016196388261851016,1.4100000000000001,101.1675,1.4757209578174808,3.6117381489834954e-06,-2.220446049250313e-16,0.0024999999999977263,0.004279042182519177,1.6196388261851016,1,1,1,1,0,0,0,0,0,0,0,0,0,0,0,0,0
2024-01-29,Google Ads,Video,SaaS,Germany,16781,684,0.0408,1.3,889.2,8,111.15,1435.11,1.61,0.04076038376735594,1.3,111.15,1.6139338731443993,3.9616232644063e-05,0.0,0.0,-0.0039338731443991914,4.076038376735594,1,1,1,1,0,0,0,0,0,0,0,0,0,0,0,0,0
2024-11-29,Meta Ads,Video,E-commerce,Germany,61652,2614,0.0424,1.28,3345.92,133,25.16,20303.14,6.07,0.04239927334068643,1.28,25.157293233082708,6.0680291220351945,7.266593135685229e-07,0.0,0.0027067669172922137,0.001970877964805773,4.239927334068643,1,1,1,1,0,0,0,0,0,0,0,0,0,0,0,0,0
2024-07-06,Meta Ads,Display,EdTech,USA,194933,4054,0.0208,2.03,8229.62,197,41.77,9992.76,1.21,0.02079688918756701,2.0300000000000002,41.77472081218274,1.2142431849830246,3.1108124329895515e-06,-4.440892098500626e-16,-0.004720812182739564,-0.004243184983024673,2.079688918756701,1,1,1,1,0,0,0,0,0,0,0,0,0,0,0,0,0
2024-02-25,Google Ads,Search,EdTech,Canada,100386,5250,0.0523,0.98,5145.0,254,20.26,73673.45,14.32,0.05229812922120614,0.98,20.255905511811022,14.319426627793975,1.870778793856831e-06,0.0,0.004094488188979284,0.0005733722060252688,5.229812922120614,1,1,1,1,0,0,0,0,0,0,0,0,0,0,0,0,0
2024-01-25,Google Ads,Search,Healthcare,UAE,50203,1390,0.0277,1.95,2710.5,47,57.67,11338.98,4.18,0.027687588391132004,1.95,57.670212765957444,4.183353624792473,1.2411608867994584e-05,0.0,-0.00021276595744268434,-0.0033536247924734752,2.7687588391132003,1,1,1,1,0,0,0,0,0,0,0,0,0,0,0,0,0
2024-01-14,TikTok Ads,Search,SaaS,India,85428,5134,0.0601,0.86,4415.24,202,21.86,37603.74,8.52,0.06009739195579904,0.86,21.857623762376235,8.51680542847048,2.6080442009634996e-06,0.0,0.0023762376237641547,0.0031945715295194077,6.009739195579904,1,1,1,1,0,0,0,0,0,0,0,0,0,0,0,0,0
2024-05-05,TikTok Ads,Video,EdTech,UAE,192428,9967,0.0518,1.6,15947.2,570,27.98,78044.55,4.89,0.051795996424636746,1.6,27.977543859649124,4.893934358382663,4.003575363252521e-06,0.0,0.002456140350876268,-0.003934358382663206,5.179599642463675,1,1,1,1,0,0,0,0,0,0,0,0,1,0,0,0,0
2024-08-19,Google Ads,Shopping,Healthcare,UK,33756,2150,0.0637,2.17,4665.5,108,43.2,7948.11,1.7,0.06369238061381681,2.17,43.199074074074076,1.7035923266530917,7.619386183196908e-06,0.0,0.0009259259259266628,-0.0035923266530917264,6.369238061381681,1,1,1,1,0,0,0,0,0,0,0,0,0,0,0,0,0
2024-03-28,Meta Ads,Video,Fintech,UAE,103162,1485,0.0144,0.97,1440.45,35,41.16,5899.5,4.1,0.014394835307574495,0.9700000000000001,41.15571428571429,4.095595126522961,5.164692425504297e-06,-1.1102230246251565e-16,0.004285714285707343,0.004404873477038329,1.4394835307574496,1,1,1,1,0,0,0,0,0,0,0,0,0,0,0,0,0
2024-09-02,Google Ads,Search,EdTech,UAE,142844,2971,0.0208,1.69,5020.99,95,52.85,5534.94,1.1,0.020798913500042003,1.69,52.85252631578947,1.1023602914962984,1.0864999579959789e-06,0.0,-0.0025263157894670485,-0.00236029149629835,2.0798913500042002,1,1,1,1,0,0,0,0,0,0,0,0,0,0,0,0,0
2024-05-31,Google Ads,Search,Fintech,USA,50201,2198,0.0438,2.25,4945.5,112,44.16,12918.19,2.61,0.0437839883667656,2.25,44.15625,2.6121099989889798,1.6011633234398748e-05,0.0,0.0037499999999965894,-0.0021099989889799,4.37839883667656,1,1,1,1,0,0,0,0,0,0,0,0,0,0,0,0,0
2024-01-16,Meta Ads,Video,Fintech,USA,143421,3542,0.0247,0.86,3046.12,181,16.83,26273.04,8.63,0.024696522824412044,0.86,16.82939226519337,8.625083713051358,3.4771755879556276e-06,0.0,0.0006077348066284571,0.004916286948642323,2.4696522824412046,1,1,1,1,0,0,0,0,0,0,0,0,0,0,0,0,0
2024-10-13,Meta Ads,Shopping,Fintech,Australia,71537,1809,0.0253,1.65,2984.85,57,52.37,6227.5,2.09,0.025287613402854466,1.65,52.36578947368421,2.0863694993048227,1.2386597145534056e-05,0.0,0.004210526315787888,0.003630500695177119,2.5287613402854467,1,1,1,1,0,0,0,0,0,0,0,0,0,0,0,0,0
2024-11-03,Google Ads,Video,Fintech,USA,198604,8162,0.0411,3.1,25302.2,584,43.33,25281.15,1.0,0.04109685605526576,3.1,43.32568493150685,0.9991680565326335,3.1439447342393456e-06,0.0,0.004315068493148999,0.0008319434673664805,4.109685605526576,1,1,1,1,0,0,0,0,0,0,0,1,1,0,0,0,0
2024-04-08,Google Ads,Search,Healthcare,Canada,114028,3112,0.0273,1.36,4232.32,120,35.27,10393.96,2.46,0.027291542428175535,1.3599999999999999,35.26933333333333,2.4558539996975655,8.457571824466159e-06,2.220446049250313e-16,0.0006666666666745868,0.004146000302434505,2.7291542428175535,1,1,1,1,0,0,0,0,0,0,0,0,0,0,0,0,0
2024-06-05,TikTok Ads,Video,Healthcare,Australia,180309,5823,0.0323,0.65,3784.95,232,16.31,46549.68,12.3,0.032294561003610465,0.65,16.314439655172414,12.29862481670828,5.438996389536821e-06,0.0,-0.004439655172415513,0.0013751832917208162,3.2294561003610465,1,1,1,1,0,0,0,0,0,0,0,0,0,0,0,0,0
2024-03-22,Meta Ads,Video,SaaS,Canada,168402,5237,0.0311,0.85,4451.45,188,23.68,43774.92,9.83,0.031098205484495434,0.85,23.67792553191489,9.833856383874917,1.7945155045655248e-06,0.0,0.002074468085108805,-0.0038563838749166024,3.1098205484495436,1,1,1,1,0,0,0,0,0,0,0,0,0,0,0,0,0
2024-12-23,TikTok Ads,Video,E-commerce,Canada,125419,4126,0.0329,0.85,3507.1,294,11.93,32829.78,9.36,0.032897726819700365,0.85,11.92891156462585,9.360947791622708,2.273180299633415e-06,0.0,0.001088435374150265,-0.0009477916227087491,3.2897726819700366,1,1,1,1,0,0,0,0,0,0,0,0,0,0,0,0,0
2024-02-05,TikTok Ads,Video,SaaS,UK,123680,8373,0.0677,0.6,5023.8,263,19.1,12412.26,2.47,0.06769890038809832,0.6,19.10190114068441,2.4706915084199212,1.0996119016726258e-06,0.0,-0.001901140684410052,-0.0006915084199210497,6.769890038809832,1,1,1,1,0,0,0,0,0,0,0,0,0,0,0,0,0
2024-06-24,Google Ads,Search,Fintech,UK,117660,6388,0.0543,1.81,11562.28,331,34.93,17255.28,1.49,0.05429202787693354,1.81,34.93135951661632,1.4923769360368369,7.972123066461723e-06,0.0,-0.0013595166163185013,-0.002376936036836863,5.429202787693354,1,1,1,1,0,0,0,0,0,0,0,0,0,0,0,0,0
2024-09-02,Meta Ads,Video,Fintech,Canada,76916,2761,0.0359,0.71,1960.31,64,30.63,14368.24,7.33,0.03589630245982631,0.71,30.62984375,7.329575424295137,3.6975401736943914e-06,0.0,0.0001562499999998579,0.0004245757048630949,3.589630245982631,1,1,1,1,0,0,0,0,0,0,0,0,0,0,0,0,0
2024-02-17,Meta Ads,Video,E-commerce,Canada,150631,5648,0.0375,1.94,10957.12,111,98.71,21671.9,1.98,0.037495601834947656,1.9400000000000002,98.7127927927928,1.9778828743319412,4.398165052342529e-06,-2.220446049250313e-16,-0.0027927927928033114,0.0021171256680587724,3.749560183494766,1,1,1,1,0,0,0,0,0,0,0,0,0,0,0,0,0
2024-02-19,Google Ads,Display,Fintech,Australia,126635,4254,0.0336,1.33,5657.82,313,18.08,28110.42,4.97,0.03359260867848541,1.3299999999999998,18.076102236421725,4.96841893167333,7.391321514588212e-06,2.220446049250313e-16,0.0038977635782728726,0.001581068326669488,3.359260867848541,1,1,1,1,0,0,0,0,0,0,0,0,0,0,0,0,0
2024-12-14,Google Ads,Video,EdTech,India,159721,3625,0.0227,1.91,6923.75,150,46.16,39701.58,5.73,0.02269582584631952,1.91,46.15833333333333,5.7341151832460735,4.174153680480686e-06,0.0,0.0016666666666651508,-0.004115183246073073,2.269582584631952,1,1,1,1,0,0,0,0,0,0,0,0,0,0,0,0,0
2024-09-01,Meta Ads,Shopping,Healthcare,UAE,150698,4581,0.0304,0.51,2336.31,285,8.2,32525.45,13.92,0.030398545435241342,0.51,8.19757894736842,13.921718436337644,1.4545647586579336e-06,0.0,0.0024210526315791014,-0.0017184363376436806,3.039854543524134,1,1,1,1,0,0,0,0,0,0,0,0,0,0,0,0,0
2024-04-14,TikTok Ads,Search,EdTech,Canada,98348,3225,0.0328,1.27,4095.75,59,69.42,2846.94,0.7,0.03279171920120389,1.27,69.41949152542372,0.6950961362387841,8.280798796111988e-06,0.0,0.0005084745762786724,0.004903863761215876,3.279171920120389,1,1,1,1,0,0,0,0,0,0,0,0,0,0,0,0,0
2024-08-03,Meta Ads,Search,E-commerce,USA,110603,2377,0.0215,0.69,1640.13,62,26.45,2761.12,1.68,0.02149127962171008,0.6900000000000001,26.453709677419358,1.6834763098047105,8.720378289917008e-06,-1.1102230246251565e-16,-0.00370967741935857,-0.0034763098047105867,2.149127962171008,1,1,1,1,0,0,0,0,0,0,0,0,0,0,0,0,0
2024-01-18,Google Ads,Shopping,E-commerce,UAE,76792,3317,0.0432,3.1,10282.7,262,39.25,42043.84,4.09,0.04319460360454214,3.1,39.2469465648855,4.088793799293959,5.3963954578656326e-06,0.0,0.0030534351145021787,0.0012062007060409385,4.319460360454213,1,1,1,1,0,0,0,0,0,0,0,0,0,0,0,0,0
2024-03-08,TikTok Ads,Shopping,SaaS,USA,44405,1953,0.044,1.53,2988.09,22,135.82,6030.56,2.02,0.043981533611079836,1.53,135.82227272727275,2.0181989163646343,1.846638892016167e-05,0.0,-0.0022727272727536274,0.0018010836353656856,4.398153361107983,1,1,1,1,0,0,0,0,0,0,0,0,0,1,0,0,0
2024-08-28,Google Ads,Shopping,E-commerce,India,49462,1206,0.0244,1.95,2351.7,74,31.78,12950.09,5.51,0.024382354130443575,1.95,31.779729729729727,5.506693030573628,1.7645869556427024e-05,0.0,0.0002702702702741533,0.003306969426371431,2.4382354130443575,1,1,1,1,0,0,0,0,0,0,0,0,0,0,0,0,0
2024-05-01,TikTok Ads,Display,SaaS,Australia,140440,11825,0.0842,0.68,8041.0,748,10.75,31071.69,3.86,0.08419965821703218,0.68,10.75,3.8641574431040913,3.417829678165063e-07,0.0,0.0,-0.004157443104091385,8.419965821703219,1,1,1,1,0,0,0,0,1,0,0,0,1,0,0,0,0
2024-06-27,TikTok Ads,Display,Healthcare,USA,112392,4934,0.0439,1.64,8091.76,363,22.29,91221.43,11.27,0.04389992170261228,1.6400000000000001,22.291349862258954,11.273373159856446,7.829738771919503e-08,-2.220446049250313e-16,-0.00134986225895517,-0.0033731598564461507,4.389992170261229,1,1,1,1,0,0,0,0,0,0,0,0,0,0,1,0,0
2024-04-17,TikTok Ads,Shopping,Healthcare,Australia,125654,8318,0.0662,0.58,4824.44,566,8.52,117035.13,24.26,0.06619765387492639,0.58,8.523745583038869,24.258801021465707,2.3461250736045436e-06,0.0,-0.0037455830388690714,0.0011989785342940706,6.619765387492639,1,1,1,1,0,0,0,0,0,0,0,0,1,0,1,1,0
2024-07-16,Meta Ads,Search,Healthcare,UK,167002,3406,0.0204,1.83,6232.98,76,82.01,10328.31,1.66,0.02039496532975653,1.8299999999999998,82.0128947368421,1.6570420569294302,5.034670243472816e-06,2.220446049250313e-16,-0.002894736842094403,0.002957943070569735,2.0394965329756527,1,1,1,1,0,0,0,0,0,0,0,0,0,0,0,0,0
2024-04-06,TikTok Ads,Search,SaaS,Australia,108247,6971,0.0644,0.59,4112.89,517,7.96,139391.79,33.89,0.064399013367576,0.5900000000000001,7.955299806576403,33.89144616072883,9.866324239965474e-07,-1.1102230246251565e-16,0.0047001934235968434,-0.001446160728832524,6.4399013367576,1,1,1,1,0,0,0,0,0,0,0,0,0,0,1,1,0
2024-04-14,Meta Ads,Display,Fintech,Australia,53128,1678,0.0316,1.51,2533.78,66,38.39,19225.18,7.59,0.03158409878030417,1.51,38.39060606060606,7.587549037406562,1.5901219695829694e-05,0.0,-0.0006060606060600549,0.002450962593437467,3.1584098780304175,1,1,1,1,0,0,0,0,0,0,0,0,0,0,0,0,0
2024-02-01,Meta Ads,Video,EdTech,USA,65942,2044,0.031,1.05,2146.2,48,44.71,6784.27,3.16,0.0309969367019502,1.0499999999999998,44.7125,3.1610614108657167,3.063298049801183e-06,2.220446049250313e-16,-0.0024999999999977263,-0.0010614108657165389,3.0996936701950197,1,1,1,1,0,0,0,0,0,0,0,0,0,0,0,0,0
2024-03-14,Google Ads,Display,E-commerce,Canada,32160,1186,0.0369,1.34,1589.24,12,132.44,1927.71,1.21,0.03687810945273632,1.34,132.43666666666667,1.2129760136920793,2.189054726368239e-05,0.0,0.0033333333333303017,-0.002976013692079338,3.687810945273632,1,1,1,1,0,0,0,0,0,0,0,0,0,1,0,0,0
2024-09-29,Google Ads,Search,EdTech,USA,58364,2241,0.0384,2.22,4975.02,136,36.58,15149.72,3.05,0.03839695702830512,2.22,36.58102941176471,3.045157607406603,3.0429716948790486e-06,0.0,-0.0010294117647120515,0.004842392593396916,3.839695702830512,1,1,1,1,0,0,0,0,0,0,0,0,0,0,0,0,0
2024-06-05,Meta Ads,Search,E-commerce,India,79462,2058,0.0259,0.88,1811.04,146,12.4,7813.85,4.31,0.025899171931237572,0.88,12.404383561643835,4.31456511175899,8.280687624276362e-07,0.0,-0.004383561643834355,-0.0045651117589899926,2.5899171931237572,1,1,1,1,0,0,0,0,0,0,0,0,0,0,0,0,0
2024-04-01,Meta Ads,Display,SaaS,India,151864,4358,0.0287,1.69,7365.02,175,42.09,45340.29,6.16,0.028696728651951747,1.6900000000000002,42.08582857142857,6.156166582032363,3.271348048252548e-06,-2.220446049250313e-16,0.004171428571432045,0.0038334179676366986,2.8696728651951746,1,1,1,1,0,0,0,0,0,0,0,0,0,0,0,0,0
2024-04-27,Google Ads,Shopping,EdTech,UAE,182926,6749,0.0369,1.94,13093.06,343,38.17,53279.93,4.07,0.03689470058930934,1.94,38.17218658892128,4.069326039902055,5.2994106906623095e-06,0.0,-0.0021865889212762113,0.00067396009794507,3.689470058930934,1,1,1,1,0,0,0,0,0,0,0,0,0,0,0,0,0
2024-10-25,Meta Ads,Shopping,E-commerce,India,107489,2515,0.0234,1.4,3521.0,166,21.21,18411.15,5.23,0.023397743024867662,1.4,21.210843373493976,5.228954842374326,2.256975132338551e-06,0.0,-0.0008433734939750082,0.0010451576256746975,2.339774302486766,1,1,1,1,0,0,0,0,0,0,0,0,0,0,0,0,0
2024-08-03,TikTok Ads,Search,Healthcare,India,40709,1314,0.0323,0.7,919.8,90,10.22,16081.05,17.48,0.032277874671448575,0.7,10.219999999999999,17.48320287018917,2.212532855142696e-05,0.0,1.7763568394002505e-15,-0.003202870189170426,3.2277874671448576,1,1,1,1,0,0,0,0,0,0,0,0,0,0,0,1,0
2024-09-24,Google Ads,Video,Fintech,Australia,143561,9144,0.0637,1.93,17647.92,630,28.01,123364.05,6.99,0.06369417878114529,1.9299999999999997,28.012571428571427,6.990288373927354,5.821218854715204e-06,2.220446049250313e-16,-0.002571428571425116,-0.0002883739273533692,6.369417878114529,1,1,1,1,0,0,0,0,0,0,0,0,1,0,1,0,0
2024-03-24,Google Ads,Shopping,Fintech,India,94242,5466,0.058,1.67,9128.22,100,91.28,6794.77,0.74,0.057999618004711276,1.67,91.28219999999999,0.7443696580494337,3.8199528872712163e-07,0.0,-0.0021999999999877673,-0.004369658049433678,5.799961800471127,1,1,1,1,0,0,0,0,0,0,0,0,0,0,0,0,0
2024-09-23,Google Ads,Display,Healthcare,UAE,111311,5765,0.0518,2.71,15623.15,389,40.16,22317.92,1.43,0.05179182650411909,2.71,40.162339331619535,1.4285160162963295,8.17349588090599e-06,0.0,-0.002339331619538143,0.0014839837036704218,5.179182650411909,1,1,1,1,0,0,0,0,0,0,0,0,0,0,0,0,0
2024-09-24,TikTok Ads,Video,Fintech,USA,130865,9461,0.0723,1.48,14002.28,221,63.36,46411.13,3.31,0.07229587743094028,1.48,63.35873303167421,3.314540917621987,4.12256905972519e-06,0.0,0.001266968325786877,-0.004540917621986829,7.229587743094028,1,1,1,1,0,0,0,0,0,0,0,0,0,0,0,0,0
2024-01-02,Meta Ads,Video,EdTech,USA,138639,2204,0.0159,1.8,3967.2,154,25.76,35803.07,9.02,0.0158974026067701,1.7999999999999998,25.76103896103896,9.024770619076428,2.597393229900047e-06,2.220446049250313e-16,-0.001038961038958064,-0.004770619076428062,1.5897402606770101,1,1,1,1,0,0,0,0,0,0,0,0,0,0,0,0,0
2024-06-15,TikTok Ads,Shopping,SaaS,India,147355,7485,0.0508,0.91,6811.35,81,84.09,14520.06,2.13,0.05079569746530488,0.91,84.09074074074074,2.1317448082979142,4.302534695119209e-06,0.0,-0.0007407407407384881,-0.0017448082979143464,5.079569746530488,1,1,1,1,0,0,0,0,0,0,0,0,0,0,0,0,0
2024-04-29,Meta Ads,Shopping,Fintech,UK,26751,489,0.0183,1.93,943.77,8,117.97,791.56,0.84,0.0182796904788606,1.93,117.97125,0.8387212986214861,2.03095211393986e-05,0.0,-0.0012499999999988631,0.0012787013785138246,1.8279690478860602,1,1,1,1,0,0,0,0,0,0,0,0,0,1,0,0,0
2024-01-25,TikTok Ads,Display,SaaS,UK,42706,2084,0.0488,1.59,3313.56,35,94.67,4766.32,1.44,0.048798763639769586,1.59,94.67314285714285,1.4384287594007652,1.2363602304166221e-06,0.0,-0.003142857142847788,0.0015712405992347467,4.879876363976958,1,1,1,1,0,0,0,0,0,0,0,0,0,0,0,0,0
2024-09-02,Meta Ads,Video,SaaS,UAE,173337,3189,0.0184,2.03,6473.67,224,28.9,43055.91,6.65,0.01839768774122086,2.03,28.900312500000002,6.650927526426278,2.3122587791413185e-06,0.0,-0.0003125000000032685,-0.0009275264262775806,1.8397687741220858,1,1,1,1,0,0,0,0,0,0,0,0,0,0,0,0,0
2024-07-28,Meta Ads,Shopping,SaaS,Canada,99948,1389,0.0139,1.04,1444.56,67,21.56,4987.6,3.45,0.01389722655781006,1.04,21.56059701492537,3.452677631943291,2.7734421899384964e-06,0.0,-0.0005970149253720081,-0.002677631943290848,1.389722655781006,1,1,1,1,0,0,0,0,0,0,0,0,0,0,0,0,0
2024-03-30,Google Ads,Video,Healthcare,Canada,65282,1723,0.0264,1.91,3290.93,64,51.42,16624.45,5.05,0.026393186483257253,1.91,51.42078125,5.051596357260714,6.813516742747161e-06,0.0,-0.0007812499999957367,-0.0015963572607144982,2.6393186483257254,1,1,1,1,0,0,0,0,0,0,0,0,0,0,0,0,0
2024-02-01,Google Ads,Video,EdTech,USA,48790,2824,0.0579,1.3,3671.2,178,20.62,37847.71,10.31,0.057880713260914124,1.3,20.624719101123596,10.309356613641317,1.9286739085876137e-05,0.0,-0.004719101123594527,0.0006433863586838839,5.788071326091412,1,1,1,1,0,0,0,0,0,0,0,0,0,0,0,0,0
2024-07-16,Google Ads,Shopping,EdTech,UAE,163272,5551,0.034,2.23,12378.73,135,91.69,38753.89,3.13,0.033998481062276445,2.23,91.69429629629629,3.130683842365089,1.5189377235574897e-06,0.0,-0.004296296296288915,-0.0006838423650892267,3.3998481062276444,1,1,1,1,0,0,0,0,0,0,0,0,0,0,0,0,0
2024-11-04,Google Ads,Video,EdTech,Australia,149233,3686,0.0247,1.0,3686.0,250,14.74,16524.46,4.48,0.024699630778715162,1.0,14.744,4.483033098209441,3.6922128483773964e-07,0.0,-0.0039999999999995595,-0.0030330982094408654,2.4699630778715163,1,1,1,1,0,0,0,0,0,0,0,0,0,0,0,0,0
2024-02-27,TikTok Ads,Search,SaaS,UAE,7637,415,0.0544,1.54,639.1,10,63.91,1137.83,1.78,0.05434070970276286,1.54,63.910000000000004,1.7803630104834922,5.929029723713425e-05,0.0,-7.105427357601002e-15,-0.0003630104834921877,5.434070970276286,1,1,1,1,0,0,0,0,0,0,0,0,0,0,0,0,0
2024-01-04,Google Ads,Display,Fintech,UK,20198,878,0.0435,2.68,2353.04,67,35.12,5967.58,2.54,0.04346965046044163,2.68,35.12,2.536114983170707,3.0349539558369165e-05,0.0,0.0,0.0038850168292929865,4.346965046044163,1,1,1,1,0,0,0,0,0,0,0,0,0,0,0,0,0
2024-09-11,Google Ads,Search,EdTech,UAE,32675,941,0.0288,1.09,1025.69,47,21.82,12632.32,12.32,0.028798775822494262,1.09,21.823191489361704,12.315923914633075,1.224177505736862e-06,0.0,-0.003191489361704214,0.004076085366925497,2.879877582249426,1,1,1,1,0,0,0,0,0,0,0,0,0,0,0,0,0
2024-02-28,Google Ads,Search,EdTech,USA,116560,4312,0.037,2.79,12030.48,198,60.76,51746.42,4.3,0.03699382292381606,2.79,60.76,4.301276424548314,6.177076183937202e-06,0.0,0.0,-0.0012764245483145586,3.699382292381606,1,1,1,1,0,0,0,0,0,0,0,0,0,0,0,0,0
2024-01-27,Meta Ads,Display,E-commerce,Australia,176459,3670,0.0208,1.91,7009.7,65,107.84,2483.8,0.35,0.02079803240412787,1.91,107.84153846153846,0.35433756080859385,1.9675958721279696e-06,0.0,-0.001538461538459046,-0.004337560808593877,2.079803240412787,1,1,1,1,0,0,0,0,0,0,0,0,0,0,0,0,0
2024-09-02,Meta Ads,Shopping,SaaS,Australia,49980,1664,0.0333,1.98,3294.72,37,89.05,6236.77,1.89,0.03329331732693077,1.98,89.04648648648649,1.8929590374902878,6.682673069233203e-06,0.0,0.003513513513510702,-0.002959037490287919,3.329331732693077,1,1,1,1,0,0,0,0,0,0,0,0,0,0,0,0,0
2024-01-07,Meta Ads,Video,Healthcare,Germany,98944,1850,0.0187,1.42,2627.0,78,33.68,17285.68,6.58,0.018697445019404915,1.42,33.67948717948718,6.58000761324705,2.5549805950861315e-06,0.0,0.0005128205128173136,-7.61324704967592e-06,1.8697445019404915,1,1,1,1,0,0,0,0,0,0,0,0,0,0,0,0,0
2024-04-01,TikTok Ads,Video,Healthcare,USA,115310,3205,0.0278,1.04,3333.2,134,24.87,14521.43,4.36,0.027794640534212125,1.04,24.87462686567164,4.356603264130565,5.359465787873469e-06,0.0,-0.00462686567163928,0.003396735869435119,2.7794640534212123,1,1,1,1,0,0,0,0,0,0,0,0,0,0,0,0,0
2024-08-08,Meta Ads,Search,E-commerce,India,8626,242,0.0281,1.13,273.46,18,15.19,3013.54,11.02,0.028054718293531185,1.13,15.19222222222222,11.020039493893075,4.5281706468815186e-05,0.0,-0.0022222222222207932,-3.9493893075004394e-05,2.8054718293531185,1,1,1,1,0,0,0,0,0,0,0,0,0,0,0,0,0
2024-01-05,Meta Ads,Display,E-commerce,Germany,88732,1579,0.0178,0.44,694.76,32,21.71,4757.82,6.85,0.017795158454672496,0.44,21.71125,6.848149001093903,4.84154532750386e-06,0.0,-0.0012499999999988631,0.0018509989060966348,1.7795158454672495,1,1,1,1,0,0,0,0,0,0,0,0,0,0,0,0,0
2024-06-20,Meta Ads,Video,EdTech,Germany,29502,604,0.0205,1.61,972.44,30,32.41,5842.59,6.01,0.020473188258423158,1.61,32.41466666666667,6.0081753115873475,2.6811741576843184e-05,0.0,-0.00466666666667237,0.0018246884126522644,2.0473188258423156,1,1,1,1,0,0,0,0,0,0,0,0,0,0,0,0,0
2024-09-14,TikTok Ads,Search,E-commerce,Canada,198085,14460,0.073,0.82,11857.2,1133,10.47,295028.26,24.88,0.07299896509074387,0.8200000000000001,10.46531332744925,24.88178153358297,1.0349092561257045e-06,-1.1102230246251565e-16,0.004686672550750615,-0.001781533582970951,7.299896509074387,1,1,1,1,0,0,0,0,1,0,0,0,1,0,1,1,0
2024-07-14,Meta Ads,Shopping,Healthcare,USA,111802,2247,0.0201,1.65,3707.55,163,22.75,6163.84,1.66,0.020098030446682527,1.6500000000000001,22.745705521472395,1.6625102830710308,1.969553317472672e-06,-2.220446049250313e-16,0.004294478527604895,-0.00251028307103085,2.009803044668253,1,1,1,1,0,0,0,0,0,0,0,0,0,0,0,0,0
2024-08-01,Google Ads,Shopping,EdTech,UAE,65186,1955,0.03,2.26,4418.3,89,49.64,13375.79,3.03,0.029991102383947473,2.2600000000000002,49.6438202247191,3.0273612022723673,8.89761605252573e-06,-4.440892098500626e-16,-0.0038202247190994854,0.002638797727632536,2.9991102383947474,1,1,1,1,0,0,0,0,0,0,0,0,0,0,0,0,0
2024-06-15,TikTok Ads,Video,EdTech,UK,101176,6505,0.0643,0.96,6244.8,459,13.61,44008.34,7.05,0.06429390369257532,0.9600000000000001,13.605228758169934,7.047197668460158,6.096307424680036e-06,-1.1102230246251565e-16,0.004771241830065165,0.0028023315398417736,6.429390369257532,1,1,1,1,0,0,0,0,0,0,0,0,0,0,0,0,0
2024-08-07,TikTok Ads,Video,SaaS,UAE,41307,1367,0.0331,0.57,779.19,92,8.47,6211.99,7.97,0.033093664512068174,0.5700000000000001,8.469456521739131,7.972368741898637,6.335487931823092e-06,-1.1102230246251565e-16,0.0005434782608695343,-0.0023687418986373387,3.3093664512068175,1,1,1,1,0,0,0,0,0,0,0,0,0,0,0,0,0
2024-05-12,Meta Ads,Video,EdTech,UK,174579,3247,0.0186,1.33,4318.51,187,23.09,41760.07,9.67,0.0185990296656528,1.33,23.093636363636364,9.670018131253602,9.703343471986758e-07,0.0,-0.003636363636363882,-1.813125360250467e-05,1.85990296656528,1,1,1,1,0,0,0,0,0,0,0,0,0,0,0,0,0
2024-02-14,Meta Ads,Video,SaaS,India,83137,2045,0.0246,1.01,2065.45,37,55.82,1798.59,0.87,0.024597952776742003,1.01,55.82297297297297,0.8707981311578591,2.047223257996972e-06,0.0,-0.002972972972969501,-0.0007981311578590944,2.4597952776742003,1,1,1,1,0,0,0,0,0,0,0,0,0,0,0,0,0
2024-01-04,Meta Ads,Search,Healthcare,UK,122897,2040,0.0166,0.77,1570.8,159,9.88,45753.83,29.13,0.016599266052059854,0.77,9.879245283018868,29.12772472625414,7.339479401458071e-07,0.0,0.0007547169811328303,0.0022752737458588967,1.6599266052059853,1,1,1,1,0,0,0,0,0,0,0,0,0,0,0,1,0
2024-10-17,TikTok Ads,Search,Healthcare,India,47462,1803,0.038,0.53,955.59,98,9.75,29213.28,30.57,0.03798828536513421,0.53,9.750918367346939,30.570935233729944,1.1714634865787887e-05,0.0,-0.0009183673469390641,-0.0009352337299439739,3.798828536513421,1,1,1,1,0,0,0,0,0,0,0,0,0,0,0,1,0
2024-06-19,TikTok Ads,Display,EdTech,Germany,99202,6428,0.0648,1.54,9899.12,165,59.99,34456.26,3.48,0.06479708070401806,1.54,59.994666666666674,3.4807397021149353,2.9192959819374087e-06,0.0,-0.00466666666667237,-0.0007397021149353478,6.479708070401806,1,1,1,1,0,0,0,0,0,0,0,0,0,0,0,0,0
2024-02-26,Meta Ads,Shopping,SaaS,USA,125871,3083,0.0245,1.72,5302.76,185,28.66,27759.15,5.23,0.02449333047326231,1.72,28.66356756756757,5.234849399180804,6.669526737692472e-06,0.0,-0.003567567567568375,-0.004849399180803182,2.4493330473262307,1,1,1,1,0,0,0,0,0,0,0,0,0,0,0,0,0
2024-03-10,Google Ads,Search,Healthcare,UK,8880,216,0.0244,2.06,444.96,6,74.16,1186.19,2.67,0.024324324324324326,2.06,74.16,2.665835131247753,7.567567567567587e-05,0.0,0.0,0.004164868752246864,2.4324324324324325,1,1,1,1,0,0,0,0,0,0,0,0,0,0,0,0,0
2024-11-30,Google Ads,Shopping,EdTech,USA,156388,7021,0.0449,1.64,11514.44,315,36.55,34670.52,3.01,0.04489474895772054,1.6400000000000001,36.55377777777778,3.011046998377689,5.251042279462437e-06,-2.220446049250313e-16,-0.003777777777784763,-0.001046998377689068,4.489474895772054,1,1,1,1,0,0,0,0,0,0,0,0,0,0,0,0,0
2024-03-27,Google Ads,Video,EdTech,UK,109672,2675,0.0244,2.55,6821.25,50,136.43,11521.03,1.69,0.024390911080312203,2.55,136.425,1.6889910207073484,9.088919687798985e-06,0.0,0.0049999999999954525,0.001008979292651535,2.4390911080312203,1,1,1,1,0,0,0,0,0,0,0,0,0,1,0,0,0
2024-05-07,Meta Ads,Display,SaaS,UAE,70030,1470,0.021,1.68,2469.6,90,27.44,9384.9,3.8,0.020991003855490502,1.68,27.439999999999998,3.800170068027211,8.996144509498816e-06,0.0,3.552713678800501e-15,-0.00017006802721120096,2.0991003855490504,1,1,1,1,0,0,0,0,0,0,0,0,0,0,0,0,0
2024-01-03,Meta Ads,Video,EdTech,India,149375,6109,0.0409,2.18,13317.62,89,149.64,22418.8,1.68,0.04089707112970711,2.18,149.6361797752809,1.6833938796872112,2.9288702928856325e-06,0.0,0.003820224719078169,-0.0033938796872112764,4.089707112970712,1,1,1,1,0,0,0,0,0,0,0,0,0,1,0,0,0
2024-06-07,Meta Ads,Search,Fintech,Canada,123171,3756,0.0305,1.86,6986.16,52,134.35,7553.6,1.08,0.03049419100275227,1.8599999999999999,134.34923076923076,1.0812234475019182,5.808997247728348e-06,2.220446049250313e-16,0.0007692307692366285,-0.0012234475019181623,3.049419100275227,1,1,1,1,0,0,0,0,0,0,0,0,0,1,0,0,0
2024-03-16,Meta Ads,Search,SaaS,UK,52779,596,0.0113,1.09,649.64,35,18.56,3583.95,5.52,0.011292370071429924,1.09,18.56114285714286,5.516824702912382,7.629928570075314e-06,0.0,-0.0011428571428595546,0.0031752970876173237,1.1292370071429925,1,1,1,1,0,0,0,0,0,0,0,0,0,0,0,0,0
2024-05-23,Google Ads,Display,Fintech,USA,117036,3569,0.0305,2.13,7601.97,178,42.71,11935.14,1.57,0.03049489046105472,2.13,42.70769662921349,1.570006195762414,5.109538945280434e-06,0.0,0.002303370786513881,-6.195762414007433e-06,3.049489046105472,1,1,1,1,0,0,0,0,0,0,0,0,0,0,0,0,0
2024-07-17,TikTok Ads,Shopping,E-commerce,UAE,177517,13917,0.0784,0.91,12664.47,671,18.87,36680.47,2.9,0.07839812524997605,0.9099999999999999,18.87402384500745,2.8963288633476174,1.8747500239446602e-06,1.1102230246251565e-16,-0.004023845007449012,0.0036711366523825006,7.839812524997606,1,1,1,1,0,0,0,0,1,0,0,0,1,0,0,0,0
2024-12-30,TikTok Ads,Search,EdTech,Germany,196349,8325,0.0424,0.69,5744.25,398,14.43,42464.91,7.39,0.04239899362869177,0.69,14.432788944723619,7.392594333463899,1.0063713082320014e-06,0.0,-0.0027889447236191245,-0.0025943334638993676,4.239899362869177,1,1,1,1,0,0,0,0,0,0,0,0,0,0,0,0,0
2024-10-31,TikTok Ads,Search,SaaS,UAE,174898,13029,0.0745,1.26,16416.54,822,19.97,162206.84,9.88,0.07449484842593969,1.26,19.9714598540146,9.880695932273182,5.151574060308084e-06,0.0,-0.0014598540146018024,-0.0006959322731816542,7.449484842593969,1,1,1,1,0,0,0,0,1,0,0,0,1,0,1,0,0
2024-06-30,Google Ads,Display,EdTech,USA,83972,4903,0.0584,2.9,14218.7,341,41.7,36574.45,2.57,0.05838851045586624,2.9000000000000004,41.69706744868036,2.5722780563623955,1.1489544133762297e-05,-4.440892098500626e-16,0.0029325513196454267,-0.002278056362395642,5.838851045586624,1,1,1,1,0,0,0,0,0,0,0,0,0,0,0,0,0
2024-04-26,Meta Ads,Search,Fintech,USA,165371,2993,0.0181,1.51,4519.43,32,141.23,8918.68,1.97,0.018098699288266986,1.51,141.2321875,1.9734081510278951,1.3007117330154916e-06,0.0,-0.0021875000000193268,-0.0034081510278951566,1.8098699288266986,1,1,1,1,0,0,0,0,0,0,0,0,0,1,0,0,0
2024-08-30,TikTok Ads,Shopping,Fintech,USA,133949,7219,0.0539,1.52,10972.88,73,150.31,21583.28,1.97,0.0538936460891832,1.5199999999999998,150.31342465753423,1.9669658284789409,6.353910816804531e-06,2.220446049250313e-16,-0.0034246575342251617,0.0030341715210591147,5.38936460891832,1,1,1,1,0,0,0,0,0,0,0,0,0,1,0,0,0
2024-09-15,TikTok Ads,Display,Fintech,Australia,105400,7704,0.0731,1.11,8551.44,442,19.35,49251.38,5.76,0.07309297912713472,1.11,19.34714932126697,5.75942531316363,7.0208728652765284e-06,0.0,0.0028506787330329075,0.0005746868363694091,7.309297912713472,1,1,1,1,0,0,0,0,0,0,0,0,0,0,0,0,0
2024-08-04,Google Ads,Shopping,EdTech,USA,63959,2014,0.0315,2.28,4591.92,150,30.61,37769.59,8.23,0.03148892259103488,2.2800000000000002,30.6128,8.225228226972595,1.1077408965116942e-05,-4.440892098500626e-16,-0.00280000000000058,0.0047717730274055015,3.1488922591034885,1,1,1,1,0,0,0,0,0,0,0,0,0,0,0,0,0
2024-03-06,Google Ads,Search,SaaS,India,6044,146,0.0242,1.13,164.98,5,33.0,611.36,3.71,0.024156187954996692,1.13,32.995999999999995,3.7056612922778522,4.381204500330735e-05,0.0,0.0040000000000048885,0.004338707722147728,2.415618795499669,1,1,1,1,0,0,0,0,0,0,0,0,0,0,0,0,0
2024-04-08,Google Ads,Shopping,Fintech,USA,90945,3637,0.04,3.02,10983.74,145,75.75,21488.5,1.96,0.03999120347462752,3.02,75.74993103448276,1.9563919029401644,8.796525372480046e-06,0.0,6.896551724366873e-05,0.0036080970598355577,3.999120347462752,1,1,1,1,0,0,0,0,0,0,0,0,0,0,0,0,0
2024-02-01,Google Ads,Search,SaaS,UK,73681,4457,0.0605,1.77,7888.89,95,83.04,11815.26,1.5,0.06049049280004343,1.77,83.04094736842106,1.497708803139605,9.50719995657101e-06,0.0,-0.0009473684210519195,0.0022911968603949173,6.0490492800043425,1,1,1,1,0,0,0,0,0,0,0,0,0,0,0,0,0
2024-12-14,Google Ads,Display,Healthcare,Australia,195545,8799,0.045,2.98,26221.02,444,59.06,122723.09,4.68,0.04499731519599069,2.98,59.05635135135135,4.680332420325373,2.684804009306374e-06,0.0,0.003648648648649555,-0.00033242032537295074,4.499731519599069,1,1,1,1,0,0,0,0,0,0,0,1,0,0,1,0,0
2024-07-14,Google Ads,Shopping,E-commerce,USA,46846,2183,0.0466,3.36,7334.88,46,159.45,5098.84,0.7,0.04659949622166247,3.36,159.45391304347825,0.695149750234496,5.037783375322347e-07,0.0,-0.003913043478263489,0.004850249765503967,4.659949622166247,1,1,1,1,0,0,0,0,0,0,0,0,0,1,0,0,0
2024-07-03,Google Ads,Shopping,Healthcare,Canada,183428,4549,0.0248,2.11,9598.39,135,71.1,6604.0,0.69,0.02479992149508254,2.11,71.09918518518518,0.6880320553759537,7.85049174591157e-08,0.0,0.0008148148148166001,0.0019679446240462584,2.479992149508254,1,1,1,1,0,0,0,0,0,0,0,0,0,0,0,0,0
2024-05-09,Google Ads,Shopping,EdTech,Australia,173913,5860,0.0337,3.46,20275.6,111,182.66,20779.66,1.02,0.03369500842375211,3.46,182.66306306306305,1.0248604233660163,4.991576247892482e-06,0.0,-0.0030630630630525957,-0.004860423366016331,3.369500842375211,1,1,1,1,0,0,0,0,0,0,0,1,0,1,0,0,0
2024-05-05,Google Ads,Video,SaaS,USA,190541,9527,0.05,2.17,20673.59,157,131.68,5416.71,0.26,0.04999973758928525,2.17,131.67891719745222,0.26201109725016314,2.624107147547461e-07,0.0,0.0010828025477849224,-0.0020110972501631297,4.999973758928525,1,1,1,1,0,0,0,0,0,0,0,1,0,1,0,0,0
2024-09-11,TikTok Ads,Video,SaaS,Canada,122116,5507,0.0451,0.98,5396.86,110,49.06,3555.98,0.66,0.04509646565560615,0.98,49.062363636363635,0.6588979517719563,3.534344393853195e-06,0.0,-0.002363636363632793,0.0011020482280437172,4.509646565560614,1,1,1,1,0,0,0,0,0,0,0,0,0,0,0,0,0
2024-03-23,Google Ads,Display,Fintech,India,47879,1149,0.024,3.06,3515.94,25,140.64,3124.11,0.89,0.023997994945592013,3.06,140.6376,0.8885561187050974,2.0050544079878996e-06,0.0,0.0023999999999944066,0.0014438812949025825,2.3997994945592014,1,1,1,1,0,0,0,0,0,0,0,0,0,1,0,0,0
2024-10-08,Meta Ads,Search,Healthcare,USA,164876,5820,0.0353,0.74,4306.8,463,9.3,73917.74,17.16,0.03529925519784565,0.74,9.301943844492442,17.163030556329527,7.448021543468575e-07,0.0,-0.0019438444924411158,-0.003030556329527201,3.529925519784565,1,1,1,1,0,0,0,0,0,0,0,0,0,0,0,0,0
2024-05-13,Meta Ads,Display,SaaS,USA,163253,1779,0.0109,0.51,907.29,121,7.5,18762.73,20.68,0.010897196376176855,0.51,7.498264462809917,20.67997002061083,2.803623823145057e-06,0.0,0.001735537190082681,2.9979389168488524e-05,1.0897196376176854,1,1,1,1,0,0,0,0,0,0,0,0,0,0,0,1,0
2024-10-04,Meta Ads,Shopping,Fintech,India,120631,1532,0.0127,0.77,1179.64,114,10.35,25286.78,21.44,0.012699886430519518,0.77,10.347719298245615,21.43601437726764,1.1356948048137083e-07,0.0,0.002280701754385106,0.003985622732361804,1.2699886430519518,1,1,1,1,0,0,0,0,0,0,0,0,0,0,0,1,0
2024-04-29,Meta Ads,Display,Fintech,Australia,12610,197,0.0157,0.66,130.02,11,11.82,2637.16,20.28,0.015622521808088818,0.66,11.82,20.28272573450238,7.747819191118027e-05,0.0,0.0,-0.0027257345023805613,1.5622521808088818,1,1,1,1,0,0,0,0,0,0,0,0,0,0,0,1,0
2024-01-12,Meta Ads,Video,Healthcare,UK,62676,595,0.0095,2.42,1439.9,32,45.0,1319.08,0.92,0.009493266960239964,2.4200000000000004,44.996875,0.9160913952357802,6.733039760035628e-06,-4.440892098500626e-16,0.003124999999997158,0.003908604764219836,0.9493266960239964,1,1,1,1,0,0,0,0,0,0,0,0,0,0,0,0,0
2024-07-10,Google Ads,Search,Fintech,UK,59943,2163,0.0361,3.29,7116.27,114,62.42,4800.81,0.67,0.03608428006606276,3.29,62.42342105263158,0.6746244872665034,1.5719933937237418e-05,0.0,-0.0034210526315803236,-0.00462448726650333,3.6084280066062764,1,1,1,1,0,0,0,0,0,0,0,0,0,0,0,0,0
2024-10-20,Meta Ads,Display,SaaS,USA,78302,900,0.0115,0.49,441.0,52,8.48,6354.23,14.41,0.011493959285841996,0.49,8.48076923076923,14.408684807256234,6.040714158004126e-06,0.0,-0.000769230769229523,0.0013151927437657918,1.1493959285841995,1,1,1,1,0,0,0,0,0,0,0,0,0,0,0,0,0
2024-09-04,Google Ads,Video,EdTech,UK,154805,9535,0.0616,0.96,9153.6,525,17.44,18155.37,1.98,0.061593617777203576,0.9600000000000001,17.435428571428574,1.9834130833770318,6.382222796426362e-06,-1.1102230246251565e-16,0.00457142857142756,-0.0034130833770318336,6.159361777720358,1,1,1,1,0,0,0,0,0,0,0,0,0,0,0,0,0
2024-05-09,TikTok Ads,Video,Fintech,Australia,41839,2991,0.0715,0.99,2961.09,45,65.8,9665.89,3.26,0.07148832429073353,0.9900000000000001,65.802,3.2643013214728356,1.167570926646766e-05,-1.1102230246251565e-16,-0.0020000000000095497,-0.004301321472835795,7.1488324290733525,1,1,1,1,0,0,0,0,0,0,0,0,0,0,0,0,0
2024-06-17,Meta Ads,Shopping,SaaS,India,127872,2953,0.0231,0.59,1742.27,150,11.62,15282.38,8.77,0.023093405905905907,0.59,11.615133333333333,8.771533688808278,6.594094094092284e-06,0.0,0.004866666666666575,-0.0015336888082781996,2.309340590590591,1,1,1,1,0,0,0,0,0,0,0,0,0,0,0,0,0
2024-11-04,Google Ads,Display,Fintech,Germany,146779,5019,0.0342,2.22,11142.18,349,31.93,91145.36,8.18,0.03419426484715116,2.22,31.926017191977078,8.180208899874172,5.73515284884446e-06,0.0,0.0039828080229220575,-0.00020889987417227474,3.4194264847151157,1,1,1,1,0,0,0,0,0,0,0,0,0,0,1,0,0
2024-06-26,Google Ads,Shopping,EdTech,USA,133588,6545,0.049,1.68,10995.6,241,45.62,34421.71,3.13,0.048993921609725426,1.6800000000000002,45.62489626556017,3.1304985630615882,6.078390274576184e-06,-2.220446049250313e-16,-0.004896265560169866,-0.000498563061588353,4.899392160972543,1,1,1,1,0,0,0,0,0,0,0,0,0,0,0,0,0
2024-01-29,Google Ads,Video,Fintech,UK,82462,3916,0.0475,2.1,8223.6,199,41.32,48785.37,5.93,0.047488540176081104,2.1,41.32462311557789,5.932361739384211,1.1459823918896772e-05,0.0,-0.004623115577892634,-0.0023617393842112477,4.74885401760811,1,1,1,1,0,0,0,0,0,0,0,0,0,0,0,0,0
2024-01-18,Google Ads,Display,E-commerce,Australia,55248,1646,0.0298,2.6,4279.6,43,99.53,12311.15,2.88,0.029792933680857225,2.6,99.52558139534885,2.876705766894102,7.066319142774724e-06,0.0,0.004418604651149849,0.003294233105898048,2.9792933680857225,1,1,1,1,0,0,0,0,0,0,0,0,0,0,0,0,0
2024-08-09,Google Ads,Display,Healthcare,UAE,90374,2349,0.026,0.97,2278.53,69,33.02,5506.03,2.42,0.025991988846349613,0.9700000000000001,33.02217391304348,2.416483434495047,8.011153650386293e-06,-1.1102230246251565e-16,-0.0021739130434781373,0.00351656550495294,2.599198884634961,1,1,1,1,0,0,0,0,0,0,0,0,0,0,0,0,0
2024-03-06,Meta Ads,Video,EdTech,USA,104976,1238,0.0118,1.52,1881.76,16,117.61,4162.98,2.21,0.01179317177259564,1.52,117.61,2.212279993197857,6.828227404359621e-06,0.0,0.0,-0.0022799931978569887,1.179317177259564,1,1,1,1,0,0,0,0,0,0,0,0,0,1,0,0,0
2024-11-10,Google Ads,Display,SaaS,Australia,124774,3481,0.0279,1.21,4212.01,113,37.27,4447.19,1.06,0.027898440380207414,1.21,37.274424778761066,1.0558355749392807,1.5596197925869804e-06,0.0,-0.004424778761062953,0.004164425060719346,2.789844038020741,1,1,1,1,0,0,0,0,0,0,0,0,0,0,0,0,0
2024-08-14,Google Ads,Search,SaaS,USA,109263,2829,0.0259,0.88,2489.52,129,19.3,14321.34,5.75,0.025891655912797563,0.88,19.29860465116279,5.752651113467657,8.34408720243665e-06,0.0,0.001395348837210264,-0.002651113467656785,2.589165591279756,1,1,1,1,0,0,0,0,0,0,0,0,0,0,0,0,0
2024-06-13,Google Ads,Video,Fintech,UAE,105814,6126,0.0579,2.79,17091.54,289,59.14,45447.24,2.66,0.05789404048613605,2.79,59.140276816609,2.659048862770704,5.959513863951216e-06,0.0,-0.00027681660900213956,0.0009511372292960729,5.789404048613605,1,1,1,1,0,0,0,0,0,0,0,0,0,0,0,0,0
2024-08-16,TikTok Ads,Shopping,Healthcare,Canada,41113,2347,0.0571,0.96,2253.12,33,68.28,2659.26,1.18,0.05708656629290006,0.96,68.27636363636363,1.1802567106945039,1.3433707099941294e-05,0.0,0.00363636363637454,-0.0002567106945039477,5.708656629290005,1,1,1,1,0,0,0,0,0,0,0,0,0,0,0,0,0
2024-01-15,Google Ads,Search,SaaS,Canada,43098,1620,0.0376,2.73,4422.6,39,113.4,7135.44,1.61,0.03758875121815398,2.7300000000000004,113.4,1.6134038800705466,1.1248781846023848e-05,-4.440892098500626e-16,0.0,-0.0034038800705464833,3.758875121815398,1,1,1,1,0,0,0,0,0,0,0,0,0,1,0,0,0
2024-08-28,Meta Ads,Display,E-commerce,Canada,25991,309,0.0119,1.52,469.68,14,33.55,2306.63,4.91,0.011888730714478088,1.52,33.54857142857143,4.911067109521376,1.126928552191292e-05,0.0,0.0014285714285691142,-0.0010671095213758974,1.1888730714478088,1,1,1,1,0,0,0,0,0,0,0,0,0,0,0,0,0
2024-11-21,Google Ads,Display,EdTech,India,150778,2985,0.0198,1.39,4149.15,59,70.32,16435.61,3.96,0.01979731791110109,1.39,70.32457627118643,3.961199281780606,2.6820888989129155e-06,0.0,-0.004576271186436998,-0.0011992817806061318,1.9797317911101089,1,1,1,1,0,0,0,0,0,0,0,0,0,0,0,0,0
2024-07-17,Google Ads,Video,EdTech,Germany,113500,7604,0.067,1.3,9885.2,340,29.07,21520.64,2.18,0.06699559471365639,1.3,29.074117647058827,2.1770566098814386,4.4052863436144785e-06,0.0,-0.00411764705882689,0.002943390118561595,6.699559471365639,1,1,1,1,0,0,0,0,0,0,0,0,0,0,0,0,0
2024-10-31,Meta Ads,Video,EdTech,UAE,140453,4213,0.03,1.09,4592.17,56,82.0,4347.77,0.95,0.029995799306529587,1.09,82.00303571428572,0.9467789737749257,4.200693470412381e-06,0.0,-0.003035714285715585,0.0032210262250742527,2.9995799306529585,1,1,1,1,0,0,0,0,0,0,0,0,0,0,0,0,0
2024-04-21,TikTok Ads,Display,SaaS,Germany,27936,1402,0.0502,1.32,1850.64,99,18.69,26865.9,14.52,0.05018613974799542,1.32,18.693333333333335,14.51708598106601,1.3860252004581353e-05,0.0,-0.0033333333333338544,0.0029140189339891265,5.018613974799542,1,1,1,1,0,0,0,0,0,0,0,0,0,0,0,0,0
2024-02-27,TikTok Ads,Display,SaaS,UK,133303,4225,0.0317,1.53,6464.25,139,46.51,8508.68,1.32,0.031694710546649366,1.53,46.50539568345324,1.316267161697026,5.289453350633411e-06,0.0,0.004604316546760856,0.0037328383029739953,3.1694710546649367,1,1,1,1,0,0,0,0,0,0,0,0,0,0,0,0,0
2024-05-02,Google Ads,Video,EdTech,UAE,117333,2898,0.0247,3.93,11389.14,48,237.27,5367.73,0.47,0.024698933803789215,3.9299999999999997,237.27374999999998,0.4713024864037144,1.0661962107846867e-06,4.440892098500626e-16,-0.0037499999999681677,-0.0013024864037144424,2.4698933803789216,1,1,1,1,0,0,0,0,0,0,1,0,0,1,0,0,0
2024-09-14,Meta Ads,Display,SaaS,USA,152680,6214,0.0407,2.1,13049.4,283,46.11,13261.37,1.02,0.04069950222687975,2.1,46.11095406360424,1.016243658712278,4.977731202504554e-07,0.0,-0.0009540636042402184,0.0037563412877219537,4.069950222687975,1,1,1,1,0,0,0,0,0,0,0,0,0,0,0,0,0
2024-09-20,Google Ads,Display,Healthcare,USA,168384,4681,0.0278,2.57,12030.17,267,45.06,58628.48,4.87,0.027799553401748386,2.57,45.05681647940075,4.873453991090733,4.4659825161261213e-07,0.0,0.0031835205992507554,-0.003453991090732522,2.7799553401748387,1,1,1,1,0,0,0,0,0,0,0,0,0,0,0,0,0
2024-08-22,Google Ads,Display,Fintech,Australia,106026,5152,0.0486,1.72,8861.44,240,36.92,50663.13,5.72,0.04859185482806104,1.7200000000000002,36.92266666666667,5.717257014661273,8.145171938957196e-06,-2.220446049250313e-16,-0.0026666666666699257,0.0027429853387266334,4.859185482806104,1,1,1,1,0,0,0,0,0,0,0,0,0,0,0,0,0
2024-04-22,Google Ads,Search,E-commerce,Germany,107364,4895,0.0456,2.65,12971.75,200,64.86,42108.23,3.25,0.045592563615364554,2.65,64.85875,3.246148746314106,7.436384635448046e-06,0.0,0.0012499999999988631,0.003851253685894118,4.559256361536455,1,1,1,1,0,0,0,0,0,0,0,0,0,0,0,0,0
2024-06-25,Google Ads,Video,EdTech,UK,132152,7572,0.0573,1.14,8632.08,552,15.64,115644.47,13.4,0.057297657243174524,1.14,15.637826086956522,13.397057256188543,2.342756825472747e-06,0.0,0.0021739130434781373,0.0029427438114577598,5.729765724317453,1,1,1,1,0,0,0,0,0,0,0,0,1,0,1,0,0
2024-07-14,Google Ads,Shopping,Fintech,Australia,116695,5799,0.0497,3.13,18150.87,372,48.79,56034.95,3.09,0.049693645828870134,3.13,48.79266129032258,3.087177088481158,6.354171129867303e-06,0.0,-0.0026612903225782247,0.002822911518841842,4.969364582887013,1,1,1,1,0,0,0,0,0,0,0,0,0,0,0,0,0
2024-11-28,Meta Ads,Search,E-commerce,UK,116030,4177,0.036,0.9,3759.3,188,20.0,8691.11,2.31,0.035999310523140565,0.9,19.996276595744682,2.31189583167079,6.894768594320477e-07,0.0,0.00372340425531803,-0.0018958316707897716,3.5999310523140564,1,1,1,1,0,0,0,0,0,0,0,0,0,0,0,0,0
2024-08-11,TikTok Ads,Search,E-commerce,Australia,164599,11209,0.0681,0.41,4595.69,653,7.04,133415.01,29.03,0.06809883413629488,0.41,7.037810107197549,29.030463325420126,1.1658637051187304e-06,0.0,0.0021898928024510766,-0.00046332542012450517,6.809883413629487,1,1,1,1,0,0,0,0,0,0,0,0,1,0,1,1,0
2024-04-18,TikTok Ads,Video,Fintech,India,188844,12860,0.0681,0.98,12602.8,892,14.13,133607.64,10.6,0.06809853635805214,0.98,14.128699551569506,10.601425080140922,1.4636419478492035e-06,0.0,0.0013004484304950381,-0.0014250801409225744,6.809853635805214,1,1,1,1,0,0,0,0,1,0,0,0,1,0,1,0,0
2024-09-10,TikTok Ads,Search,E-commerce,Canada,90468,5753,0.0636,0.8,4602.4,141,32.64,12042.73,2.62,0.06359154618207544,0.7999999999999999,32.641134751773045,2.616619589779246,8.453817924566898e-06,1.1102230246251565e-16,-0.0011347517730442291,0.003380410220754193,6.359154618207544,1,1,1,1,0,0,0,0,0,0,0,0,0,0,0,0,0
2024-06-24,Google Ads,Video,E-commerce,Australia,117223,7935,0.0677,2.02,16028.7,166,96.56,47449.87,2.96,0.06769149399008727,2.02,96.55843373493977,2.960306824633314,8.506009912728763e-06,0.0,0.001566265060233718,-0.0003068246333142177,6.769149399008727,1,1,1,1,0,0,0,0,0,0,0,0,0,0,0,0,0
2024-03-26,TikTok Ads,Shopping,SaaS,Germany,93478,5786,0.0619,0.42,2430.12,272,8.93,27905.19,11.48,0.06189691692162862,0.42,8.934264705882352,11.483050219742235,3.083078371379777e-06,0.0,-0.004264705882352615,-0.003050219742235072,6.189691692162862,1,1,1,1,0,0,0,0,0,0,0,0,0,0,0,0,0
2024-11-29,Google Ads,Video,EdTech,Canada,9134,228,0.025,1.39,316.92,2,158.46,329.55,1.04,0.02496168162907817,1.3900000000000001,158.46,1.0398523286633852,3.8318370921830436e-05,-2.220446049250313e-16,0.0,0.00014767133661486298,2.496168162907817,1,1,1,1,0,0,0,0,0,0,0,0,0,1,0,0,0
2024-05-10,Meta Ads,Display,E-commerce,UAE,29485,1341,0.0455,1.41,1890.81,46,41.1,4626.55,2.45,0.04548075292521621,1.41,41.104565217391304,2.446861398025185,1.9247074783790286e-05,0.0,-0.004565217391302667,0.0031386019748151917,4.548075292521621,1,1,1,1,0,0,0,0,0,0,0,0,0,0,0,0,0
2024-12-23,TikTok Ads,Video,SaaS,Canada,22221,1706,0.0768,0.5,853.0,74,11.53,14659.06,17.19,0.07677422258224202,0.5,11.527027027027026,17.18529894490035,2.577741775797171e-05,0.0,0.0029729729729730536,0.004701055099651796,7.677422258224202,1,1,1,1,0,0,0,0,0,0,0,0,0,0,0,0,0
2024-06-19,Google Ads,Display,SaaS,Germany,178567,8374,0.0469,1.33,11137.42,98,113.65,8808.29,0.79,0.04689556300996265,1.33,113.64714285714285,0.7908734697982118,4.436990037347266e-06,0.0,0.0028571428571524393,-0.00087346979821179,4.689556300996265,1,1,1,1,0,0,0,0,0,0,0,0,0,1,0,0,0
2024-10-06,TikTok Ads,Display,E-commerce,Australia,93074,4225,0.0454,1.54,6506.5,300,21.69,11467.08,1.76,0.04539398757977523,1.54,21.688333333333333,1.7624037500960579,6.012420224771331e-06,0.0,0.0016666666666687036,-0.002403750096057866,4.539398757977523,1,1,1,1,0,0,0,0,0,0,0,0,0,0,0,0,0
2024-12-24,Google Ads,Search,Healthcare,Australia,155840,4566,0.0293,1.12,5113.92,312,16.39,40138.5,7.85,0.02929928131416838,1.12,16.39076923076923,7.848871315937676,7.186858316209077e-07,0.0,-0.000769230769229523,0.0011286840623236927,2.9299281314168377,1,1,1,1,0,0,0,0,0,0,0,0,0,0,0,0,0
2024-07-21,TikTok Ads,Display,E-commerce,India,21956,1611,0.0734,1.41,2271.51,79,28.75,9545.28,4.2,0.07337402076881035,1.4100000000000001,28.75329113924051,4.202173884332448,2.5979231189660057e-05,-2.220446049250313e-16,-0.0032911392405097217,-0.0021738843324481394,7.337402076881035,1,1,1,1,0,0,0,0,0,0,0,0,0,0,0,0,0
2024-05-06,Meta Ads,Search,E-commerce,USA,177224,2374,0.0134,1.57,3727.18,142,26.25,18303.42,4.91,0.013395476910576446,1.5699999999999998,26.24774647887324,4.910795829554784,4.523089423554699e-06,2.220446049250313e-16,0.0022535211267609156,-0.0007958295547840777,1.3395476910576445,1,1,1,1,0,0,0,0,0,0,0,0,0,0,0,0,0
2024-11-04,Google Ads,Search,EdTech,UAE,93720,2661,0.0284,1.7,4523.7,104,43.5,18904.07,4.18,0.028393085787451984,1.7,43.497115384615384,4.178895594314389,6.9142125480176064e-06,0.0,0.0028846153846160405,0.0011044056856110984,2.8393085787451984,1,1,1,1,0,0,0,0,0,0,0,0,0,0,0,0,0
2024-05-28,Google Ads,Display,EdTech,USA,169909,7781,0.0458,2.5,19452.5,124,156.88,26123.28,1.34,0.04579510208405676,2.5,156.875,1.3429266161161804,4.897915943241626e-06,0.0,0.0049999999999954525,-0.0029266161161802806,4.579510208405676,1,1,1,1,0,0,0,0,0,0,0,1,0,1,0,0,0
2024-08-05,Meta Ads,Video,Healthcare,USA,46548,1047,0.0225,1.55,1622.85,28,57.96,7800.92,4.81,0.022492910543954626,1.5499999999999998,57.958928571428565,4.806926086822566,7.0894560453733935e-06,2.220446049250313e-16,0.0010714285714357175,0.0030739131774337736,2.2492910543954627,1,1,1,1,0,0,0,0,0,0,0,0,0,0,0,0,0
2024-12-08,Meta Ads,Search,Healthcare,USA,6875,158,0.0231,1.83,289.14,2,144.57,386.94,1.34,0.022981818181818183,1.8299999999999998,144.57,1.3382444490558207,0.00011818181818181589,2.220446049250313e-16,0.0,0.0017555509441793404,2.2981818181818183,1,1,1,1,0,0,0,0,0,0,0,0,0,1,0,0,0
2024-12-26,Google Ads,Search,SaaS,India,106975,4300,0.0402,2.39,10277.0,335,30.68,35904.36,3.49,0.04019630754849264,2.39,30.677611940298508,3.4936615743894133,3.6924515073588626e-06,0.0,0.002388059701491585,-0.003661574389413058,4.019630754849264,1,1,1,1,0,0,0,0,0,0,0,0,0,0,0,0,0
2024-02-08,Google Ads,Shopping,SaaS,UK,10574,389,0.0368,2.59,1007.51,6,167.92,908.68,0.9,0.03678834878002648,2.59,167.91833333333332,0.9019066808269892,1.1651219973519977e-05,0.0,0.0016666666666651508,-0.0019066808269891933,3.678834878002648,1,1,1,1,0,0,0,0,0,0,0,0,0,1,0,0,0
2024-07-16,TikTok Ads,Video,Fintech,Australia,147658,6939,0.047,0.86,5967.54,282,21.16,39581.75,6.63,0.046993728751574586,0.86,21.161489361702127,6.632842008599859,6.271248425414322e-06,0.0,-0.001489361702127212,-0.0028420085998588362,4.699372875157459,1,1,1,1,0,0,0,0,0,0,0,0,0,0,0,0,0
2024-06-02,Meta Ads,Shopping,SaaS,Canada,52013,1565,0.0301,1.03,1611.95,23,70.08,6481.69,4.02,0.03008863168823179,1.03,70.08478260869565,4.021024225317162,1.1368311768209655e-05,0.0,-0.00478260869564906,-0.0010242253171623972,3.008863168823179,1,1,1,1,0,0,0,0,0,0,0,0,0,0,0,0,0
2024-10-18,Google Ads,Search,E-commerce,India,49484,1118,0.0226,2.05,2291.9,79,29.01,18417.53,8.04,0.022593161425915446,2.0500000000000003,29.011392405063294,8.035922160652733,6.838574084552795e-06,-4.440892098500626e-16,-0.0013924050632923013,0.004077839347266021,2.2593161425915445,1,1,1,1,0,0,0,0,0,0,0,0,0,0,0,0,0
2024-07-04,Google Ads,Search,Healthcare,USA,18877,545,0.0289,3.2,1744.0,26,67.08,5981.0,3.43,0.028871112994649572,3.2,67.07692307692308,3.42947247706422,2.888700535042671e-05,0.0,0.003076923076918092,0.000527522935779956,2.8871112994649573,1,1,1,1,0,0,0,0,0,0,0,0,0,0,0,0,0
2024-04-15,Meta Ads,Shopping,Healthcare,UK,106505,1022,0.0096,1.8,1839.6,27,68.13,2467.18,1.34,0.009595793624712455,1.7999999999999998,68.13333333333333,1.3411502500543597,4.206375287543751e-06,2.220446049250313e-16,-0.0033333333333303017,-0.0011502500543596472,0.9595793624712455,1,1,1,1,0,0,0,0,0,0,0,0,0,0,0,0,0
2024-05-25,Google Ads,Search,E-commerce,India,65107,1777,0.0273,1.63,2896.51,128,22.63,29612.56,10.22,0.027293532185479287,1.6300000000000001,22.628984375,10.2235310770548,6.467814520714349e-06,-2.220446049250313e-16,0.0010156249999973,-0.0035310770547987147,2.729353218547929,1,1,1,1,0,0,0,0,0,0,0,0,0,0,0,0,0
2024-03-02,Google Ads,Shopping,SaaS,India,69839,1620,0.0232,1.26,2041.2,80,25.52,22785.52,11.16,0.02319620842222827,1.26,25.515,11.162806192435822,3.791577771729282e-06,0.0,0.004999999999999005,-0.002806192435821586,2.319620842222827,1,1,1,1,0,0,0,0,0,0,0,0,0,0,0,0,0
2024-02-27,Google Ads,Video,SaaS,USA,104794,5920,0.0565,3.66,21667.2,359,60.35,21837.83,1.01,0.056491783880756534,3.66,60.35431754874652,1.007875036922168,8.216119243467657e-06,0.0,-0.004317548746520572,0.002124963077831943,5.649178388075653,1,1,1,1,0,0,0,0,0,0,0,1,0,0,0,0,0
2024-04-14,Meta Ads,Video,EdTech,USA,33549,1224,0.0365,0.76,930.24,89,10.45,26101.34,28.06,0.03648394885093446,0.76,10.452134831460674,28.058716030271757,1.6051149065540726e-05,0.0,-0.0021348314606743912,0.0012839697282416296,3.648394885093446,1,1,1,1,0,0,0,0,0,0,0,0,0,0,0,1,0
2024-02-17,Google Ads,Video,SaaS,Germany,133027,7808,0.0587,1.26,9838.08,153,64.3,22193.12,2.26,0.05869485142114007,1.26,64.30117647058823,2.2558385376008325,5.1485788599356375e-06,0.0,-0.0011764705882342241,0.0041614623991672595,5.869485142114007,1,1,1,1,0,0,0,0,0,0,0,0,0,0,0,0,0
2024-11-12,Meta Ads,Video,EdTech,Germany,27419,1192,0.0435,1.83,2181.36,38,57.4,5935.39,2.72,0.04347350377475473,1.83,57.404210526315794,2.7209584846151027,2.6496225245267735e-05,0.0,-0.0042105263157949935,-0.0009584846151025062,4.347350377475473,1,1,1,1,0,0,0,0,0,0,0,0,0,0,0,0,0
2024-05-24,Google Ads,Video,Healthcare,Canada,102648,2330,0.0227,2.55,5941.5,157,37.84,28653.63,4.82,0.02269893227340036,2.55,37.84394904458599,4.822625599596062,1.0677265996419938e-06,0.0,-0.003949044585986883,-0.0026255995960617895,2.269893227340036,1,1,1,1,0,0,0,0,0,0,0,0,0,0,0,0,0
2024-01-20,Google Ads,Display,E-commerce,Canada,181687,8321,0.0458,3.14,26127.94,651,40.14,189283.47,7.24,0.04579854364924293,3.1399999999999997,40.13508448540706,7.244485022546745,1.456350757073066e-06,4.440892098500626e-16,0.004915514592937598,-0.004485022546744766,4.579854364924293,1,1,1,1,0,0,0,0,0,0,0,1,1,0,1,0,0
2024-07-22,Google Ads,Display,SaaS,UK,166792,6071,0.0364,3.15,19123.65,323,59.21,23590.83,1.23,0.03639862823156986,3.1500000000000004,59.20634674922601,1.233594528241209,1.3717684301389754e-06,-4.440892098500626e-16,0.003653250773993477,-0.003594528241209094,3.639862823156986,1,1,1,1,0,0,0,0,0,0,0,1,0,0,0,0,0
2024-06-26,TikTok Ads,Search,SaaS,USA,7889,416,0.0528,1.0,416.0,16,26.0,2147.95,5.16,0.05273165166687793,1.0,26.0,5.163341346153846,6.834833312206745e-05,0.0,0.0,-0.0033413461538458478,5.273165166687793,1,1,1,1,0,0,0,0,0,0,0,0,0,0,0,0,0
2024-11-14,Meta Ads,Video,E-commerce,India,129746,4891,0.0377,1.81,8852.71,117,75.66,26101.17,2.95,0.037696730535045395,1.8099999999999998,75.66418803418803,2.9483819079129443,3.2694649546027854e-06,2.220446049250313e-16,-0.00418803418803293,0.001618092087055878,3.7696730535045395,1,1,1,1,0,0,0,0,0,0,0,0,0,0,0,0,0
2024-03-17,Google Ads,Display,E-commerce,Germany,94506,3269,0.0346,1.56,5099.64,193,26.42,7342.38,1.44,0.03459039637694961,1.56,26.42300518134715,1.4397839847518648,9.603623050385979e-06,0.0,-0.0030051813471487776,0.0002160152481351929,3.4590396376949615,1,1,1,1,0,0,0,0,0,0,0,0,0,0,0,0,0
2024-05-17,Google Ads,Display,EdTech,Canada,12086,594,0.0492,2.46,1461.24,21,69.58,3418.15,2.34,0.04914777428429588,2.46,69.58285714285714,2.339211902220032,5.222571570412393e-05,0.0,-0.0028571428571382285,0.0007880977799676891,4.914777428429588,1,1,1,1,0,0,0,0,0,0,0,0,0,0,0,0,0
2024-05-07,TikTok Ads,Display,SaaS,UK,145497,4743,0.0326,0.35,1660.05,313,5.3,81349.35,49.0,0.03259861028062434,0.35,5.30367412140575,49.004156501310206,1.3897193756537418e-06,0.0,-0.003674121405750519,-0.00415650131020584,3.2598610280624345,1,1,1,1,0,0,0,0,0,0,0,0,0,0,0,1,0
2024-05-18,Meta Ads,Search,EdTech,UAE,14491,259,0.0179,1.7,440.3,3,146.77,260.32,0.59,0.017873162652680973,1.7,146.76666666666668,0.5912332500567794,2.683734731902601e-05,0.0,0.0033333333333303017,-0.0012332500567794336,1.7873162652680974,1,1,1,1,0,0,0,0,0,0,0,0,0,1,0,0,0
2024-03-13,Meta Ads,Shopping,Fintech,UAE,156043,4478,0.0287,1.33,5955.74,193,30.86,22322.38,3.75,0.028697218074505104,1.3299999999999998,30.858756476683936,3.7480447433904103,2.781925494896309e-06,2.220446049250313e-16,0.0012435233160630332,0.0019552566095897284,2.86972180745051,1,1,1,1,0,0,0,0,0,0,0,0,0,0,0,0,0
2024-07-19,TikTok Ads,Display,Healthcare,UK,115304,3551,0.0308,1.56,5539.56,232,23.88,22178.1,4.0,0.030796850065912717,1.56,23.87741379310345,4.00358512228408,3.1499340872841175e-06,0.0,0.0025862068965487595,-0.0035851222840799224,3.0796850065912715,1,1,1,1,0,0,0,0,0,0,0,0,0,0,0,0,0
2024-09-24,TikTok Ads,Shopping,Fintech,UAE,132571,9147,0.069,1.02,9329.94,502,18.59,55471.3,5.95,0.06899699029199448,1.02,18.58553784860558,5.945515190880113,3.009708005527467e-06,0.0,0.004462151394420744,0.004484809119887245,6.899699029199448,1,1,1,1,0,0,0,0,0,0,0,0,0,0,0,0,0
2024-11-13,Google Ads,Display,E-commerce,UAE,92502,2960,0.032,2.06,6097.6,201,30.34,47885.36,7.85,0.03199930812306761,2.06,30.3363184079602,7.853148779847809,6.918769323918661e-07,0.0,0.003681592039800563,-0.0031487798478089246,3.1999308123067607,1,1,1,1,0,0,0,0,0,0,0,0,0,0,0,0,0
2024-11-23,Google Ads,Display,EdTech,USA,133792,6943,0.0519,2.35,16316.05,186,87.72,17630.23,1.08,0.05189398469265726,2.35,87.72069892473118,1.0805452300035854,6.01530734273964e-06,0.0,-0.00069892473118216,-0.0005452300035853064,5.1893984692657265,1,1,1,1,0,0,0,0,0,0,0,0,0,0,0,0,0
2024-12-26,Google Ads,Display,EdTech,UK,77258,3963,0.0513,1.8,7133.4,135,52.84,34518.13,4.84,0.05129565870201144,1.7999999999999998,52.839999999999996,4.838944963131185,4.341297988555426e-06,2.220446049250313e-16,7.105427357601002e-15,0.001055036868814696,5.129565870201144,1,1,1,1,0,0,0,0,0,0,0,0,0,0,0,0,0
2024-05-10,Google Ads,Display,EdTech,UAE,74672,2665,0.0357,1.56,4157.4,129,32.23,32318.91,7.77,0.03568941504178273,1.5599999999999998,32.22790697674418,7.773827392120076,1.0584958217270402e-05,2.220446049250313e-16,0.0020930232558171724,-0.0038273921200762118,3.568941504178273,1,1,1,1,0,0,0,0,0,0,0,0,0,0,0,0,0
2024-04-18,TikTok Ads,Search,Healthcare,Australia,41558,1757,0.0423,1.21,2125.97,72,29.53,18414.15,8.66,0.04227826170653063,1.21,29.52736111111111,8.661528619877046,2.1738293469367176e-05,0.0,0.00263888888889241,-0.0015286198770461112,4.227826170653063,1,1,1,1,0,0,0,0,0,0,0,0,0,0,0,0,0
2024-12-05,Google Ads,Shopping,Healthcare,Australia,134560,5947,0.0442,2.84,16889.48,144,117.29,23257.77,1.38,0.04419589774078478,2.84,117.28805555555556,1.3770566056503812,4.102259215224557e-06,0.0,0.001944444444447413,0.0029433943496186554,4.419589774078478,1,1,1,1,0,0,0,0,0,0,0,0,0,1,0,0,0
2024-05-26,TikTok Ads,Search,E-commerce,Canada,143518,10491,0.0731,0.85,8917.35,313,28.49,46285.52,5.19,0.07309884474421327,0.8500000000000001,28.489936102236424,5.1905016624894165,1.1552557867278157e-06,-1.1102230246251565e-16,6.389776357451638e-05,-0.000501662489416077,7.309884474421327,1,1,1,1,0,0,0,0,0,0,0,0,0,0,0,0,0
2024-10-09,Meta Ads,Video,Fintech,UK,7402,91,0.0124,2.08,189.28,6,31.55,1105.17,5.84,0.012293974601459066,2.08,31.546666666666667,5.838810228233306,0.0001060253985409338,0.0,0.0033333333333338544,0.0011897717666942143,1.2293974601459066,1,1,1,1,0,0,0,0,0,0,0,0,0,0,0,0,0
2024-09-25,Google Ads,Shopping,EdTech,Australia,49225,2367,0.0481,1.84,4355.28,137,31.79,8811.53,2.02,0.04808532249873032,1.8399999999999999,31.79036496350365,2.023183354457119,1.4677501269676207e-05,2.220446049250313e-16,-0.0003649635036495624,-0.0031833544571191474,4.808532249873032,1,1,1,1,0,0,0,0,0,0,0,0,0,0,0,0,0
2024-07-28,Google Ads,Video,Healthcare,India,173678,11428,0.0658,2.11,24113.08,310,77.78,83080.36,3.45,0.06579992860350764,2.1100000000000003,77.78412903225806,3.4454478648103017,7.139649235710088e-08,-4.440892098500626e-16,-0.004129032258063603,0.004552135189698436,6.579992860350764,1,1,1,1,0,0,0,0,0,0,0,1,0,0,0,0,0
2024-03-07,Meta Ads,Display,Healthcare,Australia,92793,1261,0.0136,0.37,466.57,80,5.83,13024.34,27.92,0.013589387130494757,0.37,5.832125,27.91508240992777,1.0612869505242234e-05,0.0,-0.0021249999999994884,0.004917590072231803,1.3589387130494757,1,1,1,1,0,0,0,0,0,0,0,0,0,0,0,1,0
2024-08-09,TikTok Ads,Video,SaaS,UK,122408,6671,0.0545,1.17,7805.07,293,26.64,67215.82,8.61,0.05449807202143651,1.17,26.638464163822526,8.611815140671386,1.927978563492916e-06,0.0,0.0015358361774744367,-0.0018151406713862173,5.449807202143651,1,1,1,1,0,0,0,0,0,0,0,0,0,0,0,0,0
2024-07-04,TikTok Ads,Search,E-commerce,UAE,162826,7815,0.048,1.64,12816.6,120,106.81,13520.75,1.05,0.04799602029159962,1.6400000000000001,106.805,1.0549404678307819,3.979708400381199e-06,-2.220446049250313e-16,0.0049999999999954525,-0.004940467830781836,4.799602029159962,1,1,1,1,0,0,0,0,0,0,0,0,0,0,0,0,0
2024-07-10,Meta Ads,Shopping,Healthcare,India,134614,3190,0.0237,1.78,5678.2,188,30.2,41736.54,7.35,0.02369738660169076,1.78,30.2031914893617,7.3503117185023426,2.6133983092382906e-06,0.0,-0.0031914893617006612,-0.0003117185023429059,2.369738660169076,1,1,1,1,0,0,0,0,0,0,0,0,0,0,0,0,0
2024-03-18,Google Ads,Shopping,Fintech,India,116451,3388,0.0291,3.39,11485.32,188,61.09,28791.61,2.51,0.02909378193403234,3.39,61.092127659574466,2.5068182688858474,6.218065967660696e-06,0.0,-0.0021276595744623705,0.0031817311141524307,2.909378193403234,1,1,1,1,0,0,0,0,0,0,0,0,0,0,0,0,0
2024-02-13,Google Ads,Search,E-commerce,Germany,188276,11277,0.0599,2.48,27966.96,554,50.48,89376.47,3.2,0.0598961099662198,2.48,50.48187725631769,3.195787815336383,3.890033780200308e-06,0.0,-0.0018772563176909784,0.004212184663617169,5.98961099662198,1,1,1,1,0,0,0,0,0,0,0,1,1,0,1,0,0
2024-07-14,Meta Ads,Search,Fintech,Australia,165552,4337,0.0262,2.22,9628.14,132,72.94,21448.35,2.23,0.02619720691988016,2.2199999999999998,72.94045454545454,2.2276732577631817,2.7930801198422506e-06,4.440892098500626e-16,-0.00045454545454504114,0.00232674223681828,2.619720691988016,1,1,1,1,0,0,0,0,0,0,0,0,0,0,0,0,0
2024-08-18,Meta Ads,Video,EdTech,UK,82271,3397,0.0413,0.52,1766.44,36,49.07,6412.73,3.63,0.041290369632069626,0.52,49.06777777777778,3.630312945811915,9.630367930377193e-06,0.0,0.0022222222222225696,-0.0003129458119150996,4.129036963206962,1,1,1,1,0,0,0,0,0,0,0,0,0,0,0,0,0
2024-12-30,TikTok Ads,Search,Fintech,Germany,61921,3814,0.0616,0.31,1182.34,50,23.65,8842.35,7.48,0.061594612490108364,0.31,23.6468,7.4786863338802725,5.387509891638387e-06,0.0,0.0031999999999996476,0.001313666119727941,6.159461249010836,1,1,1,1,0,0,0,0,0,0,0,0,0,0,0,0,0
2024-09-26,Google Ads,Shopping,E-commerce,Canada,161089,6540,0.0406,2.1,13734.0,285,48.19,49746.79,3.62,0.040598675266467606,2.1,48.189473684210526,3.622163244502694,1.3247335323915421e-06,0.0,0.0005263157894717096,-0.002163244502694006,4.0598675266467605,1,1,1,1,0,0,0,0,0,0,0,0,0,0,0,0,0
2024-09-13,Google Ads,Shopping,Healthcare,USA,85618,2679,0.0313,0.92,2464.68,74,33.31,6024.46,2.44,0.031290149267677356,0.9199999999999999,33.306486486486484,2.4443173150266975,9.850732322645717e-06,1.1102230246251565e-16,0.0035135135135178075,-0.004317315026697521,3.1290149267677356,1,1,1,1,0,0,0,0,0,0,0,0,0,0,0,0,0
2024-12-12,Meta Ads,Search,Healthcare,Australia,30457,606,0.0199,0.58,351.48,34,10.34,4981.94,14.17,0.01989690383163148,0.5800000000000001,10.33764705882353,14.174177762603845,3.096168368521557e-06,-1.1102230246251565e-16,0.0023529411764702246,-0.004177762603845281,1.9896903831631478,1,1,1,1,0,0,0,0,0,0,0,0,0,0,0,0,0
2024-01-25,TikTok Ads,Search,E-commerce,India,46420,1880,0.0405,1.9,3572.0,113,31.61,5769.59,1.62,0.040499784575613956,1.9,31.61061946902655,1.6152267637178053,2.1542438604499337e-07,0.0,-0.000619469026549524,0.004773236282194837,4.049978457561395,1,1,1,1,0,0,0,0,0,0,0,0,0,0,0,0,0
2024-08-21,Google Ads,Search,E-commerce,UK,180746,5024,0.0278,1.28,6430.72,64,100.48,17709.21,2.75,0.027795912495988846,1.28,100.48,2.7538456036027066,4.087504011152099e-06,0.0,0.0,-0.003845603602706582,2.7795912495988846,1,1,1,1,0,0,0,0,0,0,0,0,0,0,0,0,0
2024-06-26,TikTok Ads,Search,SaaS,Germany,131244,5604,0.0427,0.38,2129.52,229,9.3,65541.49,30.78,0.042699094815763006,0.38,9.299213973799127,30.777588376723397,9.051842369961483e-07,0.0,0.0007860262008740904,0.002411623276604047,4.269909481576301,1,1,1,1,0,0,0,0,0,0,0,0,0,0,0,1,0
2024-03-01,Google Ads,Search,E-commerce,Germany,86678,2158,0.0249,1.45,3129.1,163,19.2,27708.88,8.86,0.024896744271902905,1.45,19.196932515337423,8.855223546706721,3.255728097093652e-06,0.0,0.0030674846625764474,0.004776453293278138,2.4896744271902906,1,1,1,1,0,0,0,0,0,0,0,0,0,0,0,0,0
2024-11-03,Google Ads,Display,EdTech,Canada,70226,4037,0.0575,2.16,8719.92,240,36.33,68153.47,7.82,0.0574858314584342,2.16,36.333,7.815836613179938,1.4168541565801052e-05,0.0,-0.0030000000000001137,0.0041633868200623425,5.74858314584342,1,1,1,1,0,0,0,0,0,0,0,0,0,0,0,0,0
2024-12-01,Google Ads,Search,Fintech,Germany,124119,6416,0.0517,2.55,16360.8,358,45.7,48445.72,2.96,0.051692327524391915,2.55,45.700558659217876,2.9610850325167477,7.67247560808787e-06,0.0,-0.0005586592178730143,-0.0010850325167477415,5.169232752439192,1,1,1,1,0,0,0,0,0,0,0,0,0,0,0,0,0
2024-05-16,Google Ads,Shopping,Healthcare,UAE,126292,5165,0.0409,1.49,7695.85,110,69.96,14074.18,1.83,0.04089728565546511,1.49,69.96227272727273,1.8288012370303475,2.714344534887614e-06,0.0,-0.0022727272727394165,0.0011987629696526003,4.089728565546511,1,1,1,1,0,0,0,0,0,0,0,0,0,0,0,0,0
2024-02-23,Google Ads,Video,E-commerce,Canada,189935,10161,0.0535,1.49,15139.89,615,24.62,31748.86,2.1,0.053497249058888564,1.49,24.61770731707317,2.0970337300997564,2.7509411114345905e-06,0.0,0.002292682926832157,0.0029662699002437343,5.3497249058888565,1,1,1,1,0,0,0,0,0,0,0,0,1,0,0,0,0
2024-04-16,Google Ads,Display,EdTech,UAE,103066,2380,0.0231,2.49,5926.2,121,48.98,20395.26,3.44,0.02309199930141851,2.4899999999999998,48.97685950413223,3.4415409537308896,8.000698581488858e-06,4.440892098500626e-16,0.0031404958677683226,-0.0015409537308896937,2.309199930141851,1,1,1,1,0,0,0,0,0,0,0,0,0,0,0,0,0
2024-03-30,Meta Ads,Shopping,E-commerce,USA,11083,193,0.0175,0.83,160.19,11,14.56,912.82,5.7,0.017414057565641072,0.83,14.562727272727273,5.69835819963793,8.594243435892934e-05,0.0,-0.002727272727272023,0.0016418003620701782,1.7414057565641072,1,1,1,1,0,0,0,0,0,0,0,0,0,0,0,0,0
2024-04-25,Meta Ads,Display,EdTech,UAE,6074,128,0.0212,1.51,193.28,5,38.66,1253.71,6.49,0.02107342772472835,1.51,38.656,6.486496274834437,0.0001265722752716511,0.0,0.003999999999997783,0.0035037251655634094,2.107342772472835,1,1,1,1,0,0,0,0,0,0,0,0,0,0,0,0,0
2024-10-11,TikTok Ads,Video,Healthcare,Canada,54752,2814,0.0514,0.86,2420.04,137,17.66,13580.22,5.61,0.05139538281706604,0.86,17.664525547445255,5.611568403828036,4.617182933958075e-06,0.0,-0.004525547445254574,-0.0015684038280356916,5.139538281706605,1,1,1,1,0,0,0,0,0,0,0,0,0,0,0,0,0
2024-02-10,Meta Ads,Video,Healthcare,UK,141313,4762,0.0337,1.05,5000.1,207,24.16,26737.15,5.35,0.033698244322886074,1.05,24.155072463768118,5.347323053538929,1.755677113926546e-06,0.0,0.004927536231882357,0.0026769464610705285,3.3698244322886075,1,1,1,1,0,0,0,0,0,0,0,0,0,0,0,0,0
2024-11-28,TikTok Ads,Display,EdTech,USA,34669,1965,0.0567,1.61,3163.65,74,42.75,12153.4,3.84,0.05667887738325305,1.61,42.752027027027026,3.8415753955083525,2.112261674695054e-05,0.0,-0.0020270270270259516,-0.0015753955083526172,5.667887738325305,1,1,1,1,0,0,0,0,0,0,0,0,0,0,0,0,0
2024-03-17,Meta Ads,Display,E-commerce,Australia,104714,1015,0.0097,0.93,943.95,78,12.1,20952.03,22.2,0.009693068739614568,0.93,12.101923076923077,22.19612267598919,6.931260385431917e-06,0.0,-0.0019230769230773603,0.003877324010808536,0.9693068739614569,1,1,1,1,0,0,0,0,0,0,0,0,0,0,0,1,0
2024-05-30,TikTok Ads,Video,Healthcare,UAE,109733,6616,0.0603,0.91,6020.56,516,11.67,53965.61,8.96,0.06029179918529522,0.91,11.667751937984496,8.963553224284784,8.200814704782677e-06,0.0,0.002248062015503649,-0.0035532242847828854,6.029179918529522,1,1,1,1,0,0,0,0,0,0,0,0,0,0,0,0,0
2024-09-16,TikTok Ads,Display,SaaS,USA,67502,5859,0.0868,0.48,2812.32,395,7.12,42271.31,15.03,0.08679742822434891,0.48000000000000004,7.119797468354431,15.030761079820218,2.57177565109179e-06,-5.551115123125783e-17,0.00020253164556915948,-0.0007610798202186686,8.679742822434891,1,1,1,1,0,0,0,0,0,1,0,0,0,0,0,0,0
2024-04-24,Google Ads,Display,E-commerce,Canada,129121,4893,0.0379,2.56,12526.08,137,91.43,7241.16,0.58,0.03789468792837726,2.56,91.43124087591241,0.5780866799509503,5.312071622742831e-06,0.0,-0.0012408759124014068,0.0019133200490496494,3.789468792837726,1,1,1,1,0,0,0,0,0,0,0,0,0,0,0,0,0
2024-03-25,Google Ads,Video,Fintech,USA,173102,4414,0.0255,3.4,15007.6,341,44.01,52487.34,3.5,0.025499416528982913,3.4,44.01055718475074,3.4973839921106635,5.834710170848911e-07,0.0,-0.0005571847507397365,0.002616007889336469,2.5499416528982914,1,1,1,1,0,0,0,0,0,0,0,0,0,0,0,0,0
2024-03-27,Google Ads,Shopping,EdTech,Canada,140607,6397,0.0455,1.43,9147.71,393,23.28,82224.93,8.99,0.04549560121473326,1.43,23.27661577608142,8.98858074862452,4.39878526673626e-06,0.0,0.003384223918580176,0.0014192513754807123,4.549560121473326,1,1,1,1,0,0,0,0,0,0,0,0,0,0,0,0,0
2024-01-11,Google Ads,Search,Healthcare,Germany,48351,2156,0.0446,3.16,6812.96,83,82.08,7504.87,1.1,0.04459059791938119,3.16,82.08385542168675,1.101557913153754,9.402080618808872e-06,0.0,-0.003855421686751015,-0.0015579131537539759,4.459059791938119,1,1,1,1,0,0,0,0,0,0,0,0,0,0,0,0,0
2024-04-06,TikTok Ads,Video,Fintech,Germany,118135,8151,0.069,0.69,5624.19,428,13.14,64189.34,11.41,0.06899733355906379,0.69,13.140630841121494,11.413081705987885,2.6664409362164854e-06,0.0,-0.000630841121493475,-0.0030817059878849307,6.899733355906379,1,1,1,1,0,0,0,0,0,0,0,0,0,0,0,0,0
2024-06-25,TikTok Ads,Search,Fintech,UK,20185,878,0.0435,0.61,535.58,27,19.84,7476.28,13.96,0.04349764676740154,0.6100000000000001,19.836296296296297,13.959221778259082,2.3532325984579328e-06,-1.1102230246251565e-16,0.0037037037037030984,0.0007782217409193493,4.349764676740154,1,1,1,1,0,0,0,0,0,0,0,0,0,0,0,0,0
2024-11-29,TikTok Ads,Video,E-commerce,Australia,50802,3617,0.0712,0.42,1519.14,279,5.44,22644.29,14.91,0.07119798433132554,0.42000000000000004,5.44494623655914,14.905992864383796,2.0156686744571273e-06,-5.551115123125783e-17,-0.004946236559139727,0.004007135616204138,7.119798433132554,1,1,1,1,0,0,0,0,0,0,0,0,0,0,0,0,0
2024-08-14,Meta Ads,Shopping,E-commerce,Canada,34048,694,0.0204,1.45,1006.3,49,20.54,12555.06,12.48,0.02038298872180451,1.45,20.53673469387755,12.47645831263043,1.7011278195491752e-05,0.0,0.003265306122450795,0.003541687369571278,2.038298872180451,1,1,1,1,0,0,0,0,0,0,0,0,0,0,0,0,0
2024-02-23,TikTok Ads,Video,SaaS,UAE,56672,2397,0.0423,0.48,1150.56,138,8.34,33165.74,28.83,0.04229601919819311,0.48,8.337391304347825,28.825737032401612,3.980801806885426e-06,0.0,0.0026086956521744753,0.004262967598386069,4.229601919819311,1,1,1,1,0,0,0,0,0,0,0,0,0,0,0,1,0
2024-05-15,Google Ads,Video,Fintech,UAE,128962,7337,0.0569,1.35,9904.95,226,43.83,26098.81,2.63,0.056892728090445245,1.35,43.827212389380534,2.6349259713577555,7.271909554754097e-06,0.0,0.002787610619463976,-0.004925971357755632,5.689272809044525,1,1,1,1,0,0,0,0,0,0,0,0,0,0,0,0,0
2024-09-22,Meta Ads,Video,Healthcare,UK,15532,593,0.0382,1.43,847.99,45,18.84,2243.79,2.65,0.038179242853463816,1.43,18.84422222222222,2.646009976532742,2.0757146536182214e-05,0.0,-0.004222222222221461,0.003990023467257853,3.8179242853463817,1,1,1,1,0,0,0,0,0,0,0,0,0,0,0,0,0
2024-08-15,Google Ads,Video,Fintech,Australia,154666,5939,0.0384,1.28,7601.92,366,20.77,24965.13,3.28,0.0383988724089328,1.28,20.770273224043716,3.2840558700959757,1.12759106719873e-06,0.0,-0.0002732240437168798,-0.004055870095975855,3.8398872408932796,1,1,1,1,0,0,0,0,0,0,0,0,0,0,0,0,0
2024-08-22,TikTok Ads,Video,E-commerce,USA,9722,455,0.0469,1.21,550.55,29,18.98,3533.89,6.42,0.046801069738736885,1.21,18.98448275862069,6.418835709744801,9.893026126311238e-05,0.0,-0.004482758620689253,0.0011642902551987078,4.680106973873689,1,1,1,1,0,0,0,0,0,0,0,0,0,0,0,0,0
2024-08-10,Google Ads,Display,Fintech,Australia,24464,511,0.0209,1.12,572.32,20,28.62,5921.83,10.35,0.020887835186396336,1.12,28.616000000000003,10.347061084707855,1.2164813603662145e-05,0.0,0.003999999999997783,0.002938915292144628,2.0887835186396337,1,1,1,1,0,0,0,0,0,0,0,0,0,0,0,0,0
2024-02-09,Meta Ads,Video,E-commerce,India,170413,3936,0.0231,0.71,2794.56,63,44.36,12671.79,4.53,0.023096829467235482,0.71,44.35809523809524,4.534449072483683,3.170532764516787e-06,0.0,0.0019047619047611875,-0.004449072483682315,2.309682946723548,1,1,1,1,0,0,0,0,0,0,0,0,0,0,0,0,0
2024-03-12,TikTok Ads,Video,Fintech,Germany,109205,4499,0.0412,0.84,3779.16,49,77.13,13660.38,3.61,0.041197747355890296,0.84,77.12571428571428,3.61466040072397,2.2526441097042715e-06,0.0,0.004285714285714448,-0.004660400723970337,4.119774735589029,1,1,1,1,0,0,0,0,0,0,0,0,0,0,0,0,0
2024-08-20,Google Ads,Shopping,E-commerce,Germany,161926,5424,0.0335,3.29,17844.96,87,205.11,11807.21,0.66,0.033496782480886333,3.29,205.11448275862068,0.6616551676215581,3.217519113668521e-06,0.0,-0.004482758620667937,-0.0016551676215580402,3.349678248088633,1,1,1,1,0,0,0,0,0,0,0,0,0,1,0,0,0
2024-10-14,Meta Ads,Search,E-commerce,UK,125725,1646,0.0131,0.81,1333.26,19,70.17,2319.58,1.74,0.013092066017100815,0.8099999999999999,70.17157894736842,1.7397806879378366,7.933982899185552e-06,1.1102230246251565e-16,-0.001578947368415129,0.0002193120621634126,1.3092066017100814,1,1,1,1,0,0,0,0,0,0,0,0,0,0,0,0,0
2024-05-17,TikTok Ads,Video,Healthcare,UAE,116301,4198,0.0361,1.45,6087.1,212,28.71,37780.9,6.21,0.036095992295853,1.4500000000000002,28.712735849056607,6.206715841698017,4.00770414699797e-06,-2.220446049250313e-16,-0.0027358490566058435,0.00328415830198292,3.6095992295853003,1,1,1,1,0,0,0,0,0,0,0,0,0,0,0,0,0
2024-12-12,Google Ads,Shopping,SaaS,Canada,88251,2665,0.0302,1.29,3437.85,151,22.77,17509.21,5.09,0.030197958096792106,1.29,22.767218543046358,5.093069796529808,2.0419032078951294e-06,0.0,0.0027814569536417366,-0.003069796529808322,3.0197958096792106,1,1,1,1,0,0,0,0,0,0,0,0,0,0,0,0,0
2024-10-12,Google Ads,Video,EdTech,Germany,185378,3244,0.0175,1.82,5904.08,246,24.0,67552.8,11.44,0.017499379645912676,1.82,24.000325203252032,11.44171488191217,6.2035408732522e-07,0.0,-0.00032520325203222455,-0.00171488191216973,1.7499379645912676,1,1,1,1,0,0,0,0,0,0,0,0,0,0,0,0,0
2024-08-13,Meta Ads,Shopping,SaaS,USA,177905,5532,0.0311,0.98,5421.36,370,14.65,14673.05,2.71,0.03109524746353391,0.98,14.652324324324324,2.706525668835864,4.752536466090529e-06,0.0,-0.0023243243243236122,0.0034743311641358687,3.109524746353391,1,1,1,1,0,0,0,0,0,0,0,0,0,0,0,0,0
2024-08-16,Meta Ads,Video,E-commerce,Canada,122845,2714,0.0221,0.57,1546.98,143,10.82,36419.79,23.54,0.022092881273149092,0.5700000000000001,10.818041958041958,23.542508629717254,7.1187268509097235e-06,-1.1102230246251565e-16,0.0019580419580425,-0.002508629717254962,2.209288127314909,1,1,1,1,0,0,0,0,0,0,0,0,0,0,0,1,0
2024-06-17,Meta Ads,Video,Healthcare,Germany,36017,1210,0.0336,1.01,1222.1,28,43.65,1258.31,1.03,0.033595246689063496,1.01,43.646428571428565,1.0296293265690206,4.753310936501942e-06,0.0,0.0035714285714334437,0.00037067343097940686,3.3595246689063494,1,1,1,1,0,0,0,0,0,0,0,0,0,0,0,0,0
2024-05-13,Google Ads,Search,EdTech,USA,71267,3962,0.0556,0.93,3684.66,287,12.84,50107.59,13.6,0.05559375306944308,0.9299999999999999,12.838536585365853,13.598972496783963,6.2469305569176625e-06,1.1102230246251565e-16,0.0014634146341467869,0.0010275032160365072,5.5593753069443075,1,1,1,1,0,0,0,0,0,0,0,0,0,0,0,0,0
2024-01-04,Meta Ads,Display,EdTech,India,97152,1156,0.0119,0.54,624.24,43,14.52,4965.75,7.95,0.011898880105401844,0.54,14.51720930232558,7.9548731257208765,1.1198945981567843e-06,0.0,0.0027906976744187517,-0.004873125720876281,1.1898880105401843,1,1,1,1,0,0,0,0,0,0,0,0,0,0,0,0,0
2024-09-03,Meta Ads,Shopping,E-commerce,USA,33834,906,0.0268,0.88,797.28,23,34.66,2361.23,2.96,0.026777797481823018,0.88,34.66434782608695,2.9616069636765,2.2202518176982905e-05,0.0,-0.004347826086956275,-0.0016069636765001505,2.677779748182302,1,1,1,1,0,0,0,0,0,0,0,0,0,0,0,0,0
2024-12-14,TikTok Ads,Shopping,E-commerce,Canada,183775,7093,0.0386,1.0,7093.0,373,19.02,88634.0,12.5,0.038596109372874436,1.0,19.01608579088472,12.495981954039193,3.890627125566204e-06,0.0,0.003914209115279732,0.004018045960807015,3.8596109372874436,1,1,1,1,0,0,0,0,0,0,0,0,0,0,1,0,0
2024-08-31,Meta Ads,Search,Fintech,UAE,199405,5204,0.0261,0.96,4995.84,333,15.0,25169.83,5.04,0.026097640480429278,0.9600000000000001,15.002522522522524,5.038157747245709,2.3595195707236394e-06,-1.1102230246251565e-16,-0.002522522522523829,0.0018422527542911737,2.6097640480429276,1,1,1,1,0,0,0,0,0,0,0,0,0,0,0,0,0
2024-03-19,TikTok Ads,Search,Healthcare,Germany,169512,9475,0.0559,1.41,13359.75,203,65.81,26995.02,2.02,0.055895747793666524,1.41,65.8115763546798,2.0206231404030763,4.25220633347434e-06,0.0,-0.0015763546797984418,-0.0006231404030763166,5.589574779366653,1,1,1,1,0,0,0,0,0,0,0,0,0,0,0,0,0
2024-11-06,Google Ads,Display,EdTech,India,14884,541,0.0364,3.25,1758.25,43,40.89,4123.58,2.35,0.03634775597957538,3.25,40.88953488372093,2.345275131522821,5.224402042462023e-05,0.0,0.0004651162790736407,0.004724868477179012,3.634775597957538,1,1,1,1,0,0,0,0,0,0,0,0,0,0,0,0,0
2024-11-19,TikTok Ads,Shopping,Healthcare,Germany,47623,1695,0.0356,1.85,3135.75,36,87.1,9884.86,3.15,0.03559204586019361,1.85,87.10416666666667,3.1523112493024,7.954139806393146e-06,0.0,-0.004166666666677088,-0.002311249302400231,3.559204586019361,1,1,1,1,0,0,0,0,0,0,0,0,0,0,0,0,0
2024-11-24,Meta Ads,Search,E-commerce,USA,102780,1952,0.019,1.2,2342.4,63,37.18,16160.9,6.9,0.01899202179412337,1.2,37.180952380952384,6.899291325136612,7.978205876630479e-06,0.0,-0.0009523809523841464,0.0007086748633886586,1.8992021794123368,1,1,1,1,0,0,0,0,0,0,0,0,0,0,0,0,0
2024-02-10,Google Ads,Shopping,Healthcare,Australia,167717,4142,0.0247,1.73,7165.66,71,100.92,15937.54,2.22,0.02469636351711514,1.73,100.92478873239436,2.224155206917437,3.636482884858405e-06,0.0,-0.00478873239435984,-0.004155206917436871,2.469636351711514,1,1,1,1,0,0,0,0,0,0,0,0,0,0,0,0,0
2024-09-05,Meta Ads,Search,E-commerce,UK,189598,6673,0.0352,1.99,13279.27,170,78.11,36177.68,2.72,0.03519551894007321,1.99,78.11335294117647,2.7243726500025978,4.481059926793318e-06,0.0,-0.003352941176473223,-0.004372650002597567,3.519551894007321,1,1,1,1,0,0,0,0,0,0,0,0,0,0,0,0,0
2024-01-21,TikTok Ads,Display,SaaS,Germany,92273,6237,0.0676,1.41,8794.17,291,30.22,72065.02,8.19,0.06759290366629458,1.41,30.220515463917526,8.194635764375718,7.096333705408631e-06,0.0,-0.0005154639175266595,-0.004635764375718665,6.759290366629458,1,1,1,1,0,0,0,0,0,0,0,0,0,0,0,0,0
2024-09-05,Google Ads,Display,Fintech,UK,118884,5932,0.0499,2.95,17499.4,450,38.89,121374.91,6.94,0.04989737895763938,2.95,38.88755555555556,6.93594694675246,2.621042360623216e-06,0.0,0.002444444444442695,0.004053053247540461,4.989737895763938,1,1,1,1,0,0,0,0,0,0,0,0,0,0,1,0,0
2024-04-04,Google Ads,Search,Healthcare,Australia,84303,4417,0.0524,3.12,13781.04,100,137.81,20354.89,1.48,0.052394339465973924,3.12,137.81040000000002,1.4770213278533404,5.6605340260779125e-06,0.0,-0.0004000000000132786,0.002978672146659589,5.2394339465973925,1,1,1,1,0,0,0,0,0,0,0,0,0,1,0,0,0
2024-01-04,Google Ads,Video,EdTech,Germany,89730,4621,0.0515,2.68,12384.28,277,44.71,13483.54,1.09,0.05149894126824919,2.68,44.708592057761734,1.0887625279790185,1.0587317508040095e-06,0.0,0.0014079422382664575,0.001237472020981567,5.149894126824919,1,1,1,1,0,0,0,0,0,0,0,0,0,0,0,0,0
2024-11-30,Google Ads,Search,SaaS,UK,174737,5207,0.0298,1.44,7498.08,398,18.84,90351.24,12.05,0.029799069458672178,1.44,18.839396984924623,12.049916778695346,9.305413278225261e-07,0.0,0.0006030150753773,8.322130465465705e-05,2.9799069458672176,1,1,1,1,0,0,0,0,0,0,0,0,0,0,1,0,0
2024-09-10,Google Ads,Shopping,Healthcare,Germany,145508,7158,0.0492,1.44,10307.52,566,18.21,76404.29,7.41,0.04919317150947027,1.4400000000000002,18.21116607773852,7.412480402657477,6.828490529728337e-06,-2.220446049250313e-16,-0.0011660777385174015,-0.0024804026574765103,4.919317150947027,1,1,1,1,0,0,0,0,0,0,0,0,1,0,0,0,0
2024-04-24,Google Ads,Shopping,EdTech,Australia,75649,1792,0.0237,2.78,4981.76,110,45.29,12588.99,2.53,0.023688350143425557,2.7800000000000002,45.28872727272727,2.5270165563977387,1.1649856574442313e-05,-4.440892098500626e-16,0.0012727272727275363,0.0029834436022611044,2.368835014342556,1,1,1,1,0,0,0,0,0,0,0,0,0,0,0,0,0
2024-03-25,TikTok Ads,Display,E-commerce,UK,85522,3378,0.0395,0.35,1182.3,167,7.08,30312.31,25.64,0.039498608545169664,0.35,7.079640718562874,25.638425103611606,1.3914548303364804e-06,0.0,0.00035928143712649074,0.0015748963883943645,3.9498608545169662,1,1,1,1,0,0,0,0,0,0,0,0,0,0,0,1,0
2024-11-19,Meta Ads,Shopping,Healthcare,Canada,19588,434,0.0222,1.77,768.18,5,153.64,560.03,0.73,0.02215642229936696,1.7699999999999998,153.636,0.7290348616209743,4.357770063304067e-05,2.220446049250313e-16,0.003999999999990678,0.0009651383790256762,2.2156422299366962,1,1,1,1,0,0,0,0,0,0,0,0,0,1,0,0,0
2024-11-02,TikTok Ads,Video,E-commerce,Canada,92985,8024,0.0863,0.85,6820.4,520,13.12,150774.99,22.11,0.08629348819702103,0.85,13.116153846153846,22.106473227376693,6.511802978975689e-06,0.0,0.0038461538461529443,0.0035267726233065844,8.629348819702102,1,1,1,1,0,0,0,0,0,0,0,0,0,0,1,1,0
2024-03-21,Google Ads,Video,E-commerce,USA,134198,2670,0.0199,3.15,8410.5,71,118.46,14769.75,1.76,0.019895974604688595,3.15,118.45774647887323,1.7561084358837167,4.025395311406388e-06,0.0,0.0022535211267609156,0.0038915641162833303,1.9895974604688595,1,1,1,1,0,0,0,0,0,0,0,0,0,1,0,0,0
2024-12-06,TikTok Ads,Search,E-commerce,Canada,25951,809,0.0312,0.48,388.32,61,6.37,10397.04,26.77,0.03117413587145004,0.48,6.365901639344262,26.77441285537701,2.5864128549959314e-05,0.0,0.004098360655738098,-0.0044128553770121925,3.1174135871450037,1,1,1,1,0,0,0,0,0,0,0,0,0,0,0,1,0
2024-10-19,Google Ads,Shopping,E-commerce,UK,55385,1678,0.0303,1.44,2416.32,64,37.76,18110.48,7.5,0.03029701182630676,1.4400000000000002,37.755,7.495066878559131,2.9881736932392544e-06,-2.220446049250313e-16,0.0049999999999954525,0.004933121440869215,3.029701182630676,1,1,1,1,0,0,0,0,0,0,0,0,0,0,0,0,0
2024-01-01,Google Ads,Search,SaaS,India,21702,1000,0.0461,3.17,3170.0,17,186.47,3670.88,1.16,0.04607870242373975,3.17,186.47058823529412,1.158006309148265,2.1297576260251305e-05,0.0,-0.0005882352941171121,0.0019936908517348417,4.607870242373975,1,1,1,1,0,0,0,0,0,0,0,0,0,1,0,0,0
2024-02-27,TikTok Ads,Search,SaaS,UAE,195972,13796,0.0704,0.5,6898.0,645,10.69,54701.33,7.93,0.07039781193231687,0.5,10.694573643410854,7.930027544215715,2.1880676831370627e-06,0.0,-0.004573643410854089,-2.754421571538046e-05,7.039781193231686,1,1,1,1,0,0,0,0,1,0,0,0,1,0,0,0,0
2024-09-12,Meta Ads,Search,Healthcare,UAE,73447,2401,0.0327,1.44,3457.44,93,37.18,11150.38,3.23,0.032690239220117906,1.44,37.17677419354839,3.2250393354620757,9.76077988209395e-06,0.0,0.0032258064516099694,0.00496066453792432,3.2690239220117907,1,1,1,1,0,0,0,0,0,0,0,0,0,0,0,0,0
2024-10-17,Meta Ads,Search,Healthcare,UAE,55867,1681,0.0301,1.98,3328.38,32,104.01,3790.94,1.14,0.03008931927613797,1.98,104.011875,1.1389745161309706,1.0680723862028368e-05,0.0,-0.0018749999999982947,0.0010254838690293422,3.008931927613797,1,1,1,1,0,0,0,0,0,0,0,0,0,0,0,0,0
2024-05-19,Google Ads,Display,Fintech,UK,64567,1439,0.0223,2.29,3295.31,64,51.49,4231.38,1.28,0.02228692675825112,2.29,51.48921875,1.2840612871019723,1.3073241748880193e-05,0.0,0.0007812500000028422,-0.0040612871019722885,2.228692675825112,1,1,1,1,0,0,0,0,0,0,0,0,0,0,0,0,0
2024-07-02,TikTok Ads,Shopping,SaaS,Canada,97254,3374,0.0347,1.65,5567.1,63,88.37,17255.15,3.1,0.0346926604561252,1.6500000000000001,88.36666666666667,3.09948626753606,7.339543874801402e-06,-2.220446049250313e-16,0.0033333333333303017,0.000513732463939931,3.46926604561252,1,1,1,1,0,0,0,0,0,0,0,0,0,0,0,0,0
2024-01-20,Meta Ads,Shopping,Healthcare,UK,147897,2144,0.0145,1.94,4159.36,24,173.31,3826.61,0.92,0.01449657531931006,1.94,173.30666666666664,0.9199997114940761,3.4246806899403126e-06,0.0,0.0033333333333587234,2.885059239288168e-07,1.449657531931006,1,1,1,1,0,0,0,0,0,0,0,0,0,1,0,0,0
2024-09-13,Meta Ads,Display,Healthcare,Germany,115379,5134,0.0445,2.41,12372.94,391,31.64,109895.16,8.88,0.04449683217916605,2.41,31.644347826086957,8.881895491289864,3.1678208339477876e-06,0.0,-0.004347826086956275,-0.001895491289863216,4.449683217916605,1,1,1,1,0,0,0,0,0,0,0,0,0,0,1,0,0
2024-03-03,Google Ads,Search,Fintech,UK,51566,1531,0.0297,1.39,2128.09,112,19.0,6716.48,3.16,0.029690105883721833,1.3900000000000001,19.000803571428573,3.1561071195297186,9.894116278167525e-06,-2.220446049250313e-16,-0.0008035714285732354,0.003892880470281579,2.9690105883721833,1,1,1,1,0,0,0,0,0,0,0,0,0,0,0,0,0
2024-06-18,Google Ads,Search,Healthcare,UAE,184889,6212,0.0336,2.17,13480.04,73,184.66,2434.91,0.18,0.033598537500878906,2.17,184.65808219178084,0.18063076964163308,1.4624991210923644e-06,0.0,0.001917808219161543,-0.0006307696416330832,3.3598537500878907,1,1,1,1,0,0,0,0,0,0,0,0,0,1,0,0,0
2024-04-17,TikTok Ads,Shopping,EdTech,Australia,100028,7402,0.074,0.73,5403.46,100,54.03,7280.48,1.35,0.07399928020154357,0.73,54.0346,1.3473737198017566,7.197984564222271e-07,0.0,-0.004599999999996385,0.0026262801982435136,7.399928020154357,1,1,1,1,0,0,0,0,0,0,0,0,0,0,0,0,0
2024-07-31,TikTok Ads,Search,EdTech,India,29741,1287,0.0433,1.23,1583.01,55,28.78,6012.36,3.8,0.04327359537339027,1.23,28.782,3.7980556029336516,2.6404626609730086e-05,0.0,-0.0019999999999988916,0.0019443970663481913,4.327359537339027,1,1,1,1,0,0,0,0,0,0,0,0,0,0,0,0,0
2024-03-12,Google Ads,Shopping,Fintech,Australia,155033,5782,0.0373,2.17,12546.94,248,50.59,71470.23,5.7,0.037295285519857065,2.17,50.5925,5.696227924896428,4.71448014293524e-06,0.0,-0.0024999999999977263,0.0037720751035719147,3.7295285519857067,1,1,1,1,0,0,0,0,0,0,0,0,0,0,0,0,0
2024-08-15,TikTok Ads,Shopping,Fintech,Canada,13562,790,0.0583,1.18,932.2,40,23.3,7014.55,7.52,0.05825099542840289,1.1800000000000002,23.305,7.52472645355074,4.900457159710825e-05,-2.220446049250313e-16,-0.004999999999999005,-0.00472645355074075,5.825099542840289,1,1,1,1,0,0,0,0,0,0,0,0,0,0,0,0,0
2024-01-18,Meta Ads,Shopping,Healthcare,UAE,84830,2612,0.0308,1.98,5171.76,84,61.57,6284.59,1.22,0.030790993752210304,1.98,61.56857142857143,1.2151743313688184,9.006247789697386e-06,0.0,0.0014285714285691142,0.004825668631181612,3.0790993752210305,1,1,1,1,0,0,0,0,0,0,0,0,0,0,0,0,0
2024-05-21,Meta Ads,Shopping,Healthcare,Germany,119427,1146,0.0096,1.93,2211.78,27,81.92,5094.36,2.3,0.009595820040694316,1.9300000000000002,81.91777777777779,2.3032851368580958,4.179959305683489e-06,-2.220446049250313e-16,0.002222222222215464,-0.0032851368580959495,0.9595820040694316,1,1,1,1,0,0,0,0,0,0,0,0,0,0,0,0,0
2024-08-15,Google Ads,Shopping,EdTech,India,175623,9483,0.054,0.97,9198.51,268,34.32,79311.56,8.62,0.05399634444235664,0.97,34.322798507462686,8.622218163593885,3.6555576433602854e-06,0.0,-0.0027985074626855067,-0.0022181635938860467,5.399634444235664,1,1,1,1,0,0,0,0,0,0,0,0,0,0,0,0,0
2024-07-25,Google Ads,Search,SaaS,Australia,93919,4968,0.0529,2.55,12668.4,308,41.13,66254.75,5.23,0.05289664498131368,2.55,41.13116883116883,5.229922484291623,3.355018686319877e-06,0.0,-0.0011688311688260455,7.751570837744026e-05,5.289664498131368,1,1,1,1,0,0,0,0,0,0,0,0,0,0,0,0,0
2024-11-04,TikTok Ads,Display,Fintech,UAE,46190,3030,0.0656,0.42,1272.6,183,6.95,38945.83,30.6,0.06559861441870535,0.42,6.954098360655737,30.603355335533557,1.3855812946578228e-06,0.0,-0.00409836065573721,-0.0033553355335556034,6.5598614418705345,1,1,1,1,0,0,0,0,0,0,0,0,0,0,0,1,0
2024-10-29,Meta Ads,Display,Healthcare,Australia,152996,3136,0.0205,1.79,5613.44,82,68.46,6472.17,1.15,0.020497267902428822,1.7899999999999998,68.45658536585366,1.1529774968646678,2.732097571178649e-06,2.220446049250313e-16,0.003414634146338358,-0.0029774968646678612,2.0497267902428824,1,1,1,1,0,0,0,0,0,0,0,0,0,0,0,0,0
2024-06-03,TikTok Ads,Shopping,E-commerce,UAE,62600,3142,0.0502,0.71,2230.82,245,9.11,17495.08,7.84,0.05019169329073483,0.7100000000000001,9.105387755102042,7.842443585766669,8.306709265173962e-06,-1.1102230246251565e-16,0.004612244897957751,-0.002443585766669365,5.019169329073483,1,1,1,1,0,0,0,0,0,0,0,0,0,0,0,0,0
2024-02-29,Meta Ads,Search,E-commerce,UAE,36127,610,0.0169,1.11,677.1,45,15.05,6906.4,10.2,0.016884878345835526,1.11,15.046666666666667,10.199970462265544,1.5121654164472476e-05,0.0,0.0033333333333338544,2.953773445568686e-05,1.6884878345835526,1,1,1,1,0,0,0,0,0,0,0,0,0,0,0,0,0
2024-04-28,TikTok Ads,Video,EdTech,India,110940,6512,0.0587,1.41,9181.92,108,85.02,14612.87,1.59,0.058698395529114836,1.41,85.01777777777778,1.5914830449404918,1.6044708851664646e-06,0.0,0.002222222222215464,-0.0014830449404916735,5.8698395529114835,1,1,1,1,0,0,0,0,0,0,0,0,0,0,0,0,0
2024-04-01,Meta Ads,Search,E-commerce,UK,91332,3762,0.0412,0.65,2445.3,125,19.56,31285.11,12.79,0.04119038234134805,0.65,19.5624,12.793976199239356,9.617658651948913e-06,0.0,-0.002400000000001512,-0.003976199239357214,4.1190382341348055,1,1,1,1,0,0,0,0,0,0,0,0,0,0,0,0,0
2024-08-27,TikTok Ads,Video,EdTech,UAE,149526,4321,0.0289,0.78,3370.38,120,28.09,25118.55,7.45,0.02889798429704533,0.78,28.0865,7.4527352998771645,2.015702954667742e-06,0.0,0.0034999999999989484,-0.0027352998771643655,2.889798429704533,1,1,1,1,0,0,0,0,0,0,0,0,0,0,0,0,0
2024-04-29,Meta Ads,Search,Healthcare,USA,77746,2861,0.0368,1.04,2975.44,82,36.29,21523.93,7.23,0.036799320865382144,1.04,36.28585365853659,7.2338645712902965,6.791346178550151e-07,0.0,0.004146341463410863,-0.0038645712902960483,3.6799320865382144,1,1,1,1,0,0,0,0,0,0,0,0,0,0,0,0,0
2024-04-17,Google Ads,Video,Healthcare,UK,105804,3110,0.0294,0.97,3016.7,200,15.08,49067.29,16.27,0.0293939737628067,0.97,15.083499999999999,16.26522027380913,6.026237193298978e-06,0.0,-0.0034999999999989484,0.004779726190868416,2.93939737628067,1,1,1,1,0,0,0,0,0,0,0,0,0,0,0,0,0
2024-09-15,Meta Ads,Video,Fintech,Germany,37599,1225,0.0326,1.3,1592.5,73,21.82,19164.89,12.03,0.03258065374079098,1.3,21.815068493150687,12.034467817896388,1.934625920901878e-05,0.0,0.004931506849313649,-0.004467817896388837,3.2580653740790977,1,1,1,1,0,0,0,0,0,0,0,0,0,0,0,0,0
2024-04-14,Google Ads,Shopping,E-commerce,India,9791,519,0.0531,3.95,2050.05,40,51.25,2255.24,1.1,0.05300786436523338,3.95,51.251250000000006,1.1000902417014218,9.213563476662134e-05,0.0,-0.0012500000000059686,-9.024170142168941e-05,5.300786436523338,1,1,1,1,0,0,0,0,0,0,1,0,0,0,0,0,0
2024-02-29,Google Ads,Search,Healthcare,USA,34802,1708,0.0491,2.9,4953.2,72,68.79,6827.25,1.38,0.049077639216137,2.9,68.79444444444444,1.3783513688120812,2.2360783862994393e-05,0.0,-0.004444444444430928,0.0016486311879186921,4.9077639216137,1,1,1,1,0,0,0,0,0,0,0,0,0,0,0,0,0
2024-10-17,TikTok Ads,Display,Healthcare,India,81394,5192,0.0638,0.94,4880.48,253,19.29,41499.01,8.5,0.063788485637762,0.94,19.290434782608695,8.503059125331935,1.1514362237993736e-05,0.0,-0.000434782608696338,-0.0030591253319354195,6.3788485637762005,1,1,1,1,0,0,0,0,0,0,0,0,0,0,0,0,0
2024-09-06,Google Ads,Shopping,E-commerce,Germany,101299,3504,0.0346,1.8,6307.2,250,25.23,36776.35,5.83,0.034590667232647906,1.8,25.2288,5.830852042110604,9.332767352092375e-06,0.0,0.001200000000000756,-0.0008520421106039677,3.4590667232647907,1,1,1,1,0,0,0,0,0,0,0,0,0,0,0,0,0
2024-08-30,Meta Ads,Video,Healthcare,Germany,140431,1544,0.011,0.52,802.88,74,10.85,2904.54,3.62,0.010994723387286283,0.52,10.849729729729729,3.6176514547628535,5.276612713716808e-06,0.0,0.0002702702702706006,0.00234854523714656,1.0994723387286283,1,1,1,1,0,0,0,0,0,0,0,0,0,0,0,0,0
2024-06-04,Google Ads,Video,SaaS,Canada,113368,5260,0.0464,1.31,6890.6,168,41.02,8983.58,1.3,0.04639757250723308,1.31,41.01547619047619,1.3037442312715872,2.427492766916839e-06,0.0,0.004523809523810485,-0.003744231271587184,4.639757250723308,1,1,1,1,0,0,0,0,0,0,0,0,0,0,0,0,0
2024-06-18,Google Ads,Display,E-commerce,Germany,89263,3695,0.0414,1.77,6540.15,155,42.19,19291.23,2.95,0.041394530768627535,1.7699999999999998,42.19451612903226,2.949661705006766,5.469231372463856e-06,2.220446049250313e-16,-0.0045161290322610625,0.0003382949932340118,4.139453076862754,1,1,1,1,0,0,0,0,0,0,0,0,0,0,0,0,0
2024-08-01,Meta Ads,Display,E-commerce,USA,168947,4510,0.0267,1.94,8749.4,179,48.88,48341.14,5.53,0.026694762262721446,1.94,48.87932960893855,5.525080576953848,5.237737278555865e-06,0.0,0.0006703910614547226,0.004919423046152005,2.6694762262721445,1,1,1,1,0,0,0,0,0,0,0,0,0,0,0,0,0
2024-06-13,TikTok Ads,Search,EdTech,UAE,139511,8384,0.0601,1.35,11318.4,209,54.16,26357.3,2.33,0.06009561970023869,1.3499999999999999,54.15502392344497,2.3287125388747527,4.380299761311268e-06,2.220446049250313e-16,0.004976076555024633,0.0012874611252473578,6.009561970023869,1,1,1,1,0,0,0,0,0,0,0,0,0,0,0,0,0
2024-09-12,Google Ads,Search,Fintech,UK,25927,1501,0.0579,1.01,1516.01,44,34.45,4091.03,2.7,0.057893315848343424,1.01,34.454772727272726,2.6985508011160877,6.684151656576043e-06,0.0,-0.004772727272722932,0.0014491988839124836,5.7893315848343425,1,1,1,1,0,0,0,0,0,0,0,0,0,0,0,0,0
2024-11-20,Meta Ads,Shopping,E-commerce,Germany,165322,4529,0.0274,1.73,7835.17,167,46.92,38358.92,4.9,0.0273950230459346,1.73,46.917185628742516,4.895735510524979,4.976954065399886e-06,0.0,0.002814371257485959,0.004264489475021449,2.73950230459346,1,1,1,1,0,0,0,0,0,0,0,0,0,0,0,0,0
2024-12-13,Meta Ads,Video,Healthcare,India,149542,2497,0.0167,1.04,2596.88,70,37.1,12612.87,4.86,0.016697650158483904,1.04,37.098285714285716,4.856932164751548,2.3498415160951025e-06,0.0,0.0017142857142857792,0.003067835248452333,1.6697650158483905,1,1,1,1,0,0,0,0,0,0,0,0,0,0,0,0,0
2024-09-17,Meta Ads,Video,Healthcare,UK,20021,462,0.0231,1.57,725.34,20,36.27,4554.08,6.28,0.02307577044103691,1.57,36.267,6.278545233959246,2.4229558963088232e-05,0.0,0.0030000000000001137,0.0014547660407542296,2.307577044103691,1,1,1,1,0,0,0,0,0,0,0,0,0,0,0,0,0
2024-01-16,Google Ads,Shopping,SaaS,UAE,31783,781,0.0246,1.16,905.96,49,18.49,4886.84,5.39,0.024572884875562407,1.1600000000000001,18.488979591836735,5.394101284824937,2.711512443759334e-05,-2.220446049250313e-16,0.001020408163263653,-0.0041012848249373235,2.457288487556241,1,1,1,1,0,0,0,0,0,0,0,0,0,0,0,0,0
2024-01-14,Meta Ads,Display,EdTech,India,171020,2616,0.0153,0.44,1151.04,41,28.07,9636.88,8.37,0.015296456554788914,0.44,28.074146341463415,8.372324159021407,3.5434452110849612e-06,0.0,-0.004146341463414416,-0.002324159021407368,1.5296456554788915,1,1,1,1,0,0,0,0,0,0,0,0,0,0,0,0,0
2024-01-24,Google Ads,Shopping,Fintech,Australia,31325,858,0.0274,2.12,1818.96,43,42.3,2004.67,1.1,0.027390263367917,2.12,42.30139534883721,1.1020968025685007,9.736632083000296e-06,0.0,-0.0013953488372138168,-0.002096802568500644,2.7390263367917003,1,1,1,1,0,0,0,0,0,0,0,0,0,0,0,0,0
2024-12-30,Meta Ads,Display,SaaS,Australia,49134,1026,0.0209,0.8,820.8,16,51.3,1025.05,1.25,0.02088167053364269,0.7999999999999999,51.3,1.2488425925925926,1.8329466357307894e-05,1.1102230246251565e-16,0.0,0.0011574074074074403,2.088167053364269,1,1,1,1,0,0,0,0,0,0,0,0,0,0,0,0,0
2024-04-30,Google Ads,Display,SaaS,India,114599,2028,0.0177,2.43,4928.04,29,169.93,5366.72,1.09,0.01769648949816316,2.43,169.93241379310345,1.0890171346011803,3.510501836841151e-06,0.0,-0.0024137931034431404,0.0009828653988197544,1.769648949816316,1,1,1,1,0,0,0,0,0,0,0,0,0,1,0,0,0
2024-10-08,Meta Ads,Video,Fintech,UK,198581,1985,0.01,1.76,3493.6,38,91.94,8029.71,2.3,0.009995921059920133,1.76,91.93684210526315,2.2984056560567896,4.078940079867491e-06,0.0,0.0031578947368444688,0.0015943439432102302,0.9995921059920133,1,1,1,1,0,0,0,0,0,0,0,0,0,0,0,0,0
2024-07-21,Google Ads,Video,SaaS,Canada,157890,9204,0.0583,3.37,31017.48,321,96.63,10260.33,0.33,0.05829374881246437,3.37,96.62766355140187,0.3307918631687681,6.251187535624703e-06,0.0,0.0023364485981289818,-0.0007918631687680588,5.829374881246437,1,1,1,1,0,0,0,0,0,0,0,1,0,0,0,0,0
2024-04-04,Google Ads,Search,EdTech,Germany,161215,5948,0.0369,2.27,13501.96,439,30.76,105685.25,7.83,0.036894829885556556,2.27,30.756173120728928,7.827400614429313,5.170114443446561e-06,0.0,0.0038268792710738353,0.002599385570687396,3.6894829885556555,1,1,1,1,0,0,0,0,0,0,0,0,0,0,1,0,0
2024-01-30,TikTok Ads,Video,Fintech,India,48147,3562,0.074,0.42,1496.04,163,9.18,41382.29,27.66,0.07398176418053046,0.42,9.178159509202453,27.661218951364937,1.8235819469539227e-05,0.0,0.0018404907975462237,-0.0012189513649367711,7.398176418053046,1,1,1,1,0,0,0,0,0,0,0,0,0,0,0,1,0
2024-04-04,Meta Ads,Video,EdTech,USA,90818,3287,0.0362,0.8,2629.6,123,21.38,11242.68,4.28,0.03619326565218349,0.7999999999999999,21.378861788617886,4.275433526011561,6.734347816512998e-06,1.1102230246251565e-16,0.001138211382112786,0.004566473988439235,3.619326565218349,1,1,1,1,0,0,0,0,0,0,0,0,0,0,0,0,0
2024-06-28,Google Ads,Video,SaaS,India,118415,6500,0.0549,1.74,11310.0,458,24.69,110383.15,9.76,0.05489169446438374,1.74,24.694323144104803,9.759783377541998,8.305535616259796e-06,0.0,-0.004323144104802168,0.00021662245800158075,5.489169446438374,1,1,1,1,0,0,0,0,0,0,0,0,0,0,1,0,0
2024-11-13,TikTok Ads,Shopping,SaaS,Germany,113886,4965,0.0436,1.34,6653.1,141,47.19,24007.44,3.61,0.04359622780675412,1.34,47.185106382978724,3.60845921450151,3.7721932458767427e-06,0.0,0.00489361702127411,0.001540785498489683,4.359622780675412,1,1,1,1,0,0,0,0,0,0,0,0,0,0,0,0,0
2024-03-29,Meta Ads,Display,Healthcare,USA,113668,2864,0.0252,1.57,4496.48,81,55.51,6109.21,1.36,0.025196185381989655,1.5699999999999998,55.51209876543209,1.358665000177917,3.8146180103455773e-06,2.220446049250313e-16,-0.0020987654320947513,0.0013349998220830717,2.5196185381989653,1,1,1,1,0,0,0,0,0,0,0,0,0,0,0,0,0
2024-06-21,Meta Ads,Shopping,Healthcare,Australia,76880,1798,0.0234,1.18,2121.64,91,23.31,8926.11,4.21,0.02338709677419355,1.18,23.314725274725273,4.207174638487208,1.2903225806451535e-05,0.0,-0.004725274725274176,0.0028253615127917797,2.338709677419355,1,1,1,1,0,0,0,0,0,0,0,0,0,0,0,0,0
2024-09-28,Google Ads,Search,EdTech,Australia,138438,4734,0.0342,3.54,16758.36,191,87.74,38220.88,2.28,0.034195813288259005,3.54,87.74010471204188,2.2807052718762453,4.186711740995774e-06,0.0,-0.00010471204188888805,-0.0007052718762454724,3.4195813288259007,1,1,1,1,0,0,0,0,0,0,0,0,0,0,0,0,0
2024-11-10,Google Ads,Search,E-commerce,Germany,34764,1251,0.036,0.83,1038.33,83,12.51,3361.16,3.24,0.03598550224370038,0.83,12.51,3.23708262305818,1.4497756299615416e-05,0.0,0.0,0.002917376941820038,3.598550224370038,1,1,1,1,0,0,0,0,0,0,0,0,0,0,0,0,0
2024-03-27,Meta Ads,Video,Fintech,Canada,61387,1608,0.0262,2.09,3360.72,96,35.01,12312.27,3.66,0.02619447114209849,2.09,35.0075,3.6635810183532103,5.528857901511419e-06,0.0,0.0024999999999977263,-0.003581018353210119,2.6194471142098488,1,1,1,1,0,0,0,0,0,0,0,0,0,0,0,0,0
2024-11-01,TikTok Ads,Shopping,SaaS,UAE,139607,10289,0.0737,0.91,9362.99,580,16.14,94107.07,10.05,0.07369974284957058,0.91,16.14308620689655,10.050963420873034,2.5715042942242583e-07,0.0,-0.003086206896551147,-0.0009634208730329163,7.369974284957058,1,1,1,1,0,0,0,0,0,0,0,0,1,0,1,0,0
2024-02-03,Meta Ads,Shopping,EdTech,UK,48271,1182,0.0245,1.94,2293.08,30,76.44,2529.5,1.1,0.024486751880010774,1.94,76.43599999999999,1.1031015053988522,1.3248119989227314e-05,0.0,0.0040000000000048885,-0.0031015053988521224,2.4486751880010775,1,1,1,1,0,0,0,0,0,0,0,0,0,0,0,0,0
2024-11-21,TikTok Ads,Search,EdTech,Australia,181833,10018,0.0551,0.48,4808.64,686,7.01,153650.81,31.95,0.05509450979745151,0.48000000000000004,7.009679300291546,31.95306989086311,5.490202548495693e-06,-5.551115123125783e-17,0.00032069970845416407,-0.0030698908631094923,5.509450979745151,1,1,1,1,0,0,0,0,0,0,0,0,1,0,1,1,0
2024-05-20,Meta Ads,Video,E-commerce,USA,83678,2761,0.033,1.66,4583.26,35,130.95,4630.48,1.01,0.03299553048591027,1.6600000000000001,130.9502857142857,1.01030271029791,4.469514089729121e-06,-2.220446049250313e-16,-0.00028571428572377044,-0.0003027102979100693,3.299553048591027,1,1,1,1,0,0,0,0,0,0,0,0,0,1,0,0,0
2024-04-25,Google Ads,Search,SaaS,Australia,32898,1743,0.053,1.17,2039.31,130,15.69,31968.71,15.68,0.05298194419113624,1.17,15.687,15.676238531660218,1.8055808863756684e-05,0.0,0.0030000000000001137,0.0037614683397819704,5.298194419113624,1,1,1,1,0,0,0,0,0,0,0,0,0,0,0,0,0
2024-09-03,Meta Ads,Search,Healthcare,Germany,36153,882,0.0244,1.68,1481.76,62,23.9,16744.05,11.3,0.02439631565845158,1.68,23.899354838709677,11.300109329446064,3.6843415484218156e-06,0.0,0.0006451612903219939,-0.0001093294460634553,2.439631565845158,1,1,1,1,0,0,0,0,0,0,0,0,0,0,0,0,0
2024-06-14,Meta Ads,Search,Healthcare,USA,140372,4548,0.0324,1.44,6549.12,125,52.39,23552.19,3.6,0.03239962385660958,1.44,52.39296,3.5962373570800352,3.7614339042091327e-07,0.0,-0.002960000000001628,0.0037626429199648648,3.2399623856609576,1,1,1,1,0,0,0,0,0,0,0,0,0,0,0,0,0
2024-01-27,TikTok Ads,Video,SaaS,UAE,196889,9568,0.0486,0.93,8898.24,137,64.95,34964.66,3.93,0.048595909370254306,0.9299999999999999,64.95065693430656,3.9293905311612187,4.090629745691354e-06,1.1102230246251565e-16,-0.0006569343065621069,0.0006094688387814351,4.85959093702543,1,1,1,1,0,0,0,0,0,0,0,0,0,0,0,0,0
2024-02-11,TikTok Ads,Display,EdTech,UK,77467,3300,0.0426,1.01,3333.0,180,18.52,42781.66,12.84,0.042598783998347683,1.01,18.516666666666666,12.835781578157818,1.2160016523155015e-06,0.0,0.0033333333333338544,0.004218421842182352,4.2598783998347685,1,1,1,1,0,0,0,0,0,0,0,0,0,0,0,0,0
2024-02-11,Google Ads,Shopping,Fintech,UAE,29016,1088,0.0375,2.06,2241.28,56,40.02,9936.27,4.43,0.037496553625585884,2.06,40.02285714285715,4.433301506282124,3.4463744141149943e-06,0.0,-0.002857142857145334,-0.0033015062821242225,3.7496553625585882,1,1,1,1,0,0,0,0,0,0,0,0,0,0,0,0,0
2024-07-11,Meta Ads,Shopping,Healthcare,Canada,117200,1699,0.0145,1.94,3296.06,113,29.17,30970.48,9.4,0.014496587030716724,1.94,29.16867256637168,9.39621244758894,3.412969283276418e-06,0.0,0.0013274336283224386,0.003787552411059991,1.4496587030716723,1,1,1,1,0,0,0,0,0,0,0,0,0,0,0,0,0
2024-05-05,Google Ads,Shopping,SaaS,Germany,134157,3407,0.0254,2.41,8210.87,147,55.86,41434.67,5.05,0.025395618566306642,2.41,55.856258503401364,5.046319086771559,4.381433693356751e-06,0.0,0.003741496598635763,0.003680913228440552,2.539561856630664,1,1,1,1,0,0,0,0,0,0,0,0,0,0,0,0,0
2024-03-26,Google Ads,Display,Fintech,India,161434,6328,0.0392,0.77,4872.56,263,18.53,25426.86,5.22,0.039198681814239876,0.77,18.52684410646388,5.218378018946919,1.3181857601227143e-06,0.0,0.0031558935361211127,0.0016219810530806456,3.9198681814239875,1,1,1,1,0,0,0,0,0,0,0,0,0,0,0,0,0
2024-07-14,TikTok Ads,Shopping,SaaS,Canada,62888,3307,0.0526,0.61,2017.27,55,36.68,12898.32,6.39,0.05258554891235212,0.61,36.67763636363636,6.39394825680251,1.4451087647880667e-05,0.0,0.0023636363636398983,-0.003948256802510208,5.258554891235212,1,1,1,1,0,0,0,0,0,0,0,0,0,0,0,0,0
2024-05-13,Google Ads,Video,SaaS,Canada,108187,2423,0.0224,2.67,6469.41,179,36.14,29012.87,4.48,0.022396406222559086,2.67,36.14195530726257,4.484623791041223,3.5937774409133816e-06,0.0,-0.001955307262569761,-0.004623791041222347,2.2396406222559087,1,1,1,1,0,0,0,0,0,0,0,0,0,0,0,0,0
2024-08-19,Meta Ads,Search,E-commerce,Canada,199363,3847,0.0193,0.9,3462.3,73,47.43,11133.49,3.22,0.019296459222624057,0.9,47.42876712328767,3.2156341160500244,3.5407773759446592e-06,0.0,0.0012328767123293005,0.004365883949975835,1.9296459222624056,1,1,1,1,0,0,0,0,0,0,0,0,0,0,0,0,0
2024-04-29,Meta Ads,Video,SaaS,Australia,59160,958,0.0162,1.0,958.0,35,27.37,7848.99,8.19,0.01619337390128465,1.0,27.37142857142857,8.193100208768268,6.626098715347556e-06,0.0,-0.0014285714285691142,-0.003100208768268331,1.6193373901284651,1,1,1,1,0,0,0,0,0,0,0,0,0,0,0,0,0
2024-11-21,Google Ads,Shopping,E-commerce,Australia,78551,2411,0.0307,3.38,8149.18,92,88.58,8262.09,1.01,0.03069343483851256,3.3800000000000003,88.57804347826087,1.0138553817684723,6.565161487441518e-06,-4.440892098500626e-16,0.0019565217391317447,-0.0038553817684723324,3.069343483851256,1,1,1,1,0,0,0,0,0,0,0,0,0,0,0,0,0
2024-10-03,Meta Ads,Display,SaaS,USA,186711,7748,0.0415,0.58,4493.84,536,8.38,89187.58,19.85,0.04149728725142064,0.5800000000000001,8.384029850746268,19.846630053584462,2.712748579360158e-06,-1.1102230246251565e-16,-0.004029850746267272,0.0033699464155390046,4.149728725142064,1,1,1,1,0,0,0,0,0,0,0,0,0,0,1,1,0
2024-10-04,Meta Ads,Shopping,SaaS,UK,5528,108,0.0196,2.02,218.16,7,31.17,2000.84,9.17,0.019536903039073805,2.02,31.165714285714284,9.171433810047672,6.309696092619485e-05,0.0,0.004285714285718001,-0.0014338100476720683,1.9536903039073805,1,1,1,1,0,0,0,0,0,0,0,0,0,0,0,0,0
2024-12-07,Google Ads,Shopping,SaaS,Canada,144535,7588,0.0525,3.1,23522.8,445,52.86,105358.98,4.48,0.052499394610302,3.1,52.86022471910112,4.479015253286174,6.053896979968387e-07,0.0,-0.00022471910111931948,0.0009847467138266452,5.2499394610302,1,1,1,1,0,0,0,0,0,0,0,1,0,0,1,0,0
2024-08-08,Meta Ads,Search,E-commerce,UAE,8188,272,0.0333,1.16,315.52,14,22.54,3745.84,11.87,0.03321934538348803,1.16,22.537142857142857,11.871957403651116,8.065461651197287e-05,0.0,0.002857142857141781,-0.0019574036511169624,3.321934538348803,1,1,1,1,0,0,0,0,0,0,0,0,0,0,0,0,0
2024-08-05,Google Ads,Display,Fintech,Canada,71151,4368,0.0614,3.23,14108.64,202,69.84,51341.85,3.64,0.061390563730657335,3.23,69.84475247524752,3.639036080019052,9.43626934266778e-06,0.0,-0.0047524752475140986,0.0009639199809479138,6.139056373065734,1,1,1,1,0,0,0,0,0,0,0,0,0,0,0,0,0
2024-03-06,Meta Ads,Shopping,EdTech,Germany,171797,5153,0.03,0.54,2782.62,255,10.91,52673.17,18.93,0.02999470305069355,0.5399999999999999,10.912235294117647,18.929343568291753,5.296949306447807e-06,1.1102230246251565e-16,-0.002235294117646447,0.0006564317082471405,2.999470305069355,1,1,1,1,0,0,0,0,0,0,0,0,0,0,0,1,0
2024-02-18,TikTok Ads,Search,EdTech,Australia,173050,8565,0.0495,0.69,5909.85,414,14.28,118511.79,20.05,0.049494365790234036,0.6900000000000001,14.275,20.053265311302315,5.634209765965903e-06,-1.1102230246251565e-16,0.004999999999999005,-0.0032653113023144442,4.949436579023404,1,1,1,1,0,0,0,0,0,0,0,0,0,0,1,1,0
2024-09-04,TikTok Ads,Video,E-commerce,Canada,178269,8646,0.0485,0.63,5446.98,93,58.57,10627.54,1.95,0.048499739158238395,0.63,58.56967741935483,1.9510884930732262,2.608417616067893e-07,0.0,0.00032258064516810236,-0.0010884930732262266,4.849973915823839,1,1,1,1,0,0,0,0,0,0,0,0,0,0,0,0,0
2024-12-21,Google Ads,Display,E-commerce,UAE,164028,5905,0.036,1.0,5905.0,377,15.66,25718.59,4.36,0.03599995122783915,1.0,15.6631299734748,4.3553920406435225,4.877216084470115e-08,0.0,-0.003129973474800707,0.004607959356477842,3.5999951227839153,1,1,1,1,0,0,0,0,0,0,0,0,0,0,0,0,0
2024-02-01,TikTok Ads,Video,Healthcare,Australia,184504,15479,0.0839,0.8,12383.2,538,23.02,112251.74,9.06,0.08389520010406279,0.8,23.017100371747212,9.064841075004844,4.799895937213083e-06,0.0,0.002899628252787778,-0.0048410750048439866,8.38952001040628,1,1,1,1,0,0,0,0,1,0,0,0,0,0,1,0,0
2024-10-19,TikTok Ads,Shopping,Healthcare,India,119515,6824,0.0571,0.86,5868.64,89,65.94,25992.88,4.43,0.057097435468351256,0.8600000000000001,65.93977528089889,4.4291147523105865,2.5645316487424297e-06,-1.1102230246251565e-16,0.00022471910111221405,0.0008852476894132266,5.709743546835125,1,1,1,1,0,0,0,0,0,0,0,0,0,0,0,0,0
2024-10-18,Meta Ads,Search,EdTech,USA,108591,2084,0.0192,2.16,4501.44,31,145.21,6469.19,1.44,0.019191277361843985,2.1599999999999997,145.20774193548385,1.4371378936518093,8.722638156013346e-06,4.440892098500626e-16,0.0022580645161554003,0.0028621063481906184,1.9191277361843986,1,1,1,1,0,0,0,0,0,0,0,0,0,1,0,0,0
2024-05-11,Meta Ads,Shopping,EdTech,UK,68472,2601,0.038,1.38,3589.38,63,56.97,17508.47,4.88,0.0379863301787592,1.3800000000000001,56.97428571428571,4.87785355688169,1.3669821240798463e-05,-2.220446049250313e-16,-0.004285714285714448,0.0021464431183098043,3.79863301787592,1,1,1,1,0,0,0,0,0,0,0,0,0,0,0,0,0
2024-09-21,TikTok Ads,Shopping,Fintech,USA,170201,7931,0.0466,1.05,8327.55,182,45.76,10360.55,1.24,0.04659784607611001,1.0499999999999998,45.755769230769225,1.24412942582152,2.1539238899900837e-06,2.220446049250313e-16,0.004230769230773035,-0.004129425821520094,4.659784607611002,1,1,1,1,0,0,0,0,0,0,0,0,0,0,0,0,0
2024-03-09,Google Ads,Video,EdTech,Australia,92340,2502,0.0271,1.96,4903.92,153,32.05,27593.24,5.63,0.02709551656920078,1.96,32.051764705882356,5.626772051746358,4.483430799218785e-06,0.0,-0.0017647058823584416,0.0032279482536416992,2.709551656920078,1,1,1,1,0,0,0,0,0,0,0,0,0,0,0,0,0
2024-04-11,TikTok Ads,Search,SaaS,USA,136940,4683,0.0342,0.69,3231.27,137,23.59,12153.39,3.76,0.034197458741054475,0.69,23.585912408759125,3.7611805884373637,2.541258945526481e-06,0.0,0.004087591240875099,-0.0011805884373639053,3.4197458741054474,1,1,1,1,0,0,0,0,0,0,0,0,0,0,0,0,0
2024-12-24,Google Ads,Search,EdTech,Australia,106311,5762,0.0542,0.92,5301.04,434,12.21,55571.88,10.48,0.054199471362323746,0.92,12.214377880184331,10.483203295957018,5.286376762517198e-07,0.0,-0.004377880184330607,-0.003203295957018071,5.419947136232374,1,1,1,1,0,0,0,0,0,0,0,0,0,0,0,0,0
2024-03-15,TikTok Ads,Shopping,E-commerce,Canada,120016,3336,0.0278,1.33,4436.88,43,103.18,5864.19,1.32,0.027796293827489667,1.33,103.1832558139535,1.321692270243955,3.7061725103315624e-06,0.0,-0.0032558139534870634,-0.0016922702439550186,2.7796293827489666,1,1,1,1,0,0,0,0,0,0,0,0,0,0,0,0,0
2024-10-22,Meta Ads,Display,SaaS,Germany,193946,7854,0.0405,1.89,14844.06,461,32.2,86871.54,5.85,0.0404958081115362,1.89,32.19969631236442,5.852276264040969,4.1918884638031395e-06,0.0,0.00030368763557930833,-0.0022762640409697,4.04958081115362,1,1,1,1,0,0,0,0,0,0,0,0,0,0,1,0,0
2024-09-24,TikTok Ads,Shopping,E-commerce,Australia,138780,4135,0.0298,0.85,3514.75,86,40.87,7373.66,2.1,0.029795359561896526,0.85,40.86918604651163,2.097918770894089,4.640438103473837e-06,0.0,0.0008139534883682131,0.002081229105911131,2.9795359561896526,1,1,1,1,0,0,0,0,0,0,0,0,0,0,0,0,0
2024-07-27,Meta Ads,Display,SaaS,UK,51365,873,0.017,0.7,611.1,19,32.16,2655.69,4.35,0.016996008955514456,0.7000000000000001,32.16315789473684,4.345753559155621,3.99104448554552e-06,-1.1102230246251565e-16,-0.0031578947368444688,0.004246440844378974,1.6996008955514457,1,1,1,1,0,0,0,0,0,0,0,0,0,0,0,0,0
2024-03-06,Google Ads,Shopping,Healthcare,UK,185903,4647,0.025,2.96,13755.12,342,40.22,58276.63,4.24,0.02499690698912874,2.96,40.21964912280702,4.236722762142387,3.0930108712613757e-06,0.0,0.0003508771929787713,0.0032772378576133576,2.499690698912874,1,1,1,1,0,0,0,0,0,0,0,0,0,0,0,0,0
2024-03-01,TikTok Ads,Display,SaaS,Australia,61232,2951,0.0482,0.75,2213.25,51,43.4,15061.62,6.81,0.048193754899399005,0.75,43.39705882352941,6.805205015249069,6.245100600994757e-06,0.0,0.0029411764705855603,0.004794984750930986,4.8193754899399,1,1,1,1,0,0,0,0,0,0,0,0,0,0,0,0,0
2024-10-06,TikTok Ads,Display,SaaS,USA,122286,7642,0.0625,1.47,11233.74,201,55.89,60002.91,5.34,0.06249284464288635,1.47,55.88925373134328,5.341311976242997,7.155357113652894e-06,0.0,0.000746268656719451,-0.0013119762429969484,6.2492844642886345,1,1,1,1,0,0,0,0,0,0,0,0,0,0,0,0,0
2024-03-06,TikTok Ads,Shopping,Healthcare,UK,60114,4917,0.0818,1.35,6637.95,279,23.79,15410.94,2.32,0.0817945902784709,1.3499999999999999,23.79193548387097,2.3216414706347592,5.409721529098244e-06,2.220446049250313e-16,-0.0019354838709695343,-0.00164147063475939,8.17945902784709,1,1,1,1,0,0,0,0,0,0,0,0,0,0,0,0,0
2024-02-04,Meta Ads,Display,Healthcare,Australia,124004,2083,0.0168,1.51,3145.33,49,64.19,9959.37,3.17,0.016797845230799007,1.51,64.1904081632653,3.1663990741829955,2.154769200991835e-06,0.0,-0.0004081632653054612,0.003600925817004441,1.6797845230799007,1,1,1,1,0,0,0,0,0,0,0,0,0,0,0,0,0
2024-02-05,TikTok Ads,Search,E-commerce,UK,168322,4965,0.0295,0.91,4518.15,228,19.82,49052.14,10.86,0.029497035443970487,0.9099999999999999,19.816447368421052,10.856686918318339,2.9645560295117612e-06,1.1102230246251565e-16,0.003552631578948251,0.00331308168166089,2.9497035443970487,1,1,1,1,0,0,0,0,0,0,0,0,0,0,0,0,0
2024-05-09,Meta Ads,Display,Healthcare,Germany,113957,3008,0.0264,2.33,7008.64,127,55.19,17960.45,2.56,0.026395921268548662,2.33,55.18614173228347,2.5626155716372936,4.078731451338108e-06,0.0,0.003858267716530861,-0.0026155716372935345,2.639592126854866,1,1,1,1,0,0,0,0,0,0,0,0,0,0,0,0,0
2024-02-04,Google Ads,Search,SaaS,USA,137290,5011,0.0365,1.56,7817.16,323,24.2,28440.57,3.64,0.03649938087260543,1.56,24.20173374613003,3.6382228328446646,6.191273945674314e-07,0.0,-0.0017337461300321877,0.0017771671553354906,3.649938087260543,1,1,1,1,0,0,0,0,0,0,0,0,0,0,0,0,0
2024-05-21,Meta Ads,Video,Fintech,UAE,12253,468,0.0382,0.77,360.36,9,40.04,1433.96,3.98,0.03819472782175794,0.77,40.04,3.9792429792429793,5.27217824206061e-06,0.0,0.0,0.0007570207570206655,3.8194727821757937,1,1,1,1,0,0,0,0,0,0,0,0,0,0,0,0,0
2024-12-21,Google Ads,Video,EdTech,Australia,109216,5777,0.0529,3.06,17677.62,140,126.27,11237.04,0.64,0.05289518019337826,3.0599999999999996,126.26871428571428,0.6356647557759473,4.819806621744749e-06,4.440892098500626e-16,0.0012857142857143344,0.004335244224052737,5.289518019337826,1,1,1,1,0,0,0,0,0,0,0,0,0,1,0,0,0
2024-03-03,Google Ads,Shopping,Fintech,Canada,166215,9158,0.0551,0.72,6593.76,112,58.87,29121.09,4.42,0.055097313720181694,0.72,58.87285714285714,4.416461927640678,2.6862798183091563e-06,0.0,-0.002857142857145334,0.0035380723593219088,5.5097313720181695,1,1,1,1,0,0,0,0,0,0,0,0,0,0,0,0,0
2024-11-29,Meta Ads,Shopping,SaaS,India,140678,5655,0.0402,2.07,11705.85,154,76.01,7932.09,0.68,0.04019818308477516,2.0700000000000003,76.012012987013,0.6776176014556824,1.816915224842064e-06,-4.440892098500626e-16,-0.0020129870129892424,0.0023823985443176543,4.019818308477515,1,1,1,1,0,0,0,0,0,0,0,0,0,0,0,0,0
2024-07-19,Google Ads,Search,E-commerce,UAE,176066,5264,0.0299,1.58,8317.12,119,69.89,28182.41,3.39,0.029897879204389265,1.58,69.89176470588237,3.388481830248932,2.1207956107348325e-06,0.0,-0.001764705882365547,0.0015181697510682213,2.9897879204389266,1,1,1,1,0,0,0,0,0,0,0,0,0,0,0,0,0
2024-04-29,Google Ads,Search,Healthcare,Canada,59418,1996,0.0336,1.65,3293.4,80,41.17,3528.5,1.07,0.033592514052980575,1.6500000000000001,41.167500000000004,1.0713851946316877,7.485947019422734e-06,-2.220446049250313e-16,0.0024999999999977263,-0.0013851946316876251,3.3592514052980573,1,1,1,1,0,0,0,0,0,0,0,0,0,0,0,0,0
2024-01-27,Google Ads,Search,EdTech,UAE,143183,5784,0.0404,0.86,4974.24,432,11.51,88233.11,17.74,0.04039585705006879,0.86,11.514444444444443,17.738008218340894,4.142949931208728e-06,0.0,-0.004444444444443363,0.001991781659103964,4.039585705006879,1,1,1,1,0,0,0,0,0,0,0,0,0,0,1,1,0
2024-07-19,Meta Ads,Shopping,E-commerce,India,194059,3434,0.0177,1.36,4670.24,193,24.2,7460.79,1.6,0.01769564926130713,1.3599999999999999,24.198134715025905,1.5975174723354688,4.350738692870948e-06,2.220446049250313e-16,0.0018652849740945499,0.0024825276645312755,1.769564926130713,1,1,1,1,0,0,0,0,0,0,0,0,0,0,0,0,0
2024-08-02,Google Ads,Shopping,SaaS,UAE,98899,2185,0.0221,3.16,6904.6,171,40.38,45859.64,6.64,0.0220932466455677,3.16,40.37777777777778,6.641896706543464,6.753354432301184e-06,0.0,0.0022222222222225696,-0.0018967065434640773,2.20932466455677,1,1,1,1,0,0,0,0,0,0,0,0,0,0,0,0,0
2024-02-25,Meta Ads,Search,E-commerce,UK,129494,1631,0.0126,2.14,3490.34,108,32.32,28288.04,8.1,0.012595178154972431,2.14,32.317962962962966,8.10466602107531,4.821845027569091e-06,0.0,0.002037037037034395,-0.004666021075310667,1.259517815497243,1,1,1,1,0,0,0,0,0,0,0,0,0,0,0,0,0
2024-03-03,TikTok Ads,Shopping,SaaS,UAE,191443,6872,0.0359,1.67,11476.24,422,27.19,108198.8,9.43,0.03589580188358937,1.67,27.194881516587678,9.428070517869966,4.198116410628061e-06,0.0,-0.004881516587676771,0.001929482130034188,3.589580188358937,1,1,1,1,0,0,0,0,0,0,0,0,0,0,1,0,0
2024-12-30,TikTok Ads,Search,SaaS,Australia,61950,4076,0.0658,0.3,1222.8,97,12.61,26763.8,21.89,0.06579499596448748,0.3,12.606185567010309,21.88730781812234,5.004035512512495e-06,0.0,0.0038144329896905305,0.0026921818776592943,6.579499596448748,1,1,1,1,0,0,0,0,0,0,0,0,0,0,0,1,0
2024-11-08,Google Ads,Shopping,SaaS,UK,34605,809,0.0234,1.76,1423.84,40,35.6,5146.88,3.61,0.023378124548475654,1.76,35.596,3.6147881784470166,2.187545152434675e-05,0.0,0.0040000000000048885,-0.004788178447016733,2.3378124548475654,1,1,1,1,0,0,0,0,0,0,0,0,0,0,0,0,0
2024-01-31,TikTok Ads,Shopping,Fintech,UAE,127790,7015,0.0549,1.23,8628.45,422,20.45,90118.48,10.44,0.05489474919790281,1.2300000000000002,20.446563981042654,10.444341683616408,5.250802097185592e-06,-2.220446049250313e-16,0.0034360189573447997,-0.004341683616408076,5.489474919790281,1,1,1,1,0,0,0,0,0,0,0,0,0,0,1,0,0
2024-01-09,TikTok Ads,Search,Healthcare,Germany,96310,6905,0.0717,1.28,8838.4,247,35.78,8632.99,0.98,0.07169556640016612,1.28,35.782995951417,0.976759368211441,4.433599833875146e-06,0.0,-0.002995951416998821,0.003240631788558934,7.169556640016612,1,1,1,1,0,0,0,0,0,0,0,0,0,0,0,0,0
2024-09-05,Google Ads,Shopping,Fintech,India,197589,4781,0.0242,1.6,7649.6,225,34.0,12329.91,1.61,0.024196691111347292,1.6,33.998222222222225,1.61183722024681,3.3088886527074535e-06,0.0,0.0017777777777752135,-0.0018372202468099896,2.4196691111347293,1,1,1,1,0,0,0,0,0,0,0,0,0,0,0,0,0
2024-02-17,Meta Ads,Video,E-commerce,USA,118566,3711,0.0313,1.13,4193.43,58,72.3,14643.53,3.49,0.03129902332877891,1.1300000000000001,72.30051724137931,3.4920172746415226,9.766712210923512e-07,-2.220446049250313e-16,-0.0005172413793133046,-0.0020172746415223486,3.129902332877891,1,1,1,1,0,0,0,0,0,0,0,0,0,0,0,0,0
2024-09-25,Meta Ads,Shopping,Healthcare,Germany,199451,3989,0.02,1.28,5105.92,110,46.42,8236.16,1.61,0.019999899724744422,1.28,46.41745454545455,1.6130609175231887,1.0027525557815276e-07,0.0,0.0025454545454550725,-0.0030609175231886,1.9999899724744423,1,1,1,1,0,0,0,0,0,0,0,0,0,0,0,0,0
2024-10-23,Google Ads,Display,SaaS,UAE,88251,5965,0.0676,0.82,4891.3,133,36.78,14897.06,3.05,0.06759130208156282,0.8200000000000001,36.77669172932331,3.045623862776767,8.69791843717549e-06,-1.1102230246251565e-16,0.0033082706766904835,0.004376137223232934,6.759130208156281,1,1,1,1,0,0,0,0,0,0,0,0,0,0,0,0,0
2024-01-15,Google Ads,Display,Fintech,Canada,55406,2648,0.0478,1.9,5031.2,149,33.77,22127.3,4.4,0.047792657834891526,1.9,33.76644295302013,4.398016377802512,7.342165108475962e-06,0.0,0.003557046979871359,0.001983622197488266,4.779265783489152,1,1,1,1,0,0,0,0,0,0,0,0,0,0,0,0,0
2024-02-16,TikTok Ads,Display,Fintech,Australia,141447,9873,0.0698,1.39,13723.47,588,23.34,86774.51,6.32,0.06979999575812848,1.39,23.33923469387755,6.323073537523673,4.241871520704876e-09,0.0,0.0007653061224495161,-0.003073537523672343,6.979999575812848,1,1,1,1,0,0,0,0,0,0,0,0,1,0,1,0,0
2024-02-06,Google Ads,Video,EdTech,UK,73591,2649,0.036,2.83,7496.67,161,46.56,45161.9,6.02,0.03599624954138414,2.83,46.56316770186336,6.024261438745469,3.750458615857377e-06,0.0,-0.0031677018633544662,-0.004261438745469803,3.599624954138414,1,1,1,1,0,0,0,0,0,0,0,0,0,0,0,0,0
2024-02-25,Google Ads,Video,Fintech,India,66477,2718,0.0409,2.86,7773.48,160,48.58,16856.48,2.17,0.04088632158490907,2.86,48.58425,2.1684599432943803,1.3678415090929985e-05,0.0,-0.004249999999998977,0.0015400567056196302,4.088632158490907,1,1,1,1,0,0,0,0,0,0,0,0,0,0,0,0,0
2024-08-28,Meta Ads,Video,E-commerce,UAE,196386,6794,0.0346,0.81,5503.14,506,10.88,34412.06,6.25,0.03459513407269357,0.81,10.875770750988142,6.253168191250812,4.865927306425821e-06,0.0,0.004229249011858727,-0.0031681912508121357,3.459513407269357,1,1,1,1,0,0,0,0,0,0,0,0,0,0,0,0,0
2024-10-28,Google Ads,Display,Fintech,Canada,78927,3172,0.0402,3.2,10150.4,62,163.72,7568.63,0.75,0.04018903543780962,3.1999999999999997,163.71612903225807,0.7456484473518286,1.0964562190379779e-05,4.440892098500626e-16,0.0038709677419319632,0.004351552648171442,4.018903543780962,1,1,1,1,0,0,0,0,0,0,0,0,0,1,0,0,0
2024-12-10,Google Ads,Display,SaaS,Canada,184857,3419,0.0185,2.57,8786.83,248,35.43,70137.51,7.98,0.018495377508019713,2.57,35.43076612903226,7.982117555477914,4.622491980285637e-06,0.0,-0.0007661290322573677,-0.0021175554779135908,1.8495377508019712,1,1,1,1,0,0,0,0,0,0,0,0,0,0,0,0,0
2024-08-30,TikTok Ads,Display,EdTech,India,122174,6499,0.0532,0.88,5719.12,413,13.85,58791.38,10.28,0.05319462406076579,0.88,13.84774818401937,10.27979479360461,5.375939234206206e-06,0.0,0.0022518159806299565,0.00020520639538901264,5.319462406076579,1,1,1,1,0,0,0,0,0,0,0,0,0,0,0,0,0
2024-07-26,Google Ads,Search,SaaS,Germany,108719,4207,0.0387,3.2,13462.4,121,111.26,21018.47,1.56,0.038696088080280355,3.1999999999999997,111.2595041322314,1.5612721357261707,3.911919719642998e-06,4.440892098500626e-16,0.0004958677686062174,-0.0012721357261706867,3.8696088080280355,1,1,1,1,0,0,0,0,0,0,0,0,0,0,0,0,0
2024-11-08,Meta Ads,Shopping,Healthcare,Australia,186949,3140,0.0168,0.6,1884.0,186,10.13,30294.1,16.08,0.016796024584244902,0.6,10.129032258064516,16.079670912951165,3.975415755096828e-06,0.0,0.0009677419354847672,0.00032908704883283235,1.6796024584244902,1,1,1,1,0,0,0,0,0,0,0,0,0,0,0,0,0
2024-09-12,Google Ads,Video,E-commerce,UK,193869,13124,0.0677,2.93,38453.32,264,145.66,67604.89,1.76,0.06769519624076051,2.93,145.65651515151515,1.7581028114087418,4.803759239488392e-06,0.0,0.0034848484848453154,0.0018971885912582032,6.769519624076051,1,1,1,1,0,0,0,0,1,0,0,1,0,1,0,0,0
2024-07-28,Google Ads,Search,EdTech,Australia,158535,3836,0.0242,2.16,8285.76,120,69.05,12930.51,1.56,0.02419654965780427,2.16,69.048,1.560570183061059,3.4503421957286784e-06,0.0,0.001999999999995339,-0.0005701830610589376,2.419654965780427,1,1,1,1,0,0,0,0,0,0,0,0,0,0,0,0,0
2024-12-14,TikTok Ads,Search,EdTech,UAE,148949,12332,0.0828,1.01,12455.32,546,22.81,95805.85,7.69,0.08279343936515184,1.01,22.811941391941392,7.691962149507199,6.560634848162827e-06,0.0,-0.0019413919413935332,-0.0019621495071984185,8.279343936515184,1,1,1,1,0,0,0,0,1,0,0,0,1,0,1,0,0
2024-07-19,Google Ads,Display,Fintech,USA,184810,7447,0.0403,3.12,23234.64,334,69.56,51289.24,2.21,0.04029543855851956,3.12,69.56479041916168,2.207447156487038,4.5614414804426295e-06,0.0,-0.004790419161679438,0.002552843512961811,4.029543855851956,1,1,1,1,0,0,0,0,0,0,0,1,0,0,0,0,0
2024-07-16,Meta Ads,Video,E-commerce,USA,85989,997,0.0116,1.69,1684.93,37,45.54,4865.84,2.89,0.01159450627405831,1.6900000000000002,45.53864864864865,2.887858842800591,5.4937259416892176e-06,-2.220446049250313e-16,0.0013513513513458975,0.002141157199408994,1.159450627405831,1,1,1,1,0,0,0,0,0,0,0,0,0,0,0,0,0
2024-02-16,Meta Ads,Shopping,Fintech,Canada,35755,654,0.0183,1.6,1046.4,40,26.16,11846.71,11.32,0.01829114809117606,1.6,26.160000000000004,11.321397171253821,8.851908823940408e-06,0.0,-3.552713678800501e-15,-0.0013971712538207726,1.829114809117606,1,1,1,1,0,0,0,0,0,0,0,0,0,0,0,0,0
2024-10-25,Meta Ads,Video,Fintech,UK,184298,7758,0.0421,1.55,12024.9,351,34.26,91198.92,7.58,0.04209486809406505,1.55,34.258974358974356,7.5841728413541905,5.131905934950554e-06,0.0,0.0010256410256417325,-0.004172841354190382,4.2094868094065045,1,1,1,1,0,0,0,0,0,0,0,0,0,0,1,0,0
2024-03-17,Meta Ads,Video,SaaS,India,22878,619,0.0271,1.01,625.19,43,14.54,8615.57,13.78,0.027056560888189526,1.01,14.539302325581396,13.780722660311264,4.343911181047336e-05,0.0,0.0006976744186033557,-0.0007226603112648888,2.7056560888189525,1,1,1,1,0,0,0,0,0,0,0,0,0,0,0,0,0
2024-11-16,Meta Ads,Search,Fintech,UK,151539,3455,0.0228,2.05,7082.75,135,52.46,4666.78,0.66,0.022799411372649944,2.05,52.464814814814815,0.6588937912533973,5.88627350056603e-07,0.0,-0.004814814814814383,0.0011062087466027215,2.2799411372649945,1,1,1,1,0,0,0,0,0,0,0,0,0,0,0,0,0
2024-10-26,Google Ads,Display,Healthcare,Australia,180365,6114,0.0339,3.46,21154.44,400,52.89,111623.05,5.28,0.033897929199123995,3.46,52.8861,5.276577872068464,2.070800876004253e-06,0.0,0.003900000000001569,0.0034221279315360675,3.3897929199123995,1,1,1,1,0,0,0,0,0,0,0,1,0,0,1,0,0
2024-08-22,Meta Ads,Video,Fintech,Australia,30168,1080,0.0358,0.46,496.8,34,14.61,5163.27,10.39,0.03579952267303103,0.46,14.611764705882353,10.393055555555556,4.773269689714588e-07,0.0,-0.0017647058823531125,-0.003055555555555145,3.579952267303103,1,1,1,1,0,0,0,0,0,0,0,0,0,0,0,0,0
2024-05-12,Google Ads,Display,Fintech,UAE,26352,1697,0.0644,1.71,2901.87,126,23.03,31980.19,11.02,0.06439738919247116,1.71,23.030714285714286,11.020545372466719,2.610807528835579e-06,0.0,-0.0007142857142845571,-0.0005453724667194848,6.439738919247116,1,1,1,1,0,0,0,0,0,0,0,0,0,0,0,0,0
2024-01-23,Google Ads,Search,Healthcare,India,57979,2081,0.0359,1.89,3933.09,148,26.57,18788.47,4.78,0.03589230583487125,1.8900000000000001,26.574932432432433,4.777025188846428,7.694165128753483e-06,-2.220446049250313e-16,-0.0049324324324331315,0.002974811153571899,3.589230583487125,1,1,1,1,0,0,0,0,0,0,0,0,0,0,0,0,0
2024-10-12,Google Ads,Video,Fintech,Australia,173769,6759,0.0389,2.86,19330.74,158,122.35,21350.44,1.1,0.038896465997962815,2.8600000000000003,122.34645569620254,1.1044812562788593,3.5340020371824044e-06,-4.440892098500626e-16,0.0035443037974545177,-0.0044812562788592025,3.8896465997962815,1,1,1,1,0,0,0,0,0,0,0,1,0,1,0,0,0
2024-09-01,TikTok Ads,Shopping,SaaS,Germany,131206,8279,0.0631,1.53,12666.87,553,22.91,61485.88,4.85,0.06309924850997668,1.53,22.905732368896928,4.8540705004472295,7.514900233207555e-07,0.0,0.004267631103072489,-0.004070500447229897,6.309924850997668,1,1,1,1,0,0,0,0,0,0,0,0,1,0,0,0,0
2024-05-20,Meta Ads,Display,EdTech,UK,64799,842,0.013,1.75,1473.5,52,28.34,15157.93,10.29,0.012994027685612433,1.75,28.33653846153846,10.287024092297251,5.972314387566249e-06,0.0,0.003461538461539959,0.0029759077027478043,1.2994027685612433,1,1,1,1,0,0,0,0,0,0,0,0,0,0,0,0,0
2024-01-16,Meta Ads,Shopping,E-commerce,UK,167893,4432,0.0264,0.58,2570.56,66,38.95,15989.78,6.22,0.02639776524333951,0.58,38.947878787878786,6.220348873397237,2.2347566604914715e-06,0.0,0.0021212121212172974,-0.00034887339723699284,2.639776524333951,1,1,1,1,0,0,0,0,0,0,0,0,0,0,0,0,0
2024-04-29,Google Ads,Display,EdTech,Australia,72474,4022,0.0555,3.11,12508.42,142,88.09,38937.53,3.11,0.05549576399812346,3.11,88.08746478873239,3.1129055468236593,4.236001876538331e-06,0.0,0.0025352112676131355,-0.0029055468236593995,5.549576399812346,1,1,1,1,0,0,0,0,0,0,0,0,0,0,0,0,0
2024-10-25,Meta Ads,Video,EdTech,Canada,138678,1802,0.013,1.9,3423.8,61,56.13,2147.03,0.63,0.012994130287428431,1.9000000000000001,56.12786885245902,0.6270897832817338,5.869712571568084e-06,-2.220446049250313e-16,0.002131147540985978,0.0029102167182661898,1.2994130287428431,1,1,1,1,0,0,0,0,0,0,0,0,0,0,0,0,0
2024-07-06,TikTok Ads,Search,Healthcare,UAE,70195,4239,0.0604,1.42,6019.38,234,25.72,38776.78,6.44,0.06038891658950068,1.42,25.723846153846154,6.44198904206081,1.1083410499324042e-05,0.0,-0.0038461538461547207,-0.0019890420608099646,6.038891658950067,1,1,1,1,0,0,0,0,0,0,0,0,0,0,0,0,0
2024-08-28,Meta Ads,Search,EdTech,USA,73513,2073,0.0282,2.22,4602.06,31,148.45,3401.33,0.74,0.028199094037789234,2.22,148.4535483870968,0.7390885820697687,9.059622107648879e-07,0.0,-0.003548387096799388,0.0009114179302313064,2.8199094037789236,1,1,1,1,0,0,0,0,0,0,0,0,0,1,0,0,0
2024-06-02,Google Ads,Search,SaaS,Germany,162786,7406,0.0455,1.45,10738.7,513,20.93,67523.57,6.29,0.04549531286474267,1.4500000000000002,20.933138401559457,6.287871902558038,4.687135257329389e-06,-2.220446049250313e-16,-0.0031384015594575487,0.0021280974419619625,4.5495312864742665,1,1,1,1,0,0,0,0,0,0,0,0,0,0,0,0,0
2024-09-23,Google Ads,Video,Healthcare,USA,133909,5664,0.0423,2.88,16312.32,117,139.42,11886.29,0.73,0.04229738105728517,2.88,139.42153846153846,0.7286694964296925,2.6189427148257116e-06,0.0,-0.001538461538473257,0.0013305035703075063,4.229738105728517,1,1,1,1,0,0,0,0,0,0,0,0,0,1,0,0,0
2024-01-25,Google Ads,Search,E-commerce,Australia,92185,3779,0.041,1.62,6121.98,82,74.66,11861.33,1.94,0.040993654065194986,1.6199999999999999,74.65829268292683,1.937498979088465,6.345934805015996e-06,2.220446049250313e-16,0.001707317073169179,0.0025010209115350346,4.099365406519499,1,1,1,1,0,0,0,0,0,0,0,0,0,0,0,0,0
2024-06-16,Meta Ads,Search,E-commerce,Australia,136637,4399,0.0322,1.31,5762.69,254,22.69,21909.38,3.8,0.03219479350395574,1.3099999999999998,22.68775590551181,3.801936248522826,5.206496044261877e-06,2.220446049250313e-16,0.00224409448819074,-0.001936248522826034,3.2194793503955736,1,1,1,1,0,0,0,0,0,0,0,0,0,0,0,0,0
2024-06-04,Meta Ads,Display,E-commerce,India,56986,1270,0.0223,0.93,1181.1,13,90.85,3679.26,3.12,0.02228617555188994,0.9299999999999999,90.85384615384615,3.115113030226061,1.3824448110062032e-05,1.1102230246251565e-16,-0.0038461538461547207,0.00488696977393932,2.2286175551889937,1,1,1,1,0,0,0,0,0,0,0,0,0,0,0,0,0
2024-02-20,Meta Ads,Display,SaaS,UK,148859,3840,0.0258,1.8,6912.0,250,27.65,22027.39,3.19,0.025796223271686628,1.8,27.648,3.1868330439814816,3.776728313371891e-06,0.0,0.0019999999999988916,0.003166956018518352,2.579622327168663,1,1,1,1,0,0,0,0,0,0,0,0,0,0,0,0,0
2024-08-03,Google Ads,Search,EdTech,USA,151900,5270,0.0347,1.11,5849.7,291,20.1,47553.46,8.13,0.03469387755102041,1.1099999999999999,20.1020618556701,8.129213463938322,6.122448979593853e-06,2.220446049250313e-16,-0.0020618556700995327,0.0007865360616783335,3.4693877551020407,1,1,1,1,0,0,0,0,0,0,0,0,0,0,0,0,0
2024-10-08,Meta Ads,Shopping,EdTech,UAE,155555,4588,0.0295,1.55,7111.4,332,21.42,12719.4,1.79,0.02949439105139661,1.5499999999999998,21.41987951807229,1.7885929634108615,5.608948603387509e-06,2.220446049250313e-16,0.00012048192771274557,0.001407036589138544,2.949439105139661,1,1,1,1,0,0,0,0,0,0,0,0,0,0,0,0,0
2024-10-11,Meta Ads,Display,SaaS,Germany,198979,2089,0.0105,1.7,3551.3,66,53.81,7694.86,2.17,0.010498595329155338,1.7000000000000002,53.80757575757576,2.16677273111255,1.4046708446627948e-06,-2.220446049250313e-16,0.0024242424242402194,0.0032272688874499522,1.0498595329155338,1,1,1,1,0,0,0,0,0,0,0,0,0,0,0,0,0
2024-12-04,Meta Ads,Search,E-commerce,India,186740,4182,0.0224,0.56,2341.92,47,49.83,8643.08,3.69,0.022394773481846417,0.56,49.82808510638298,3.6905957504953197,5.226518153583076e-06,0.0,0.0019148936170196862,-0.0005957504953197912,2.2394773481846415,1,1,1,1,0,0,0,0,0,0,0,0,0,0,0,0,0
2024-07-04,Google Ads,Shopping,Fintech,Australia,126246,4203,0.0333,2.05,8616.15,290,29.71,31939.46,3.71,0.033292143909510005,2.05,29.710862068965515,3.706929429037331,7.856090489997969e-06,0.0,-0.0008620689655138847,0.0030705709626688282,3.3292143909510004,1,1,1,1,0,0,0,0,0,0,0,0,0,0,0,0,0
2024-02-15,Google Ads,Search,Fintech,Germany,30835,925,0.03,1.96,1813.0,14,129.5,3805.56,2.1,0.029998378466028864,1.96,129.5,2.0990402647545503,1.6215339711349308e-06,0.0,0.0,0.0009597352454497887,2.9998378466028863,1,1,1,1,0,0,0,0,0,0,0,0,0,1,0,0,0
2024-12-22,TikTok Ads,Video,EdTech,Canada,112938,3263,0.0289,0.39,1272.57,80,15.91,22895.07,17.99,0.028891958419663886,0.38999999999999996,15.907124999999999,17.99120677055093,8.041580336112797e-06,5.551115123125783e-17,0.002875000000001293,-0.0012067705509331006,2.8891958419663886,1,1,1,1,0,0,0,0,0,0,0,0,0,0,0,1,0
2024-12-16,Google Ads,Display,SaaS,Canada,143573,3474,0.0242,1.63,5662.62,131,43.23,11434.82,2.02,0.02419675008532245,1.63,43.22610687022901,2.019351466282392,3.249914677549287e-06,0.0,0.0038931297709865476,0.0006485337176078687,2.419675008532245,1,1,1,1,0,0,0,0,0,0,0,0,0,0,0,0,0
2024-07-14,TikTok Ads,Display,E-commerce,Canada,113621,10112,0.089,0.99,10010.88,472,21.21,84899.73,8.48,0.08899763247991128,0.9899999999999999,21.209491525423726,8.480745948408131,2.367520088711328e-06,1.1102230246251565e-16,0.0005084745762751197,-0.0007459484081309142,8.899763247991128,1,1,1,1,0,0,0,0,0,1,0,0,0,0,0,0,0
2024-08-31,Meta Ads,Search,Healthcare,UK,125155,5256,0.042,1.07,5623.92,247,22.77,26802.91,4.77,0.04199592505293436,1.07,22.768906882591093,4.765876826128395,4.0749470656409326e-06,0.0,0.0010931174089066076,0.00412317387160499,4.199592505293436,1,1,1,1,0,0,0,0,0,0,0,0,0,0,0,0,0
2024-06-26,Meta Ads,Shopping,Fintech,USA,52940,1281,0.0242,1.5,1921.5,37,51.93,8409.06,4.38,0.024197204382319606,1.5,51.932432432432435,4.376299765807962,2.7956176803928257e-06,0.0,-0.002432432432435405,0.003700234192037577,2.419720438231961,1,1,1,1,0,0,0,0,0,0,0,0,0,0,0,0,0
2024-09-01,TikTok Ads,Display,SaaS,USA,106069,3139,0.0296,0.5,1569.5,78,20.12,6648.74,4.24,0.029593943565037854,0.5,20.121794871794872,4.236215355208665,6.056434962146973e-06,0.0,-0.0017948717948712556,0.0037846447913354453,2.9593943565037852,1,1,1,1,0,0,0,0,0,0,0,0,0,0,0,0,0
2024-03-24,Google Ads,Video,EdTech,Canada,185523,6029,0.0325,1.38,8320.02,252,33.02,12404.91,1.49,0.032497318391789695,1.3800000000000001,33.015952380952385,1.4909711755500588,2.6816082103059413e-06,-2.220446049250313e-16,0.0040476190476184115,-0.0009711755500587671,3.2497318391789696,1,1,1,1,0,0,0,0,0,0,0,0,0,0,0,0,0
2024-11-11,TikTok Ads,Shopping,EdTech,India,184969,15407,0.0833,1.34,20645.38,352,58.65,52669.94,2.55,0.08329503862809444,1.34,58.65164772727273,2.5511731922589944,4.961371905559675e-06,0.0,-0.0016477272727328796,-0.0011731922589945931,8.329503862809444,1,1,1,1,0,0,0,0,1,0,0,1,0,0,0,0,0
2024-12-24,Google Ads,Video,Healthcare,Canada,118005,5003,0.0424,1.8,9005.4,63,142.94,6740.12,0.75,0.042396508622515997,1.7999999999999998,142.94285714285715,0.748453150332023,3.491377484003688e-06,2.220446049250313e-16,-0.0028571428571524393,0.0015468496679770238,4.2396508622516,1,1,1,1,0,0,0,0,0,0,0,0,0,1,0,0,0
2024-09-06,Google Ads,Video,SaaS,India,47176,1278,0.0271,1.43,1827.54,62,29.48,2278.75,1.25,0.02709004578599288,1.43,29.476451612903226,1.2468947328102258,9.954214007120571e-06,0.0,0.003548387096774519,0.003105267189774219,2.709004578599288,1,1,1,1,0,0,0,0,0,0,0,0,0,0,0,0,0
2024-12-10,Meta Ads,Video,Fintech,UK,8512,251,0.0296,0.64,160.64,11,14.6,1671.09,10.4,0.02948778195488722,0.6399999999999999,14.603636363636362,10.402701693227092,0.0001122180451127823,1.1102230246251565e-16,-0.0036363636363621055,-0.002701693227091795,2.948778195488722,1,1,1,1,0,0,0,0,0,0,0,0,0,0,0,0,0
2024-06-17,Meta Ads,Shopping,EdTech,Australia,83591,2499,0.0299,1.68,4198.32,84,49.98,18620.43,4.44,0.029895562919453052,1.68,49.98,4.435209798204997,4.437080546947081e-06,0.0,0.0,0.004790201795003668,2.989556291945305,1,1,1,1,0,0,0,0,0,0,0,0,0,0,0,0,0
2024-06-25,Google Ads,Search,E-commerce,UAE,88323,3965,0.0449,2.36,9357.4,95,98.5,8337.4,0.89,0.04489204397495556,2.36,98.49894736842104,0.8909953619595187,7.95602504444215e-06,0.0,0.0010526315789576302,-0.0009953619595186591,4.489204397495556,1,1,1,1,0,0,0,0,0,0,0,0,0,0,0,0,0
2024-11-28,Google Ads,Video,Healthcare,Germany,24755,811,0.0328,2.48,2011.28,8,251.41,1786.84,0.89,0.03276105837204605,2.48,251.41,0.8884093711467324,3.8941627953953395e-05,0.0,0.0,0.0015906288532676616,3.276105837204605,1,1,1,1,0,0,0,0,0,0,0,0,0,1,0,0,0
2024-03-04,Google Ads,Video,E-commerce,UAE,99410,4195,0.0422,0.83,3481.85,196,17.76,56004.19,16.08,0.04219897394628307,0.83,17.76454081632653,16.08460732082083,1.0260537169279327e-06,0.0,-0.004540816326528585,-0.004607320820831262,4.219897394628307,1,1,1,1,0,0,0,0,0,0,0,0,0,0,0,0,0
2024-01-12,Meta Ads,Video,SaaS,Australia,176250,6204,0.0352,0.65,4032.6,312,12.92,84311.3,20.91,0.0352,0.65,12.924999999999999,20.907429449982644,0.0,0.0,-0.004999999999999005,0.00257055001735651,3.52,1,1,1,1,0,0,0,0,0,0,0,0,0,0,0,1,0
2024-01-04,Meta Ads,Shopping,EdTech,UK,184729,2586,0.014,0.9,2327.4,201,11.58,16864.93,7.25,0.01399888485294675,0.9,11.57910447761194,7.246253329896021,1.11514705325097e-06,0.0,0.0008955223880597885,0.0037466701039789996,1.399888485294675,1,1,1,1,0,0,0,0,0,0,0,0,0,0,0,0,0
2024-01-16,Google Ads,Search,Healthcare,UK,175381,4226,0.0241,0.91,3845.66,204,18.85,11471.83,2.98,0.024096110753160264,0.9099999999999999,18.851274509803922,2.9830588247530985,3.889246839736127e-06,1.1102230246251565e-16,-0.0012745098039204095,-0.003058824753098488,2.4096110753160263,1,1,1,1,0,0,0,0,0,0,0,0,0,0,0,0,0
2024-10-29,Google Ads,Video,SaaS,UK,174741,7129,0.0408,2.17,15469.93,326,47.45,58786.78,3.8,0.04079752319146623,2.17,47.45377300613497,3.8000676150441532,2.4768085337759094e-06,0.0,-0.003773006134970558,-6.761504415342401e-05,4.079752319146623,1,1,1,1,0,0,0,0,0,0,0,0,0,0,0,0,0
2024-01-17,Meta Ads,Shopping,E-commerce,Germany,62033,2667,0.043,1.1,2933.7,135,21.73,14288.2,4.87,0.04299324553060468,1.0999999999999999,21.731111111111108,4.87036847666769,6.7544693953189294e-06,2.220446049250313e-16,-0.001111111111107732,-0.0003684766676901319,4.299324553060468,1,1,1,1,0,0,0,0,0,0,0,0,0,0,0,0,0
2024-04-18,TikTok Ads,Search,Fintech,Canada,6067,201,0.0332,0.63,126.63,12,10.55,2449.28,19.34,0.03313004779957145,0.63,10.5525,19.34202005843797,6.995220042854688e-05,0.0,-0.0024999999999995026,-0.0020200584379708175,3.3130047799571454,1,1,1,1,0,0,0,0,0,0,0,0,0,0,0,1,0
2024-06-06,Google Ads,Search,SaaS,UAE,187941,9303,0.0495,2.33,21675.99,528,41.05,92564.99,4.27,0.04949957699490798,2.33,41.053011363636365,4.270392724853628,4.2300509202342074e-07,0.0,-0.003011363636368003,-0.00039272485362840115,4.949957699490798,1,1,1,1,0,0,0,0,0,0,0,1,0,0,1,0,0
2024-10-23,TikTok Ads,Shopping,EdTech,UAE,16094,535,0.0333,1.81,968.35,8,121.04,469.8,0.49,0.033242202062880574,1.81,121.04375,0.48515516084060517,5.779793711942899e-05,0.0,-0.0037499999999965894,0.00484483915939482,3.3242202062880573,1,1,1,1,0,0,0,0,0,0,0,0,0,1,0,0,0
2024-09-27,Meta Ads,Display,EdTech,India,8599,258,0.0301,0.65,167.7,6,27.95,594.69,3.55,0.030003488777764858,0.6499999999999999,27.95,3.546153846153847,9.651122223514053e-05,1.1102230246251565e-16,0.0,0.0038461538461529443,3.000348877776486,1,1,1,1,0,0,0,0,0,0,0,0,0,0,0,0,0
2024-01-07,Google Ads,Video,Fintech,UAE,32476,1136,0.035,1.64,1863.04,86,21.66,21754.11,11.68,0.03497967730016012,1.64,21.663255813953487,11.676673608725524,2.0322699839883662e-05,0.0,-0.0032558139534870634,0.0033263912744754265,3.497967730016012,1,1,1,1,0,0,0,0,0,0,0,0,0,0,0,0,0
2024-01-31,Google Ads,Display,Fintech,Canada,64739,1599,0.0247,3.26,5212.74,109,47.82,22723.24,4.36,0.024699176694110196,3.26,47.82330275229358,4.359173870171926,8.233058898035606e-07,0.0,-0.003302752293578237,0.0008261298280745066,2.4699176694110196,1,1,1,1,0,0,0,0,0,0,0,0,0,0,0,0,0
2024-05-06,Google Ads,Search,EdTech,UK,51666,2965,0.0574,2.92,8657.8,80,108.22,16836.59,1.94,0.05738783726241629,2.92,108.2225,1.9446730116195803,1.2162737583712446e-05,0.0,-0.0024999999999977263,-0.004673011619580336,5.738783726241628,1,1,1,1,0,0,0,0,0,0,0,0,0,0,0,0,0
2024-11-03,Meta Ads,Shopping,SaaS,India,39723,1116,0.0281,0.95,1060.2,14,75.73,582.59,0.55,0.028094554791934144,0.9500000000000001,75.72857142857143,0.5495095265044331,5.4452080658559665e-06,-1.1102230246251565e-16,0.0014285714285762197,0.0004904734955669676,2.8094554791934145,1,1,1,1,0,0,0,0,0,0,0,0,0,0,0,0,0
2024-12-12,TikTok Ads,Search,Healthcare,Canada,163984,12971,0.0791,1.68,21791.28,962,22.65,170813.74,7.84,0.07909918040784467,1.68,22.65205821205821,7.838628111795177,8.195921553377783e-07,0.0,-0.0020582120582126606,0.0013718882048232572,7.909918040784467,1,1,1,1,0,0,0,0,1,0,0,1,1,0,1,0,0
2024-01-10,Meta Ads,Video,Fintech,Australia,51698,1307,0.0253,1.96,2561.72,91,28.15,15551.2,6.07,0.02528144222213625,1.9599999999999997,28.150769230769228,6.07060880970598,1.8557777863748015e-05,2.220446049250313e-16,-0.000769230769229523,-0.0006088097059793185,2.528144222213625,1,1,1,1,0,0,0,0,0,0,0,0,0,0,0,0,0
2024-02-16,Google Ads,Shopping,SaaS,UAE,50206,2399,0.0478,2.02,4845.98,163,29.73,5571.38,1.15,0.04778313349002111,2.02,29.729938650306746,1.1496910841563523,1.6866509978889777e-05,0.0,6.134969325444217e-05,0.0003089158436475614,4.7783133490021115,1,1,1,1,0,0,0,0,0,0,0,0,0,0,0,0,0
2024-10-08,Google Ads,Video,Fintech,UAE,194099,4774,0.0246,2.49,11887.26,134,88.71,8446.21,0.71,0.024595696010798612,2.49,88.71089552238806,0.7105262272382364,4.303989201388109e-06,0.0,-0.0008955223880633412,-0.0005262272382364763,2.459569601079861,1,1,1,1,0,0,0,0,0,0,0,0,0,0,0,0,0
2024-12-29,TikTok Ads,Video,E-commerce,USA,11820,366,0.031,1.72,629.52,12,52.46,2301.99,3.66,0.030964467005076143,1.72,52.46,3.656738467403736,3.553299492385642e-05,0.0,0.0,0.0032615325962641606,3.0964467005076144,1,1,1,1,0,0,0,0,0,0,0,0,0,0,0,0,0
2024-12-16,TikTok Ads,Search,SaaS,USA,56782,3264,0.0575,0.8,2611.2,154,16.96,15749.58,6.03,0.05748300517769716,0.7999999999999999,16.955844155844154,6.031548713235295,1.6994822302843215e-05,1.1102230246251565e-16,0.0041558441558464665,-0.0015487132352944855,5.7483005177697155,1,1,1,1,0,0,0,0,0,0,0,0,0,0,0,0,0
2024-08-13,TikTok Ads,Video,SaaS,UK,191894,7138,0.0372,0.77,5496.26,380,14.46,85112.1,15.49,0.03719761951910951,0.77,14.463842105263158,15.485457383748223,2.3804808904903663e-06,0.0,-0.0038421052631569808,0.0045426162517774316,3.7197619519109506,1,1,1,1,0,0,0,0,0,0,0,0,0,0,0,0,0
2024-01-19,Google Ads,Shopping,Fintech,UK,55075,3056,0.0555,2.36,7212.16,156,46.23,5145.31,0.71,0.05548797094870631,2.36,46.23179487179487,0.7134214992457184,1.2029051293688253e-05,0.0,-0.0017948717948712556,-0.00342149924571844,5.548797094870631,1,1,1,1,0,0,0,0,0,0,0,0,0,0,0,0,0
2024-04-28,Google Ads,Shopping,EdTech,India,81830,4091,0.05,1.45,5931.95,49,121.06,7206.83,1.21,0.04999388977147745,1.45,121.06020408163265,1.2149175229056213,6.1102285225517194e-06,0.0,-0.00020408163264562518,-0.004917522905621308,4.9993889771477455,1,1,1,1,0,0,0,0,0,0,0,0,0,1,0,0,0
2024-12-17,Meta Ads,Search,EdTech,USA,87911,1116,0.0127,0.48,535.68,61,8.78,16688.84,31.15,0.012694657096381567,0.48,8.781639344262294,31.15449522102748,5.34290361843201e-06,0.0,-0.0016393442622941734,-0.0044952210274828985,1.2694657096381567,1,1,1,1,0,0,0,0,0,0,0,0,0,0,0,1,0
2024-09-15,Meta Ads,Search,SaaS,Canada,9521,237,0.0249,1.77,419.49,17,24.68,1502.31,3.58,0.024892343241256172,1.77,24.675882352941176,3.5812772652506615,7.65675874382643e-06,0.0,0.004117647058823337,-0.001277265250661408,2.489234324125617,1,1,1,1,0,0,0,0,0,0,0,0,0,0,0,0,0
2024-04-14,TikTok Ads,Search,E-commerce,UK,88115,5383,0.0611,0.68,3660.44,121,30.25,28357.39,7.75,0.06109062021222266,0.68,30.251570247933884,7.746989432964343,9.37978777734022e-06,0.0,-0.0015702479338841613,0.0030105670356572745,6.109062021222266,1,1,1,1,0,0,0,0,0,0,0,0,0,0,0,0,0
2024-06-24,Google Ads,Shopping,E-commerce,Germany,184030,5649,0.0307,2.23,12597.27,90,139.97,23192.98,1.84,0.030696082160517307,2.23,139.96966666666668,1.8411116059273158,3.91783948269428e-06,0.0,0.00033333333331597714,-0.0011116059273157397,3.069608216051731,1,1,1,1,0,0,0,0,0,0,0,0,0,1,0,0,0
2024-08-21,Meta Ads,Video,EdTech,UK,151729,4491,0.0296,1.85,8308.35,228,36.44,48165.44,5.8,0.029598824219496604,1.85,36.44013157894737,5.797232904246933,1.175780503397117e-06,0.0,-0.00013157894737503284,0.002767095753067217,2.9598824219496604,1,1,1,1,0,0,0,0,0,0,0,0,0,0,0,0,0
2024-02-24,TikTok Ads,Video,SaaS,India,68176,2679,0.0393,1.24,3321.96,173,19.2,19288.91,5.81,0.03929535320347336,1.24,19.20208092485549,5.806484725884719,4.6467965266402955e-06,0.0,-0.002080924855491162,0.003515274115280853,3.929535320347336,1,1,1,1,0,0,0,0,0,0,0,0,0,0,0,0,0
2024-10-12,Meta Ads,Shopping,Healthcare,UAE,160136,6581,0.0411,0.4,2632.4,393,6.7,81942.57,31.13,0.041096318129589846,0.4,6.69821882951654,31.12846451907005,3.6818704101521105e-06,0.0,0.0017811704834604924,0.0015354809299488181,4.109631812958985,1,1,1,1,0,0,0,0,0,0,0,0,0,0,0,1,0
2024-04-22,Google Ads,Video,Healthcare,Canada,164504,3322,0.0202,2.07,6876.54,96,71.63,10570.76,1.54,0.020194037834946263,2.07,71.630625,1.537220753460316,5.962165053736285e-06,0.0,-0.0006249999999994316,0.002779246539684088,2.019403783494626,1,1,1,1,0,0,0,0,0,0,0,0,0,0,0,0,0
2024-04-20,TikTok Ads,Display,Healthcare,Australia,111399,4155,0.0373,1.22,5069.1,176,28.8,18559.1,3.66,0.03729835994937118,1.2200000000000002,28.801704545454548,3.6612219131601265,1.6400506288177796e-06,-2.220446049250313e-16,-0.001704545454547457,-0.00122191316012632,3.729835994937118,1,1,1,1,0,0,0,0,0,0,0,0,0,0,0,0,0
2024-07-29,Google Ads,Search,E-commerce,Germany,135011,3496,0.0259,1.89,6607.44,254,26.01,69461.44,10.51,0.025894186399626696,1.89,26.013543307086614,10.51261002748417,5.813600373303501e-06,0.0,-0.003543307086612657,-0.002610027484170274,2.5894186399626697,1,1,1,1,0,0,0,0,0,0,0,0,0,0,0,0,0
2024-08-04,Google Ads,Display,Healthcare,USA,24359,1461,0.06,2.34,3418.74,35,97.68,4110.39,1.2,0.059977831602282525,2.34,97.6782857142857,1.2023113778760597,2.2168397717473032e-05,0.0,0.00171428571429999,-0.002311377876059728,5.997783160228252,1,1,1,1,0,0,0,0,0,0,0,0,0,0,0,0,0
2024-05-23,Meta Ads,Shopping,Healthcare,UK,130611,2207,0.0169,0.73,1611.11,44,36.62,9567.41,5.94,0.016897504804342666,0.73,36.616136363636365,5.938396509238972,2.4951956573322776e-06,0.0,0.0038636363636328497,0.0016034907610285032,1.6897504804342667,1,1,1,1,0,0,0,0,0,0,0,0,0,0,0,0,0
2024-12-03,TikTok Ads,Search,SaaS,UK,156601,8628,0.0551,0.31,2674.68,362,7.39,23745.71,8.88,0.0550954336179207,0.31,7.388618784530387,8.87796297127133,4.566382079303211e-06,0.0,0.0013812154696131174,0.00203702872867062,5.50954336179207,1,1,1,1,0,0,0,0,0,0,0,0,0,0,0,0,0
2024-11-29,Meta Ads,Search,SaaS,Germany,172967,5016,0.029,2.08,10433.28,331,31.52,75767.62,7.26,0.02899975139766545,2.08,31.520483383685804,7.262109327076431,2.486023345515953e-07,0.0,-0.0004833836858040286,-0.002109327076431633,2.899975139766545,1,1,1,1,0,0,0,0,0,0,0,0,0,0,0,0,0
2024-04-13,Google Ads,Shopping,SaaS,Canada,165104,7958,0.0482,3.09,24590.22,105,234.19,29946.1,1.22,0.04819992247310786,3.0900000000000003,234.19257142857143,1.2178052900706051,7.752689214213238e-08,-4.440892098500626e-16,-0.002571428571428669,0.0021947099293948558,4.819992247310786,1,1,1,1,0,0,0,0,0,0,0,1,0,1,0,0,0
2024-01-17,Google Ads,Video,Fintech,Canada,49109,1203,0.0245,3.26,3921.78,25,156.87,4734.61,1.21,0.024496528131299763,3.2600000000000002,156.87120000000002,1.2072604786602001,3.471868700238162e-06,-4.440892098500626e-16,-0.0012000000000114142,0.002739521339799822,2.449652813129976,1,1,1,1,0,0,0,0,0,0,0,0,0,1,0,0,0
2024-12-25,Meta Ads,Shopping,SaaS,UK,46291,1976,0.0427,0.73,1442.48,74,19.49,2307.39,1.6,0.042686483333693376,0.73,19.49297297297297,1.5995993012034828,1.3516666306626068e-05,0.0,-0.0029729729729730536,0.0004006987965172737,4.268648333369337,1,1,1,1,0,0,0,0,0,0,0,0,0,0,0,0,0
2024-08-02,Google Ads,Video,Fintech,Germany,33750,1410,0.0418,1.91,2693.1,106,25.41,5682.79,2.11,0.041777777777777775,1.91,25.406603773584905,2.110129590434815,2.2222222222222088e-05,0.0,0.0033962264150950716,-0.0001295904348150856,4.177777777777777,1,1,1,1,0,0,0,0,0,0,0,0,0,0,0,0,0
2024-01-26,Meta Ads,Search,Healthcare,USA,177593,1811,0.0102,0.79,1430.69,128,11.18,17092.48,11.95,0.01019747399953827,0.79,11.177265625,11.947018571458527,2.526000461730571e-06,0.0,0.0027343749999992895,0.0029814285414726527,1.0197473999538271,1,1,1,1,0,0,0,0,0,0,0,0,0,0,0,0,0
2024-03-23,Google Ads,Display,SaaS,India,150465,5311,0.0353,3.13,16623.43,295,56.35,57602.12,3.47,0.03529724520652643,3.13,56.350610169491524,3.4651164049777936,2.7547934735652757e-06,0.0,-0.0006101694915230382,0.004883595022206588,3.529724520652643,1,1,1,1,0,0,0,0,0,0,0,0,0,0,0,0,0
2024-12-08,TikTok Ads,Shopping,SaaS,Canada,25860,1569,0.0607,1.08,1694.52,79,21.45,13162.62,7.77,0.06067285382830626,1.08,21.449620253164557,7.767757240988599,2.7146171693734344e-05,0.0,0.000379746835442063,0.0022427590114002527,6.067285382830626,1,1,1,1,0,0,0,0,0,0,0,0,0,0,0,0,0
2024-08-17,Google Ads,Display,SaaS,Germany,41375,2350,0.0568,2.2,5170.0,148,34.93,14702.27,2.84,0.056797583081571,2.2,34.932432432432435,2.8437659574468084,2.4169184290045997e-06,0.0,-0.002432432432435405,-0.003765957446808521,5.6797583081570995,1,1,1,1,0,0,0,0,0,0,0,0,0,0,0,0,0
2024-04-28,Meta Ads,Display,SaaS,UAE,26159,782,0.0299,1.51,1180.82,52,22.71,8689.29,7.36,0.029894109102029894,1.51,22.708076923076923,7.35869141782829,5.890897970105974e-06,0.0,0.0019230769230773603,0.0013085821717107038,2.9894109102029893,1,1,1,1,0,0,0,0,0,0,0,0,0,0,0,0,0
2024-02-06,Meta Ads,Display,EdTech,India,184541,3063,0.0166,1.72,5268.36,215,24.5,16566.88,3.14,0.016597937585685566,1.72,24.503999999999998,3.144599078271037,2.0624143144340468e-06,0.0,-0.003999999999997783,-0.004599078271037005,1.6597937585685567,1,1,1,1,0,0,0,0,0,0,0,0,0,0,0,0,0
2024-08-31,Meta Ads,Video,E-commerce,UAE,196373,5184,0.0264,0.86,4458.24,173,25.77,36583.06,8.21,0.0263987411711386,0.86,25.770173410404624,8.20571795147861,1.258828861400163e-06,0.0,-0.0001734104046242635,0.004282048521391246,2.6398741171138598,1,1,1,1,0,0,0,0,0,0,0,0,0,0,0,0,0
2024-01-10,Google Ads,Video,Healthcare,Australia,131031,6092,0.0465,2.94,17910.48,482,37.16,116431.98,6.5,0.04649281467744274,2.94,37.15867219917013,6.500773848607072,7.185322557258511e-06,0.0,0.0013278008298698296,-0.0007738486070723027,4.649281467744274,1,1,1,1,0,0,0,0,0,0,0,0,0,0,1,0,0
2024-01-15,Meta Ads,Search,EdTech,Germany,113269,3182,0.0281,1.53,4868.46,185,26.32,53909.5,11.07,0.02809241716621494,1.53,26.316,11.073214116989767,7.582833785060861e-06,0.0,0.004000000000001336,-0.003214116989767035,2.809241716621494,1,1,1,1,0,0,0,0,0,0,0,0,0,0,0,0,0
2024-11-27,TikTok Ads,Video,SaaS,USA,92346,6815,0.0738,0.82,5588.3,469,11.92,125930.93,22.53,0.0737985402724536,0.8200000000000001,11.915351812366739,22.534747597659393,1.45972754640733e-06,-1.1102230246251565e-16,0.004648187633261358,-0.004747597659392255,7.37985402724536,1,1,1,1,0,0,0,0,0,0,0,0,0,0,1,1,0
2024-10-05,Google Ads,Search,Fintech,Australia,143241,7133,0.0498,2.06,14693.98,272,54.02,60208.51,4.1,0.049797194937203734,2.06,54.02198529411765,4.097495028576329,2.8050627962628027e-06,0.0,-0.001985294117645253,0.0025049714236704546,4.979719493720373,1,1,1,1,0,0,0,0,0,0,0,0,0,0,0,0,0
2024-07-11,Meta Ads,Video,SaaS,UK,194137,2640,0.0136,2.41,6362.4,49,129.84,6668.85,1.05,0.013598644256375652,2.4099999999999997,129.84489795918367,1.0481657864956622,1.3557436243476217e-06,4.440892098500626e-16,-0.0048979591836655345,0.0018342135043378782,1.3598644256375652,1,1,1,1,0,0,0,0,0,0,0,0,0,1,0,0,0
2024-01-24,TikTok Ads,Shopping,EdTech,UK,79967,2327,0.0291,1.05,2443.35,43,56.82,11334.87,4.64,0.029099503545212402,1.05,56.82209302325581,4.639069310577691,4.964547875990766e-07,0.0,-0.002093023255810067,0.0009306894223088946,2.90995035452124,1,1,1,1,0,0,0,0,0,0,0,0,0,0,0,0,0
2024-08-31,Meta Ads,Video,E-commerce,UAE,60919,1851,0.0304,1.79,3313.29,131,25.29,19210.72,5.8,0.030384609071061573,1.79,25.292290076335878,5.798079854163083,1.5390928938426723e-05,0.0,-0.0022900763358784104,0.0019201458369169089,3.0384609071061575,1,1,1,1,0,0,0,0,0,0,0,0,0,0,0,0,0
2024-09-27,TikTok Ads,Search,SaaS,Canada,40886,1782,0.0436,0.55,980.1,132,7.42,28189.38,28.76,0.04358460108594629,0.55,7.425,28.761738598102234,1.5398914053707524e-05,0.0,-0.004999999999999893,-0.0017385981022322028,4.358460108594629,1,1,1,1,0,0,0,0,0,0,0,0,0,0,0,1,0
2024-03-30,TikTok Ads,Shopping,SaaS,India,37646,1874,0.0498,1.1,2061.4,144,14.32,16795.87,8.15,0.04977952504914201,1.1,14.315277777777778,8.147797613272532,2.047495085798906e-05,0.0,0.004722222222222072,0.0022023867274683084,4.9779525049142,1,1,1,1,0,0,0,0,0,0,0,0,0,0,0,0,0
2024-03-15,Meta Ads,Search,EdTech,Germany,117529,4266,0.0363,1.03,4393.98,308,14.27,62119.33,14.14,0.03629742446545108,1.0299999999999998,14.26616883116883,14.137372040837693,2.575534548916736e-06,2.220446049250313e-16,0.003831168831169407,0.0026279591623072918,3.6297424465451082,1,1,1,1,0,0,0,0,0,0,0,0,0,0,0,0,0
2024-05-28,TikTok Ads,Video,Fintech,India,150250,7196,0.0479,0.67,4821.32,534,9.03,36153.63,7.5,0.04789351081530782,0.6699999999999999,9.028689138576778,7.498699526270814,6.4891846921766305e-06,1.1102230246251565e-16,0.0013108614232208993,0.00130047372918618,4.789351081530782,1,1,1,1,0,0,0,0,0,0,0,0,0,0,0,0,0
2024-05-31,Meta Ads,Video,E-commerce,Germany,196929,2382,0.0121,1.3,3096.6,143,21.65,38447.59,12.42,0.012095729933123106,1.3,21.654545454545453,12.416066007879609,4.2700668768935746e-06,0.0,-0.004545454545453964,0.003933992120391139,1.2095729933123107,1,1,1,1,0,0,0,0,0,0,0,0,0,0,0,0,0
2024-10-20,Google Ads,Search,Healthcare,Germany,91491,4053,0.0443,1.74,7052.22,140,50.37,19432.37,2.76,0.044299439289110405,1.74,50.373000000000005,2.7554968506371043,5.607108895938628e-07,0.0,-0.003000000000007219,0.004503149362895531,4.42994392891104,1,1,1,1,0,0,0,0,0,0,0,0,0,0,0,0,0
2024-12-04,Google Ads,Video,E-commerce,UK,154741,6019,0.0389,1.04,6259.76,220,28.45,38586.7,6.16,0.03889725412140286,1.04,28.453454545454548,6.16424591358135,2.7458785971379296e-06,0.0,-0.0034545454545487075,-0.00424591358135018,3.8897254121402858,1,1,1,1,0,0,0,0,0,0,0,0,0,0,0,0,0
2024-10-27,TikTok Ads,Display,E-commerce,India,72963,5618,0.077,0.48,2696.64,412,6.55,16464.01,6.11,0.07699793045790332,0.48,6.545242718446602,6.105379286816186,2.0695420966804212e-06,0.0,0.004757281553398052,0.004620713183814296,7.699793045790332,1,1,1,1,0,0,0,0,0,0,0,0,0,0,0,0,0
2024-09-15,Google Ads,Video,Fintech,USA,194281,5906,0.0304,2.5,14765.0,371,39.8,20958.57,1.42,0.030399267041038496,2.5,39.79784366576819,1.4194764646122586,7.329589615037713e-07,0.0,0.0021563342318060563,0.0005235353877413029,3.03992670410385,1,1,1,1,0,0,0,0,0,0,0,0,0,0,0,0,0
2024-09-28,Meta Ads,Display,E-commerce,UAE,92844,3277,0.0353,1.81,5931.37,63,94.15,10318.61,1.74,0.03529576493903753,1.81,94.14873015873016,1.7396672269644282,4.23506096246945e-06,0.0,0.0012698412698455286,0.0003327730355717762,3.529576493903753,1,1,1,1,0,0,0,0,0,0,0,0,0,0,0,0,0
2024-05-11,Google Ads,Video,SaaS,UAE,132441,2436,0.0184,2.09,5091.24,135,37.71,8958.33,1.76,0.01839309579359866,2.09,37.712888888888884,1.7595575930421665,6.904206401339014e-06,0.0,-0.0028888888888829456,0.0004424069578334855,1.8393095793598662,1,1,1,1,0,0,0,0,0,0,0,0,0,0,0,0,0
2024-10-08,Meta Ads,Search,EdTech,Germany,110977,2829,0.0255,0.66,1867.14,48,38.9,10643.48,5.7,0.02549176856465754,0.66,38.89875,5.700418822370041,8.231435342457433e-06,0.0,0.0012499999999988631,-0.00041882237004120526,2.549176856465754,1,1,1,1,0,0,0,0,0,0,0,0,0,0,0,0,0
2024-09-30,Google Ads,Search,Healthcare,UAE,50076,2964,0.0592,3.4,10077.6,94,107.21,28058.66,2.78,0.059190031152647975,3.4,107.20851063829788,2.7842601413034846,9.96884735202791e-06,0.0,0.0014893617021130012,-0.004260141303484843,5.919003115264798,1,1,1,1,0,0,0,0,0,0,0,0,0,0,0,0,0
2024-10-30,Google Ads,Search,SaaS,Australia,180590,4857,0.0269,1.51,7334.07,333,22.02,91782.77,12.51,0.026895176920095243,1.51,22.024234234234232,12.514575126771357,4.8230799047574435e-06,0.0,-0.004234234234232304,-0.004575126771356963,2.6895176920095243,1,1,1,1,0,0,0,0,0,0,0,0,0,0,1,0,0
2024-06-19,Meta Ads,Search,Fintech,UAE,153530,3899,0.0254,2.31,9006.69,302,29.82,21392.38,2.38,0.025395688139125905,2.31,29.823476821192056,2.375165571369726,4.311860874094131e-06,0.0,-0.0034768211920557235,0.004834428630273724,2.5395688139125907,1,1,1,1,0,0,0,0,0,0,0,0,0,0,0,0,0
2024-01-05,Google Ads,Video,SaaS,India,135223,3285,0.0243,3.02,9920.7,201,49.36,46154.22,4.65,0.02429320455839613,3.02,49.35671641791045,4.652314856814539,6.795441603868468e-06,0.0,0.0032835820895513734,-0.0023148568145385795,2.429320455839613,1,1,1,1,0,0,0,0,0,0,0,0,0,0,0,0,0
2024-12-30,Meta Ads,Display,EdTech,USA,108152,4250,0.0393,0.72,3060.0,160,19.12,12452.25,4.07,0.03929654560248539,0.72,19.125,4.069362745098039,3.4543975146114625e-06,0.0,-0.004999999999999005,0.0006372549019610929,3.929654560248539,1,1,1,1,0,0,0,0,0,0,0,0,0,0,0,0,0
2024-03-03,Google Ads,Video,Healthcare,Germany,76442,2392,0.0313,1.64,3922.88,160,24.52,14390.19,3.67,0.03129169828104968,1.6400000000000001,24.518,3.668271779916796,8.301718950318171e-06,-2.220446049250313e-16,0.0019999999999988916,0.0017282200832040573,3.1291698281049682,1,1,1,1,0,0,0,0,0,0,0,0,0,0,0,0,0
2024-11-12,Google Ads,Video,EdTech,Germany,57335,1869,0.0326,2.75,5139.75,133,38.64,11136.73,2.17,0.032597889596232665,2.75,38.64473684210526,2.166784376672017,2.110403767331681e-06,0.0,-0.004736842105259598,0.003215623327982975,3.2597889596232665,1,1,1,1,0,0,0,0,0,0,0,0,0,0,0,0,0
2024-11-25,TikTok Ads,Display,SaaS,UK,82661,4769,0.0577,1.33,6342.77,271,23.41,79985.87,12.61,0.057693470923410074,1.33,23.405055350553507,12.610558163073861,6.529076589927019e-06,0.0,0.004944649446493088,-0.000558163073861806,5.7693470923410075,1,1,1,1,0,0,0,0,0,0,0,0,0,0,0,0,0
2024-04-30,Google Ads,Shopping,Fintech,India,72902,4942,0.0678,3.3,16308.6,323,50.49,33499.38,2.05,0.06778963540094922,3.3000000000000003,50.49102167182663,2.0540929325631874,1.0364599050780021e-05,-4.440892098500626e-16,-0.0010216718266278235,-0.004092932563187546,6.778963540094922,1,1,1,1,0,0,0,0,0,0,0,0,0,0,0,0,0
2024-02-01,Meta Ads,Search,E-commerce,UK,63528,711,0.0112,1.49,1059.39,23,46.06,4567.68,4.31,0.011191915375897242,1.4900000000000002,46.0604347826087,4.311613286891513,8.084624102757537e-06,-2.220446049250313e-16,-0.0004347826086998907,-0.0016132868915130771,1.1191915375897243,1,1,1,1,0,0,0,0,0,0,0,0,0,0,0,0,0
2024-12-18,TikTok Ads,Shopping,Fintech,USA,169238,6583,0.0389,0.53,3488.99,507,6.88,146453.92,41.98,0.0388978834540706,0.5299999999999999,6.88163708086785,41.9760217140204,2.1165459293953637e-06,1.1102230246251565e-16,-0.0016370808678498605,0.00397828597959915,3.88978834540706,1,1,1,1,0,0,0,0,0,0,0,0,0,0,1,1,0
2024-12-06,Meta Ads,Display,SaaS,Canada,14815,189,0.0128,0.55,103.95,3,34.65,142.69,1.37,0.012757340533243334,0.55,34.65,1.3726791726791727,4.265946675666675e-05,0.0,0.0,-0.0026791726791726145,1.2757340533243333,1,1,1,1,0,0,0,0,0,0,0,0,0,0,0,0,0
2024-08-21,TikTok Ads,Search,Healthcare,Germany,47278,2803,0.0593,1.69,4737.07,201,23.57,39448.18,8.33,0.059287617919539744,1.69,23.567512437810944,8.327548463501701,1.2382080460254796e-05,0.0,0.002487562189056547,0.0024515364982988785,5.928761791953974,1,1,1,1,0,0,0,0,0,0,0,0,0,0,0,0,0
2024-02-17,Google Ads,Video,Fintech,UAE,15046,400,0.0266,1.18,472.0,4,118.0,142.71,0.3,0.02658513890735079,1.18,118.0,0.30235169491525427,1.4861092649209179e-05,0.0,0.0,-0.0023516949152542765,2.658513890735079,1,1,1,1,0,0,0,0,0,0,0,0,0,1,0,0,0
2024-08-04,Meta Ads,Shopping,SaaS,Canada,58968,1715,0.0291,1.49,2555.35,127,20.12,13332.87,5.22,0.029083570750237417,1.49,20.120866141732282,5.217629678908956,1.6429249762583975e-05,0.0,-0.0008661417322812781,0.0023703210910435146,2.9083570750237415,1,1,1,1,0,0,0,0,0,0,0,0,0,0,0,0,0
2024-02-21,Google Ads,Search,Healthcare,India,13083,707,0.0541,2.38,1682.66,41,41.04,10442.74,6.21,0.05403959336543606,2.3800000000000003,41.04048780487805,6.206090356934853,6.040663456394202e-05,-4.440892098500626e-16,-0.00048780487804833683,0.003909643065147073,5.403959336543606,1,1,1,1,0,0,0,0,0,0,0,0,0,0,0,0,0
2024-12-17,TikTok Ads,Search,SaaS,Germany,109222,7306,0.0669,1.09,7963.54,124,64.22,12349.14,1.55,0.06689128563842449,1.09,64.22209677419355,1.5507098601878058,8.71436157551253e-06,0.0,-0.00209677419354648,-0.000709860187805722,6.6891285638424485,1,1,1,1,0,0,0,0,0,0,0,0,0,0,0,0,0
2024-04-04,TikTok Ads,Search,SaaS,UK,45382,2246,0.0495,1.59,3571.14,46,77.63,2662.9,0.75,0.049490987616235514,1.5899999999999999,77.63347826086957,0.7456722503178257,9.012383764488152e-06,2.220446049250313e-16,-0.003478260869570704,0.004327749682174309,4.949098761623551,1,1,1,1,0,0,0,0,0,0,0,0,0,0,0,0,0
2024-09-15,Meta Ads,Display,Healthcare,UAE,196432,6501,0.0331,0.4,2600.4,462,5.63,52195.74,20.07,0.033095422334446525,0.4,5.628571428571429,20.072196585140745,4.57766555347211e-06,0.0,0.0014285714285708906,-0.0021965851407443893,3.3095422334446525,1,1,1,1,0,0,0,0,0,0,0,0,0,0,0,1,0
2024-12-05,TikTok Ads,Search,EdTech,India,71470,2065,0.0289,1.18,2436.7,37,65.86,10377.15,4.26,0.02889324191968658,1.18,65.85675675675675,4.258690031600115,6.75808031341818e-06,0.0,0.003243243243247207,0.0013099683998847311,2.889324191968658,1,1,1,1,0,0,0,0,0,0,0,0,0,0,0,0,0
2024-01-01,TikTok Ads,Display,SaaS,USA,103026,9066,0.088,1.43,12964.38,278,46.63,46631.0,3.6,0.08799720458913284,1.43,46.634460431654674,3.596855383751479,2.79541086715962e-06,0.0,-0.0044604316546710265,0.003144616248520915,8.799720458913283,1,1,1,1,0,0,0,0,0,1,0,0,0,0,0,0,0
2024-07-13,Meta Ads,Display,Fintech,India,140793,2886,0.0205,1.52,4386.72,141,31.11,12104.44,2.76,0.020498178176471843,1.52,31.11148936170213,2.7593372724951672,1.8218235281579342e-06,0.0,-0.0014893617021307648,0.0006627275048325387,2.049817817647184,1,1,1,1,0,0,0,0,0,0,0,0,0,0,0,0,0
2024-07-24,Meta Ads,Search,Fintech,Canada,8970,306,0.0342,0.6,183.6,22,8.35,4976.05,27.1,0.03411371237458194,0.6,8.345454545454546,27.102668845315907,8.628762541806195e-05,0.0,0.004545454545453964,-0.0026688453159060543,3.411371237458194,1,1,1,1,0,0,0,0,0,0,0,0,0,0,0,1,0
2024-12-18,Meta Ads,Display,Fintech,Germany,177825,4285,0.0241,0.78,3342.3,163,20.5,29602.7,8.86,0.02409672430760579,0.78,20.504907975460124,8.856984711127067,3.2756923942084404e-06,0.0,-0.004907975460124447,0.0030152888729322314,2.4096724307605792,1,1,1,1,0,0,0,0,0,0,0,0,0,0,0,0,0
2024-12-07,Meta Ads,Display,SaaS,UAE,122512,4532,0.037,1.84,8338.88,61,136.7,5305.8,0.64,0.036992294632362546,1.8399999999999999,136.7029508196721,0.6362724970259795,7.705367637451943e-06,2.220446049250313e-16,-0.0029508196721224067,0.003727502974020469,3.6992294632362546,1,1,1,1,0,0,0,0,0,0,0,0,0,1,0,0,0
2024-06-09,Google Ads,Search,EdTech,Canada,107548,4258,0.0396,3.2,13625.6,145,93.97,17656.92,1.3,0.039591624205006136,3.2,93.9696551724138,1.2958636683889149,8.375794993867314e-06,0.0,0.0003448275862041328,0.0041363316110851756,3.9591624205006135,1,1,1,1,0,0,0,0,0,0,0,0,0,0,0,0,0
2024-07-06,TikTok Ads,Display,Healthcare,UK,89224,5255,0.0589,1.99,10457.45,336,31.12,94667.83,9.05,0.05889670940554111,1.9900000000000002,31.123363095238098,9.052668671616885,3.2905944588879077e-06,-2.220446049250313e-16,-0.003363095238096747,-0.002668671616884666,5.889670940554112,1,1,1,1,0,0,0,0,0,0,0,0,0,0,1,0,0
2024-10-27,Meta Ads,Display,E-commerce,UK,100561,3781,0.0376,1.39,5255.59,124,42.38,34626.86,6.59,0.03759906922166645,1.3900000000000001,42.383790322580644,6.588577115033707,9.307783335535391e-07,-2.220446049250313e-16,-0.003790322580641714,0.0014228849662929477,3.759906922166645,1,1,1,1,0,0,0,0,0,0,0,0,0,0,0,0,0
2024-05-31,Google Ads,Search,Fintech,UAE,50111,2320,0.0463,2.73,6333.6,153,41.4,30016.66,4.74,0.04629722017121989,2.73,41.39607843137255,4.7392730832386,2.7798287801084065e-06,0.0,0.003921568627447414,0.0007269167614003536,4.629722017121989,1,1,1,1,0,0,0,0,0,0,0,0,0,0,0,0,0
2024-03-22,Google Ads,Display,SaaS,Germany,65985,1445,0.0219,0.82,1184.9,63,18.81,4237.85,3.58,0.021898916420398575,0.8200000000000001,18.80793650793651,3.576546544012153,1.0835796014248278e-06,-1.1102230246251565e-16,0.002063492063488326,0.003453455987846965,2.1898916420398575,1,1,1,1,0,0,0,0,0,0,0,0,0,0,0,0,0
2024-07-25,Meta Ads,Video,E-commerce,Germany,93257,1930,0.0207,1.32,2547.6,102,24.98,26767.95,10.51,0.02069549738893595,1.32,24.976470588235294,10.507124352331607,4.502611064050033e-06,0.0,0.003529411764706225,0.0028756476683931,2.069549738893595,1,1,1,1,0,0,0,0,0,0,0,0,0,0,0,0,0
2024-12-24,TikTok Ads,Search,SaaS,India,102847,6458,0.0628,1.17,7555.86,314,24.06,81199.4,10.75,0.06279230312989198,1.17,24.06324840764331,10.746546389160201,7.696870108014897e-06,0.0,-0.0032484076433121345,0.003453610839798671,6.279230312989198,1,1,1,1,0,0,0,0,0,0,0,0,0,0,0,0,0
2024-02-18,Meta Ads,Search,SaaS,UAE,161738,5046,0.0312,1.66,8376.36,258,32.47,29417.67,3.51,0.03119860515154138,1.6600000000000001,32.46651162790698,3.511987307135796,1.394848458617648e-06,-2.220446049250313e-16,0.0034883720930167783,-0.0019873071357960903,3.119860515154138,1,1,1,1,0,0,0,0,0,0,0,0,0,0,0,0,0
2024-05-07,Meta Ads,Shopping,Healthcare,Australia,46516,772,0.0166,0.59,455.48,39,11.68,4874.74,10.7,0.016596439934646143,0.59,11.67897435897436,10.702423816633,3.5600653538574167e-06,0.0,0.0010256410256399562,-0.0024238166330015076,1.6596439934646143,1,1,1,1,0,0,0,0,0,0,0,0,0,0,0,0,0
2024-11-02,Google Ads,Video,SaaS,Canada,7802,340,0.0437,2.37,805.8,14,57.56,799.08,0.99,0.04357856959753909,2.3699999999999997,57.55714285714286,0.9916604616530157,0.00012143040246091058,4.440892098500626e-16,0.002857142857145334,-0.001660461653015699,4.357856959753909,1,1,1,1,0,0,0,0,0,0,0,0,0,0,0,0,0
2024-10-22,Google Ads,Search,EdTech,USA,15960,750,0.047,1.72,1290.0,40,32.25,6919.55,5.36,0.046992481203007516,1.72,32.25,5.363992248062016,7.518796992483923e-06,0.0,0.0,-0.003992248062015591,4.6992481203007515,1,1,1,1,0,0,0,0,0,0,0,0,0,0,0,0,0
2024-01-16,TikTok Ads,Shopping,SaaS,Australia,55701,4138,0.0743,0.34,1406.92,229,6.14,20016.59,14.23,0.07428951006265597,0.34,6.143755458515284,14.227241065590082,1.0489937344038136e-05,0.0,-0.00375545851528436,0.0027589344099183677,7.428951006265597,1,1,1,1,0,0,0,0,0,0,0,0,0,0,0,0,0
2024-06-30,Google Ads,Display,E-commerce,India,64757,3976,0.0614,1.43,5685.68,58,98.03,4380.33,0.77,0.06139876770078911,1.4300000000000002,98.02896551724139,0.7704144447102194,1.2322992108959596e-06,-2.220446049250313e-16,0.0010344827586123984,-0.0004144447102193416,6.139876770078911,1,1,1,1,0,0,0,0,0,0,0,0,0,0,0,0,0
2024-04-04,TikTok Ads,Search,SaaS,UK,199291,16660,0.0836,1.16,19325.6,1016,19.02,207611.26,10.74,0.08359634905740851,1.16,19.021259842519683,10.742810572504865,3.650942591484907e-06,0.0,-0.001259842519683474,-0.00281057250486505,8.359634905740851,1,1,1,1,0,0,0,0,1,0,0,1,1,0,1,0,0
2024-09-18,TikTok Ads,Shopping,EdTech,UK,116800,8351,0.0715,0.7,5845.7,493,11.86,80828.76,13.83,0.07149828767123288,0.7,11.857403651115618,13.827045520639102,1.7123287671116927e-06,0.0,0.0025963488843814275,0.002954479360898432,7.149828767123288,1,1,1,1,0,0,0,0,0,0,0,0,0,0,0,0,0
2024-10-30,Meta Ads,Shopping,Healthcare,Canada,88470,2459,0.0278,0.99,2434.41,165,14.75,44145.0,18.13,0.027794732677743867,0.99,14.754,18.1337572553514,5.267322256131274e-06,0.0,-0.0039999999999995595,-0.0037572553514024776,2.7794732677743865,1,1,1,1,0,0,0,0,0,0,0,0,0,0,0,1,0
2024-03-07,TikTok Ads,Display,Healthcare,Australia,186782,14270,0.0764,1.08,15411.6,931,16.55,224929.42,14.59,0.07639922476469896,1.08,16.553813104189043,14.594812998001506,7.752353010370694e-07,0.0,-0.003813104189042349,-0.004812998001506585,7.639922476469896,1,1,1,1,0,0,0,0,1,0,0,0,1,0,1,0,0
2024-12-08,Google Ads,Display,Healthcare,UAE,121832,6786,0.0557,1.18,8007.48,139,57.61,28929.72,3.61,0.05569965197977543,1.18,57.60776978417266,3.6128369974074244,3.480202245692565e-07,0.0,0.002230215827339066,-0.002836997407424491,5.569965197977543,1,1,1,1,0,0,0,0,0,0,0,0,0,0,0,0,0
2024-09-11,Google Ads,Video,E-commerce,USA,88514,1610,0.0182,0.86,1384.6,77,17.98,22165.04,16.01,0.018189213005852183,0.86,17.98181818181818,16.008262314025714,1.0786994147818363e-05,0.0,-0.0018181818181801646,0.0017376859742874728,1.8189213005852183,1,1,1,1,0,0,0,0,0,0,0,0,0,0,0,0,0
2024-10-14,Meta Ads,Display,Fintech,India,125424,3787,0.0302,0.48,1817.76,253,7.18,36320.54,19.98,0.030193583365225155,0.48,7.1848221343873515,19.980932576357716,6.416634774845942e-06,0.0,-0.004822134387351795,-0.0009325763577159307,3.0193583365225156,1,1,1,1,0,0,0,0,0,0,0,0,0,0,0,1,0
2024-12-06,TikTok Ads,Video,Healthcare,UAE,23883,1332,0.0558,1.56,2077.92,66,31.48,10903.46,5.25,0.05577188795377465,1.56,31.483636363636364,5.247295372295372,2.8112046225353682e-05,0.0,-0.003636363636363882,0.002704627704628315,5.577188795377465,1,1,1,1,0,0,0,0,0,0,0,0,0,0,0,0,0
2024-05-08,Meta Ads,Shopping,E-commerce,Germany,49864,2074,0.0416,1.75,3629.5,73,49.72,14018.44,3.86,0.041593133322637574,1.75,49.71917808219178,3.862361206777793,6.8666773624243005e-06,0.0,0.0008219178082171652,-0.002361206777793168,4.159313332263757,1,1,1,1,0,0,0,0,0,0,0,0,0,0,0,0,0
2024-07-27,Google Ads,Video,SaaS,UAE,190890,7616,0.0399,1.16,8834.56,141,62.66,25751.07,2.91,0.039897323065639895,1.16,62.65645390070922,2.9148106979860913,2.6769343601032447e-06,0.0,0.0035460992907800915,-0.004810697986091128,3.9897323065639894,1,1,1,1,0,0,0,0,0,0,0,0,0,0,0,0,0
2024-11-02,Google Ads,Display,EdTech,UK,146295,3394,0.0232,3.41,11573.54,195,59.35,49666.69,4.29,0.023199699237841348,3.41,59.35148717948719,4.29140003836337,3.007621586503806e-07,0.0,-0.0014871794871851307,-0.00140003836336966,2.319969923784135,1,1,1,1,0,0,0,0,0,0,0,0,0,0,0,0,0
2024-09-23,Meta Ads,Search,SaaS,India,29343,346,0.0118,2.01,695.46,7,99.35,672.01,0.97,0.011791568687591588,2.0100000000000002,99.35142857142857,0.966281310211946,8.431312408411357e-06,-4.440892098500626e-16,-0.0014285714285762197,0.003718689788054008,1.179156868759159,1,1,1,1,0,0,0,0,0,0,0,0,0,0,0,0,0
2024-09-25,TikTok Ads,Display,EdTech,Australia,154712,10288,0.0665,1.08,11111.04,439,25.31,80440.02,7.24,0.06649775065928952,1.08,25.3098861047836,7.239648133748056,2.2493407104834384e-06,0.0,0.00011389521639770805,0.0003518662519441662,6.649775065928952,1,1,1,1,0,0,0,0,0,0,0,0,0,0,0,0,0
2024-04-06,TikTok Ads,Video,EdTech,Germany,60438,5554,0.0919,1.44,7997.76,286,27.96,35506.6,4.44,0.09189582712862769,1.44,27.964195804195803,4.439568079062137,4.1728713723043764e-06,0.0,-0.004195804195802566,0.00043192093786359465,9.18958271286277,1,1,1,1,0,0,0,0,0,1,0,0,0,0,0,0,0
2024-06-01,Google Ads,Shopping,EdTech,Australia,18149,918,0.0506,1.62,1487.16,14,106.23,3557.93,2.39,0.050581299245137476,1.62,106.22571428571429,2.392432556012803,1.870075486252315e-05,0.0,0.004285714285714448,-0.002432556012802678,5.058129924513747,1,1,1,1,0,0,0,0,0,0,0,0,0,0,0,0,0
2024-10-02,TikTok Ads,Shopping,SaaS,Germany,39626,1172,0.0296,0.58,679.76,22,30.9,1100.59,1.62,0.02957654065512542,0.58,30.89818181818182,1.6190861480522536,2.3459344874580262e-05,0.0,0.0018181818181801646,0.0009138519477465135,2.9576540655125423,1,1,1,1,0,0,0,0,0,0,0,0,0,0,0,0,0
2024-04-20,TikTok Ads,Shopping,E-commerce,UAE,103730,4335,0.0418,1.48,6415.8,104,61.69,27379.91,4.27,0.04179118866287477,1.48,61.690384615384616,4.267575360827956,8.81133712522797e-06,0.0,-0.00038461538461831424,0.002424639172043719,4.179118866287477,1,1,1,1,0,0,0,0,0,0,0,0,0,0,0,0,0
2024-06-29,Google Ads,Display,Healthcare,USA,35346,1279,0.0362,2.54,3248.66,48,67.68,1649.56,0.51,0.0361851411758049,2.54,67.68041666666666,0.5077662790196573,1.4858824195100595e-05,0.0,-0.00041666666665207686,0.0022337209803426905,3.6185141175804905,1,1,1,1,0,0,0,0,0,0,0,0,0,0,0,0,0
2024-01-30,Meta Ads,Video,Healthcare,Australia,57776,1490,0.0258,1.18,1758.2,107,16.43,22435.51,12.76,0.02578925505400166,1.18,16.43177570093458,12.76049937436014,1.0744945998338723e-05,0.0,-0.0017757009345800157,-0.0004993743601406919,2.578925505400166,1,1,1,1,0,0,0,0,0,0,0,0,0,0,0,0,0
2024-09-25,Meta Ads,Shopping,SaaS,UAE,178916,4723,0.0264,1.54,7273.42,147,49.48,29612.74,4.07,0.026397862684164636,1.54,49.47904761904762,4.071363952583517,2.137315835364084e-06,0.0,0.000952380952377041,-0.0013639525835165145,2.6397862684164637,1,1,1,1,0,0,0,0,0,0,0,0,0,0,0,0,0
2024-12-15,Meta Ads,Search,Fintech,Canada,34778,705,0.0203,1.56,1099.8,35,31.42,2280.29,2.07,0.020271435965265396,1.5599999999999998,31.42285714285714,2.0733678850700126,2.8564034734602367e-05,2.220446049250313e-16,-0.0028571428571382285,-0.0033678850700127327,2.0271435965265394,1,1,1,1,0,0,0,0,0,0,0,0,0,0,0,0,0
2024-06-05,TikTok Ads,Search,Fintech,Australia,179120,8794,0.0491,0.96,8442.24,646,13.07,31918.96,3.78,0.04909557838320679,0.96,13.068482972136223,3.78086384656205,4.421616793211236e-06,0.0,0.001517027863776832,-0.0008638465620500746,4.909557838320679,1,1,1,1,0,0,0,0,0,0,0,0,1,0,0,0,0
2024-06-19,Meta Ads,Display,Fintech,UAE,91706,1650,0.018,1.68,2772.0,80,34.65,8391.32,3.03,0.017992279676357054,1.68,34.65,3.027171717171717,7.720323642945032e-06,0.0,0.0,0.0028282828282826245,1.7992279676357055,1,1,1,1,0,0,0,0,0,0,0,0,0,0,0,0,0
2024-09-16,Meta Ads,Display,EdTech,Germany,7056,227,0.0322,0.82,186.14,6,31.02,1653.16,8.88,0.032171201814058956,0.82,31.02333333333333,8.881272160739229,2.879818594104383e-05,0.0,-0.0033333333333303017,-0.0012721607392283119,3.2171201814058956,1,1,1,1,0,0,0,0,0,0,0,0,0,0,0,0,0
2024-01-21,Meta Ads,Display,E-commerce,Germany,161646,5253,0.0325,1.0,5253.0,228,23.04,43732.39,8.33,0.032496937752867376,1.0,23.039473684210527,8.325221778031601,3.0622471326249845e-06,0.0,0.0005263157894717096,0.004778221968399166,3.2496937752867376,1,1,1,1,0,0,0,0,0,0,0,0,0,0,0,0,0
2024-04-05,Google Ads,Video,SaaS,Canada,177115,8005,0.0452,2.9,23214.5,460,50.47,108688.43,4.68,0.045196623662592104,2.9,50.46630434782609,4.681919920739193,3.376337407892671e-06,0.0,0.0036956521739099912,-0.001919920739193337,4.519662366259211,1,1,1,1,0,0,0,0,0,0,0,1,0,0,1,0,0
2024-10-03,TikTok Ads,Search,Healthcare,Australia,141087,10609,0.0752,0.44,4667.96,737,6.33,190244.62,40.76,0.0751947379985399,0.44,6.333731343283582,40.75540921516037,5.262001460101806e-06,0.0,-0.003731343283582156,0.00459078483962827,7.51947379985399,1,1,1,1,0,0,0,0,0,0,0,0,1,0,1,1,0
2024-11-03,TikTok Ads,Video,SaaS,Australia,184745,12451,0.0674,1.67,20793.17,404,51.47,23357.33,1.12,0.0673955993396303,1.67,51.468242574257424,1.1233174162477393,4.4006603697049895e-06,0.0,0.0017574257425749806,-0.00331741624773918,6.739559933963029,1,1,1,1,0,0,0,0,1,0,0,1,0,0,0,0,0
2024-09-10,Google Ads,Shopping,E-commerce,UAE,104969,5773,0.055,1.42,8197.66,142,57.73,24245.52,2.96,0.054997189646467055,1.42,57.73,2.957614733960667,2.810353532944898e-06,0.0,0.0,0.0023852660393330893,5.499718964646705,1,1,1,1,0,0,0,0,0,0,0,0,0,0,0,0,0
2024-06-03,TikTok Ads,Shopping,Fintech,India,80885,3995,0.0494,0.44,1757.8,79,22.25,10692.34,6.08,0.049391110836372626,0.44,22.250632911392405,6.0827966776652636,8.889163627373575e-06,0.0,-0.0006329113924046226,-0.0027966776652634806,4.939111083637263,1,1,1,1,0,0,0,0,0,0,0,0,0,0,0,0,0
2024-04-15,Google Ads,Video,E-commerce,Canada,33807,807,0.0239,2.03,1638.21,25,65.53,5072.77,3.1,0.02387079598899636,2.0300000000000002,65.5284,3.096532190622692,2.9204011003640395e-05,-4.440892098500626e-16,0.001599999999996271,0.003467809377307951,2.387079598899636,1,1,1,1,0,0,0,0,0,0,0,0,0,0,0,0,0
2024-03-21,Meta Ads,Search,SaaS,India,198074,5783,0.0292,0.61,3527.63,263,13.41,60037.86,17.02,0.029196159011278613,0.61,13.413041825095057,17.019318919501195,3.840988721387495e-06,0.0,-0.0030418250950567938,0.0006810804988042207,2.919615901127861,1,1,1,1,0,0,0,0,0,0,0,0,0,0,0,0,0
2024-11-17,Google Ads,Search,EdTech,UK,115282,4876,0.0423,3.76,18333.76,77,238.1,2427.15,0.13,0.042296282160267866,3.76,238.1007792207792,0.13238691899533978,3.717839732131356e-06,0.0,-0.0007792207792078898,-0.0023869189953397707,4.229628216026787,1,1,1,1,0,0,0,0,0,0,1,1,0,1,0,0,0
2024-02-27,Google Ads,Display,Healthcare,USA,45880,2817,0.0614,1.14,3211.38,62,51.8,2770.83,0.86,0.06139930252833479,1.1400000000000001,51.796451612903226,0.8628159856510285,6.974716652147217e-07,-2.220446049250313e-16,0.0035483870967709663,-0.002815985651028474,6.139930252833479,1,1,1,1,0,0,0,0,0,0,0,0,0,0,0,0,0
2024-05-21,Meta Ads,Search,Healthcare,Germany,20993,583,0.0278,1.28,746.24,45,16.58,4493.83,6.02,0.027771161815843378,1.28,16.583111111111112,6.021963443396226,2.883818415662029e-05,0.0,-0.003111111111113729,-0.0019634433962263387,2.7771161815843377,1,1,1,1,0,0,0,0,0,0,0,0,0,0,0,0,0
2024-03-11,Google Ads,Video,SaaS,Canada,183448,8053,0.0439,2.08,16750.24,351,47.72,74979.38,4.48,0.04389799834285465,2.08,47.72148148148148,4.476316757252433,2.001657145353497e-06,0.0,-0.0014814814814840815,0.0036832427475674834,4.389799834285465,1,1,1,1,0,0,0,0,0,0,0,0,0,0,0,0,0
2024-01-21,TikTok Ads,Shopping,EdTech,UAE,119944,9331,0.0778,0.61,5691.91,717,7.94,101587.49,17.85,0.07779463749749883,0.61,7.9385076708507665,17.84769787294599,5.362502501160549e-06,0.0,0.0014923291492339175,0.0023021270540120042,7.779463749749883,1,1,1,1,0,0,0,0,0,0,0,0,1,0,1,1,0
2024-01-27,TikTok Ads,Search,Healthcare,Canada,69198,3529,0.051,0.55,1940.95,256,7.58,15199.33,7.83,0.050998583774097515,0.55,7.5818359375,7.8308714804605986,1.4162259024813606e-06,0.0,-0.0018359375000001066,-0.0008714804605984838,5.099858377409752,1,1,1,1,0,0,0,0,0,0,0,0,0,0,0,0,0
2024-12-08,Meta Ads,Search,Healthcare,UK,46936,2234,0.0476,0.79,1764.86,55,32.09,5977.87,3.39,0.047596727458667124,0.7899999999999999,32.08836363636363,3.3871638543567197,3.272541332879908e-06,1.1102230246251565e-16,0.0016363636363720957,0.0028361456432803855,4.7596727458667125,1,1,1,1,0,0,0,0,0,0,0,0,0,0,0,0,0
2024-07-04,TikTok Ads,Video,EdTech,India,21689,895,0.0413,0.95,850.25,22,38.65,4747.38,5.58,0.041265157453086815,0.95,38.64772727272727,5.583510732137607,3.4842546913188555e-05,0.0,0.0022727272727252057,-0.0035107321376068867,4.126515745308682,1,1,1,1,0,0,0,0,0,0,0,0,0,0,0,0,0
2024-03-14,TikTok Ads,Search,EdTech,India,24504,899,0.0367,1.42,1276.58,41,31.14,3721.4,2.92,0.03668788769180542,1.42,31.136097560975607,2.91513261996898,1.2112308194582588e-05,0.0,0.0039024390243938,0.004867380031019941,3.668788769180542,1,1,1,1,0,0,0,0,0,0,0,0,0,0,0,0,0
2024-04-16,Meta Ads,Shopping,E-commerce,Canada,119053,4000,0.0336,1.01,4040.0,152,26.58,25959.16,6.43,0.033598481348643044,1.01,26.57894736842105,6.425534653465347,1.5186513569534488e-06,0.0,0.001052631578946972,0.004465346534653136,3.3598481348643046,1,1,1,1,0,0,0,0,0,0,0,0,0,0,0,0,0
2024-01-21,TikTok Ads,Search,Healthcare,Canada,160522,5425,0.0338,1.11,6021.75,398,15.13,79057.93,13.13,0.033795990580730365,1.11,15.13002512562814,13.128730020342923,4.009419269632164e-06,0.0,-2.5125628139832656e-05,0.0012699796570778688,3.3795990580730364,1,1,1,1,0,0,0,0,0,0,0,0,0,0,0,0,0
2024-08-04,Google Ads,Shopping,EdTech,UK,158627,7725,0.0487,2.88,22248.0,299,74.41,66700.13,3.0,0.048699149577310294,2.88,74.40802675585284,2.9980281373606616,8.504226897063094e-07,0.0,0.0019732441471518314,0.001971862639338351,4.869914957731029,1,1,1,1,0,0,0,0,0,0,0,1,0,0,0,0,0
2024-06-26,Meta Ads,Video,SaaS,Germany,157955,2780,0.0176,0.62,1723.6,202,8.53,49191.36,28.54,0.01759994935266373,0.62,8.532673267326732,28.53989324669297,5.0647336269360466e-08,0.0,-0.0026732673267328977,0.00010675330702980546,1.759994935266373,1,1,1,1,0,0,0,0,0,0,0,0,0,0,0,1,0
2024-03-16,Meta Ads,Shopping,EdTech,USA,196112,2647,0.0135,1.51,3996.97,187,21.37,16387.67,4.1,0.01349738924696092,1.51,21.37417112299465,4.100023267625226,2.6107530390791223e-06,0.0,-0.004171122994648613,-2.3267625226530697e-05,1.349738924696092,1,1,1,1,0,0,0,0,0,0,0,0,0,0,0,0,0
2024-02-15,Meta Ads,Display,EdTech,Germany,67167,1907,0.0284,1.43,2727.01,114,23.92,20596.75,7.55,0.02839191865052779,1.4300000000000002,23.921140350877195,7.552869259738688,8.081349472211646e-06,-2.220446049250313e-16,-0.0011403508771934412,-0.0028692597386879015,2.839191865052779,1,1,1,1,0,0,0,0,0,0,0,0,0,0,0,0,0
2024-08-07,Google Ads,Display,Healthcare,India,90550,3966,0.0438,2.76,10946.16,207,52.88,7960.57,0.73,0.04379900607399227,2.76,52.88,0.7272477288839191,9.939260077265755e-07,0.0,0.0,0.0027522711160808955,4.379900607399227,1,1,1,1,0,0,0,0,0,0,0,0,0,0,0,0,0
2024-09-07,Google Ads,Shopping,EdTech,USA,91150,4119,0.0452,3.83,15775.77,98,160.98,4547.95,0.29,0.04518924849149753,3.83,160.9772448979592,0.28828703765331265,1.0751508502465645e-05,0.0,0.0027551020407940996,0.00171296234668733,4.518924849149753,1,1,1,1,0,0,0,0,0,0,1,0,0,1,0,0,0
2024-04-20,Google Ads,Display,Fintech,India,157832,4072,0.0258,2.38,9691.36,124,78.16,34560.39,3.57,0.02579958436818896,2.3800000000000003,78.15612903225806,3.5661032094566703,4.156318110411228e-07,-4.440892098500626e-16,0.0038709677419319632,0.003896790543329587,2.5799584368188957,1,1,1,1,0,0,0,0,0,0,0,0,0,0,0,0,0
2024-09-27,Google Ads,Video,Fintech,India,28958,1355,0.0468,2.87,3888.85,49,79.36,13909.3,3.58,0.0467919055183369,2.87,79.36428571428571,3.5767129099862425,8.094481663098452e-06,0.0,-0.004285714285714448,0.0032870900137575987,4.67919055183369,1,1,1,1,0,0,0,0,0,0,0,0,0,0,0,0,0
2024-11-09,Meta Ads,Shopping,EdTech,UAE,8487,271,0.032,0.91,246.61,14,17.62,4179.96,16.95,0.031931188877106165,0.91,17.615000000000002,16.949677628644416,6.881112289383595e-05,0.0,0.004999999999999005,0.0003223713555833285,3.1931188877106162,1,1,1,1,0,0,0,0,0,0,0,0,0,0,0,0,0
2024-01-04,Meta Ads,Shopping,Healthcare,Canada,91284,2126,0.0233,0.92,1955.92,132,14.82,23916.94,12.23,0.023289952236974717,0.92,14.817575757575758,12.227974559286677,1.0047763025284456e-05,0.0,0.0024242424242419958,0.0020254407133233343,2.3289952236974716,1,1,1,1,0,0,0,0,0,0,0,0,0,0,0,0,0
2024-03-22,Meta Ads,Video,Fintech,Germany,84737,1415,0.0167,0.61,863.15,67,12.88,10044.57,11.64,0.016698726648335438,0.61,12.882835820895522,11.637108266234142,1.273351664561606e-06,0.0,-0.002835820895521479,0.0028917337658587172,1.6698726648335438,1,1,1,1,0,0,0,0,0,0,0,0,0,0,0,0,0
2024-11-26,Meta Ads,Search,EdTech,Australia,31547,772,0.0245,1.99,1536.28,15,102.42,4188.5,2.73,0.02447142359019875,1.99,102.41866666666667,2.7263910224698624,2.8576409801250868e-05,0.0,0.0013333333333349628,0.003608977530137558,2.447142359019875,1,1,1,1,0,0,0,0,0,0,0,0,0,0,0,0,0
2024-12-29,Meta Ads,Video,SaaS,Canada,162038,2722,0.0168,0.77,2095.94,71,29.52,16951.26,8.09,0.01679852874017206,0.77,29.520281690140845,8.087664723226808,1.4712598279398303e-06,0.0,-0.00028169014084511446,0.0023352767731914525,1.6798528740172058,1,1,1,1,0,0,0,0,0,0,0,0,0,0,0,0,0
2024-08-28,Google Ads,Video,EdTech,UAE,145119,9998,0.0689,1.46,14597.08,233,62.65,60859.85,4.17,0.06889518257430109,1.46,62.64841201716738,4.16931674006034,4.81742569891086e-06,0.0,0.0015879828326177403,0.000683259939659564,6.889518257430109,1,1,1,1,0,0,0,0,0,0,0,0,0,0,0,0,0
2024-05-10,TikTok Ads,Display,Healthcare,Canada,92601,4065,0.0439,0.52,2113.8,324,6.52,24076.73,11.39,0.04389801406032332,0.52,6.524074074074075,11.390259248746332,1.9859396766797044e-06,0.0,-0.004074074074075007,-0.00025924874633176387,4.3898014060323325,1,1,1,1,0,0,0,0,0,0,0,0,0,0,0,0,0
2024-12-30,Google Ads,Shopping,Healthcare,Canada,148041,8053,0.0544,3.47,27943.91,98,285.14,4146.07,0.15,0.054397092697293314,3.47,285.1419387755102,0.14837114777423774,2.9073027066825463e-06,0.0,-0.0019387755102115989,0.0016288522257622562,5.439709269729331,1,1,1,1,0,0,0,0,0,0,0,1,0,1,0,0,0
2024-09-25,Google Ads,Display,E-commerce,UK,25195,738,0.0293,2.61,1926.18,12,160.52,432.4,0.22,0.02929152609644771,2.61,160.51500000000001,0.22448576976191215,8.47390355229044e-06,0.0,0.0049999999999954525,-0.004485769761912145,2.929152609644771,1,1,1,1,0,0,0,0,0,0,0,0,0,1,0,0,0
2024-01-21,Google Ads,Display,EdTech,Australia,186465,8689,0.0466,2.42,21027.38,367,57.3,57833.06,2.75,0.04659855737001582,2.42,57.29531335149864,2.7503692804334157,1.4426299841802104e-06,0.0,0.004686648501355251,-0.0003692804334156641,4.659855737001582,1,1,1,1,0,0,0,0,0,0,0,1,0,0,0,0,0
2024-09-06,Google Ads,Shopping,Fintech,Australia,136960,5382,0.0393,1.42,7642.44,230,33.23,39826.63,5.21,0.03929614485981309,1.42,33.228,5.211245361429072,3.855140186914685e-06,0.0,0.001999999999995339,-0.0012453614290723891,3.9296144859813085,1,1,1,1,0,0,0,0,0,0,0,0,0,0,0,0,0
2024-04-21,Google Ads,Video,EdTech,USA,193405,7852,0.0406,0.96,7537.92,459,16.42,79715.61,10.58,0.04059874356919418,0.96,16.42248366013072,10.575279387417218,1.2564308058196638e-06,0.0,-0.0024836601307178796,0.004720612582781669,4.059874356919417,1,1,1,1,0,0,0,0,0,0,0,0,0,0,0,0,0
2024-06-05,Meta Ads,Video,Healthcare,USA,118591,4043,0.0341,1.15,4649.45,303,15.34,36581.13,7.87,0.03409196313379599,1.15,15.344719471947194,7.867840282183914,8.036866204007287e-06,0.0,-0.0047194719471939095,0.0021597178160863706,3.4091963133795993,1,1,1,1,0,0,0,0,0,0,0,0,0,0,0,0,0
2024-02-07,Google Ads,Search,Fintech,Germany,163349,7906,0.0484,2.68,21188.08,360,58.86,44353.83,2.09,0.048399439237460894,2.68,58.85577777777778,2.0933388018168704,5.607625391049198e-07,0.0,0.0042222222222179084,-0.003338801816870518,4.839943923746089,1,1,1,1,0,0,0,0,0,0,0,1,0,0,0,0,0
2024-08-31,Google Ads,Video,Healthcare,USA,166957,5476,0.0328,1.22,6680.72,137,48.76,35345.21,5.29,0.032798864378253086,1.22,48.7643795620438,5.290628854374977,1.1356217469171703e-06,0.0,-0.0043795620438018545,-0.0006288543749768394,3.2798864378253088,1,1,1,1,0,0,0,0,0,0,0,0,0,0,0,0,0
2024-06-28,Meta Ads,Display,SaaS,UK,169818,4992,0.0294,1.9,9484.8,146,64.96,26864.23,2.83,0.029396177083701375,1.9,64.96438356164383,2.832345436909582,3.822916298624329e-06,0.0,-0.004383561643834355,-0.0023454369095818883,2.9396177083701374,1,1,1,1,0,0,0,0,0,0,0,0,0,0,0,0,0
2024-11-04,Google Ads,Display,EdTech,India,158441,3976,0.0251,2.72,10814.72,300,36.05,51868.85,4.8,0.025094514677387797,2.7199999999999998,36.04906666666666,4.796134342821635,5.48532261220383e-06,4.440892098500626e-16,0.0009333333333358951,0.003865657178364401,2.5094514677387796,1,1,1,1,0,0,0,0,0,0,0,0,0,0,0,0,0
2024-12-25,Google Ads,Display,E-commerce,UK,10380,503,0.0485,2.0,1006.0,15,67.07,1306.45,1.3,0.048458574181117535,2.0,67.06666666666666,1.298658051689861,4.142581888246649e-05,0.0,0.0033333333333303017,0.0013419483101391183,4.845857418111754,1,1,1,1,0,0,0,0,0,0,0,0,0,0,0,0,0
2024-09-21,Google Ads,Shopping,SaaS,Australia,27791,930,0.0335,1.49,1385.7,73,18.98,10712.26,7.73,0.03346407110215537,1.49,18.982191780821918,7.730576603882514,3.592889784462955e-05,0.0,-0.0021917808219171775,-0.0005766038825134601,3.3464071102155373,1,1,1,1,0,0,0,0,0,0,0,0,0,0,0,0,0
2024-03-28,Meta Ads,Shopping,E-commerce,Australia,124870,2622,0.021,1.68,4404.96,140,31.46,13095.31,2.97,0.020997837751261312,1.68,31.464,2.9728555991427843,2.162248738689365e-06,0.0,-0.003999999999997783,-0.0028555991427841043,2.0997837751261312,1,1,1,1,0,0,0,0,0,0,0,0,0,0,0,0,0
2024-08-30,Meta Ads,Display,Healthcare,Australia,137053,5550,0.0405,1.52,8436.0,381,22.14,43644.89,5.17,0.0404952828467819,1.52,22.141732283464567,5.173647463252727,4.717153218099235e-06,0.0,-0.001732283464566109,-0.0036474632527268014,4.04952828467819,1,1,1,1,0,0,0,0,0,0,0,0,0,0,0,0,0
2024-04-21,Meta Ads,Search,E-commerce,UAE,43062,1322,0.0307,0.7,925.4,23,40.23,2104.08,2.27,0.030699921044075984,0.7,40.23478260869565,2.2736978603846985,7.89559240176041e-08,0.0,-0.004782608695656165,-0.003697860384698437,3.069992104407598,1,1,1,1,0,0,0,0,0,0,0,0,0,0,0,0,0
2024-09-03,Google Ads,Video,SaaS,USA,177472,9210,0.0519,2.03,18696.3,410,45.6,45066.38,2.41,0.05189551027767761,2.03,45.600731707317074,2.4104437776458445,4.489722322392753e-06,0.0,-0.0007317073170725052,-0.00044377764584435653,5.189551027767761,1,1,1,1,0,0,0,0,0,0,0,1,0,0,0,0,0
2024-05-26,Google Ads,Display,Healthcare,Australia,25967,656,0.0253,2.69,1764.64,24,73.53,1078.62,0.61,0.02526283359648785,2.69,73.52666666666667,0.6112408196572671,3.716640351214898e-05,0.0,0.0033333333333303017,-0.0012408196572670782,2.5262833596487853,1,1,1,1,0,0,0,0,0,0,0,0,0,0,0,0,0
2024-09-25,TikTok Ads,Shopping,SaaS,Canada,139162,7152,0.0514,1.39,9941.28,137,72.56,29124.09,2.93,0.05139334013595666,1.3900000000000001,72.56408759124088,2.9296116797836897,6.659864043342956e-06,-2.220446049250313e-16,-0.004087591240875099,0.0003883202163104116,5.139334013595666,1,1,1,1,0,0,0,0,0,0,0,0,0,0,0,0,0
2024-12-22,Google Ads,Display,Fintech,UK,45364,1628,0.0359,1.23,2002.44,113,17.72,10930.4,5.46,0.03588748787584869,1.23,17.720707964601772,5.4585405804918,1.2512124151313475e-05,0.0,-0.0007079646017729146,0.001459419508200277,3.5887487875848687,1,1,1,1,0,0,0,0,0,0,0,0,0,0,0,0,0
2024-01-15,Google Ads,Display,E-commerce,UK,62320,3857,0.0619,1.01,3895.57,158,24.66,17905.2,4.6,0.061890243902439024,1.01,24.655506329113926,4.596297846014832,9.756097560972843e-06,0.0,0.004493670886073886,0.003702153985167378,6.189024390243903,1,1,1,1,0,0,0,0,0,0,0,0,0,0,0,0,0
2024-11-15,Meta Ads,Shopping,SaaS,Canada,141436,3026,0.0214,1.84,5567.84,108,51.55,24540.41,4.41,0.021394835826805056,1.84,51.55407407407407,4.407527874364206,5.1641731949429726e-06,0.0,-0.004074074074075895,0.0024721256357942423,2.1394835826805054,1,1,1,1,0,0,0,0,0,0,0,0,0,0,0,0,0
2024-10-18,Meta Ads,Video,EdTech,Germany,152318,4554,0.0299,1.08,4918.32,296,16.62,64805.54,13.18,0.02989797660158353,1.0799999999999998,16.615945945945946,13.176356967419771,2.0233984164702568e-06,2.220446049250313e-16,0.004054054054055456,0.003643032580228578,2.989797660158353,1,1,1,1,0,0,0,0,0,0,0,0,0,0,0,0,0
2024-09-01,Google Ads,Search,SaaS,USA,27778,1902,0.0685,1.55,2948.1,125,23.58,15444.21,5.24,0.06847145222838218,1.55,23.584799999999998,5.238699501373766,2.8547771617828954e-05,0.0,-0.004799999999999471,0.001300498626234159,6.8471452228382175,1,1,1,1,0,0,0,0,0,0,0,0,0,0,0,0,0
2024-08-19,TikTok Ads,Video,E-commerce,UK,82400,3708,0.045,0.8,2966.4,139,21.34,31548.51,10.64,0.045,0.8,21.341007194244604,10.635285194174756,0.0,0.0,-0.0010071942446039372,0.004714805825244639,4.5,1,1,1,1,0,0,0,0,0,0,0,0,0,0,0,0,0
2024-11-29,Google Ads,Search,Healthcare,UK,195606,10817,0.0553,3.53,38184.01,122,312.98,7355.91,0.19,0.055299939674652104,3.5300000000000002,312.9836885245902,0.1926437270470021,6.032534789757182e-08,-4.440892098500626e-16,-0.0036885245901885355,-0.002643727047002109,5.52999396746521,1,1,1,1,0,0,0,0,0,0,0,1,0,1,0,0,0
2024-11-20,TikTok Ads,Shopping,Fintech,Canada,18181,1179,0.0649,0.64,754.56,24,31.44,4581.7,6.07,0.06484791815631703,0.6399999999999999,31.439999999999998,6.072015479219678,5.20818436829662e-05,1.1102230246251565e-16,3.552713678800501e-15,-0.002015479219677374,6.484791815631703,1,1,1,1,0,0,0,0,0,0,0,0,0,0,0,0,0
2024-04-26,Google Ads,Video,SaaS,USA,86560,5323,0.0615,0.91,4843.93,94,51.53,8283.62,1.71,0.061494916820702406,0.91,51.53117021276596,1.7101031600374077,5.08317929759361e-06,0.0,-0.0011702127659560801,-0.0001031600374077346,6.1494916820702406,1,1,1,1,0,0,0,0,0,0,0,0,0,0,0,0,0
2024-03-11,Google Ads,Video,Fintech,USA,89845,2605,0.029,1.74,4532.7,155,29.24,14107.55,3.11,0.028994379208637098,1.74,29.243225806451612,3.112394378626426,5.62079136290361e-06,0.0,-0.003225806451613522,-0.002394378626425997,2.89943792086371,1,1,1,1,0,0,0,0,0,0,0,0,0,0,0,0,0
2024-06-08,Meta Ads,Shopping,Fintech,Germany,194121,6270,0.0323,0.69,4326.3,133,32.53,11409.44,2.64,0.032299442100545535,0.6900000000000001,32.52857142857143,2.6372281164043176,5.57899454467492e-07,-1.1102230246251565e-16,0.0014285714285691142,0.0027718835956824783,3.2299442100545535,1,1,1,1,0,0,0,0,0,0,0,0,0,0,0,0,0
2024-10-23,Meta Ads,Video,SaaS,Canada,81313,1089,0.0134,1.43,1557.27,77,20.22,3549.91,2.28,0.013392692435403933,1.43,20.224285714285713,2.2795725853577093,7.3075645960676144e-06,0.0,-0.004285714285714448,0.0004274146422904579,1.3392692435403932,1,1,1,1,0,0,0,0,0,0,0,0,0,0,0,0,0
2024-08-15,Google Ads,Display,Healthcare,USA,95153,5404,0.0568,1.7,9186.8,74,124.15,20688.95,2.25,0.05679274431704728,1.7,124.14594594594594,2.252030086646058,7.255682952719833e-06,0.0,0.004054054054066114,-0.0020300866460578604,5.679274431704728,1,1,1,1,0,0,0,0,0,0,0,0,0,1,0,0,0
2024-02-17,Meta Ads,Display,Fintech,Germany,104926,3273,0.0312,1.48,4844.04,65,74.52,12449.27,2.57,0.031193412500238264,1.48,74.5236923076923,2.570018001502878,6.587499761734339e-06,0.0,-0.003692307692304553,-1.8001502878117748e-05,3.1193412500238265,1,1,1,1,0,0,0,0,0,0,0,0,0,0,0,0,0
2024-12-06,Meta Ads,Shopping,SaaS,Germany,16093,466,0.029,0.83,386.78,28,13.81,5468.73,14.14,0.028956689243770584,0.83,13.813571428571427,14.13912301566782,4.331075622941716e-05,0.0,-0.0035714285714263383,0.0008769843321800863,2.8956689243770586,1,1,1,1,0,0,0,0,0,0,0,0,0,0,0,0,0
2024-11-27,Google Ads,Shopping,EdTech,Canada,155338,10718,0.069,1.86,19935.48,411,48.5,112821.78,5.66,0.06899792710090255,1.8599999999999999,48.504817518248174,5.659346050358456,2.0728990974550054e-06,2.220446049250313e-16,-0.004817518248174224,0.0006539496415438606,6.899792710090255,1,1,1,1,0,0,0,0,0,0,0,1,0,0,1,0,0
2024-11-13,Google Ads,Video,EdTech,Canada,179877,4317,0.024,2.54,10965.18,215,51.0,13004.03,1.19,0.023999733150986507,2.54,51.000837209302325,1.1859385801236277,2.6684901349369183e-07,0.0,-0.0008372093023254479,0.004061419876372208,2.399973315098651,1,1,1,1,0,0,0,0,0,0,0,0,0,0,0,0,0
2024-08-24,TikTok Ads,Video,E-commerce,Australia,185510,9739,0.0525,2.05,19964.95,461,43.31,116711.4,5.85,0.05249851760012937,2.0500000000000003,43.307917570498915,5.845814790420211,1.4823998706267605e-06,-4.440892098500626e-16,0.0020824295010868354,0.00418520957978874,5.2498517600129375,1,1,1,1,0,0,0,0,0,0,0,1,0,0,1,0,0
2024-08-20,TikTok Ads,Search,EdTech,Germany,135992,8023,0.059,0.4,3209.2,640,5.01,50560.98,15.76,0.05899611741867169,0.39999999999999997,5.014374999999999,15.755010594540698,3.882581328308599e-06,5.551115123125783e-17,-0.004374999999999574,0.004989405459301821,5.899611741867169,1,1,1,1,0,0,0,0,0,0,0,0,1,0,0,0,0
2024-01-16,Google Ads,Search,EdTech,Germany,192593,4949,0.0257,1.83,9056.67,172,52.66,20836.16,2.3,0.025696676410876824,1.83,52.65505813953489,2.30064250988498,3.3235891231768455e-06,0.0,0.004941860465109471,-0.000642509884980047,2.5696676410876824,1,1,1,1,0,0,0,0,0,0,0,0,0,0,0,0,0
2024-12-30,Meta Ads,Search,EdTech,UAE,18487,693,0.0375,0.49,339.57,36,9.43,7765.15,22.87,0.03748580083301779,0.49,9.4325,22.867597255352358,1.4199166982205302e-05,0.0,-0.0024999999999995026,0.002402744647643118,3.7485800833017793,1,1,1,1,0,0,0,0,0,0,0,0,0,0,0,1,0
2024-11-24,Meta Ads,Video,EdTech,UK,88452,3361,0.038,1.63,5478.43,180,30.44,8119.45,1.48,0.03799801022023244,1.6300000000000001,30.435722222222225,1.4820760692388146,1.9897797675569318e-06,-2.220446049250313e-16,0.0042777777777764925,-0.0020760692388146484,3.799801022023244,1,1,1,1,0,0,0,0,0,0,0,0,0,0,0,0,0
2024-10-16,TikTok Ads,Display,Fintech,USA,178714,7559,0.0423,1.14,8617.26,312,27.62,39985.98,4.64,0.042296630370312345,1.1400000000000001,27.619423076923077,4.64021974502336,3.369629687652309e-06,-2.220446049250313e-16,0.0005769230769239186,-0.0002197450233607512,4.2296630370312345,1,1,1,1,0,0,0,0,0,0,0,0,0,0,0,0,0
2024-07-05,TikTok Ads,Display,SaaS,UK,113190,3984,0.0352,1.41,5617.44,172,32.66,10269.39,1.83,0.03519745560561887,1.41,32.65953488372093,1.828126335127745,2.5443943811320757e-06,0.0,0.0004651162790665353,0.001873664872255043,3.519745560561887,1,1,1,1,0,0,0,0,0,0,0,0,0,0,0,0,0
2024-04-13,Meta Ads,Video,E-commerce,Australia,126103,4300,0.0341,1.09,4687.0,313,14.97,18027.88,3.85,0.03409910945814136,1.09,14.97444089456869,3.8463580115212292,8.905418586377389e-07,0.0,-0.0044408945686900125,0.003641988478770841,3.409910945814136,1,1,1,1,0,0,0,0,0,0,0,0,0,0,0,0,0
2024-12-21,Google Ads,Search,Healthcare,India,101355,4459,0.044,2.55,11370.45,122,93.2,10455.25,0.92,0.04399388288688274,2.5500000000000003,93.20040983606557,0.9195106614074201,6.1171131172585436e-06,-4.440892098500626e-16,-0.000409836065571767,0.0004893385925799354,4.399388288688274,1,1,1,1,0,0,0,0,0,0,0,0,0,0,0,0,0
2024-02-16,Google Ads,Display,EdTech,Canada,197974,4375,0.0221,2.43,10631.25,347,30.64,73971.79,6.96,0.022098861466657238,2.43,30.637608069164266,6.957957907113462,1.138533342763537e-06,0.0,0.002391930835734968,0.002042092886537894,2.209886146665724,1,1,1,1,0,0,0,0,0,0,0,0,0,0,0,0,0
2024-04-07,Meta Ads,Shopping,Fintech,UK,49261,724,0.0147,0.62,448.88,31,14.48,1397.37,3.11,0.014697224985282475,0.62,14.48,3.113014614150775,2.775014717524074e-06,0.0,0.0,-0.0030146141507749746,1.4697224985282475,1,1,1,1,0,0,0,0,0,0,0,0,0,0,0,0,0
2024-01-31,TikTok Ads,Shopping,SaaS,India,174668,10916,0.0625,0.63,6877.08,310,22.18,37599.64,5.47,0.06249570613964779,0.63,22.184129032258063,5.467384413152094,4.293860352208578e-06,0.0,-0.004129032258063603,0.0026155868479058597,6.249570613964779,1,1,1,1,0,0,0,0,0,0,0,0,0,0,0,0,0
2024-10-16,Google Ads,Shopping,Fintech,USA,163178,5172,0.0317,2.21,11430.12,325,35.17,14305.21,1.25,0.031695449141428376,2.21,35.1696,1.2515362918324566,4.550858571622518e-06,0.0,0.00039999999999906777,-0.0015362918324566266,3.1695449141428376,1,1,1,1,0,0,0,0,0,0,0,0,0,0,0,0,0
2024-11-17,TikTok Ads,Search,EdTech,USA,105726,8542,0.0808,1.4,11958.8,662,18.06,104498.78,8.74,0.08079374988176986,1.4,18.06465256797583,8.738232933070208,6.250118230133328e-06,0.0,-0.004652567975831801,0.001767066929792449,8.079374988176987,1,1,1,1,0,0,0,0,0,0,0,0,1,0,1,0,0
2024-02-12,TikTok Ads,Display,Healthcare,UAE,74285,2094,0.0282,0.63,1319.22,92,14.34,18972.8,14.38,0.028188732583967153,0.63,14.339347826086957,14.381831688421945,1.1267416032845895e-05,0.0,0.0006521739130427306,-0.0018316884219444773,2.8188732583967155,1,1,1,1,0,0,0,0,0,0,0,0,0,0,0,0,0
2024-01-29,Google Ads,Display,EdTech,USA,168471,6014,0.0357,0.97,5833.58,117,49.86,25231.33,4.33,0.03569753844875379,0.97,49.85965811965812,4.325187963480402,2.4615512462106137e-06,0.0,0.00034188034187820904,0.004812036519598273,3.5697538448753794,1,1,1,1,0,0,0,0,0,0,0,0,0,0,0,0,0
2024-10-09,TikTok Ads,Search,E-commerce,UK,128295,4695,0.0366,0.84,3943.8,276,14.29,42279.01,10.72,0.03659534666198994,0.8400000000000001,14.28913043478261,10.720373751204422,4.653338010057739e-06,-1.1102230246251565e-16,0.0008695652173891233,-0.0003737512044210689,3.6595346661989945,1,1,1,1,0,0,0,0,0,0,0,0,0,0,0,0,0
2024-11-26,Meta Ads,Search,Healthcare,Australia,109777,2722,0.0248,1.44,3919.68,170,23.06,47040.47,12.0,0.02479572223689844,1.44,23.056941176470588,12.001099579557515,4.277763101558085e-06,0.0,0.0030588235294111144,-0.0010995795575148293,2.479572223689844,1,1,1,1,0,0,0,0,0,0,0,0,0,0,0,0,0
2024-09-17,TikTok Ads,Video,Healthcare,UAE,153537,7277,0.0474,1.0,7277.0,175,41.58,48117.42,6.61,0.04739574174303263,1.0,41.582857142857144,6.612260546928679,4.2582569673710324e-06,0.0,-0.002857142857145334,-0.0022605469286789415,4.739574174303263,1,1,1,1,0,0,0,0,0,0,0,0,0,0,0,0,0
2024-08-30,Google Ads,Shopping,Fintech,Germany,20915,913,0.0437,1.03,940.39,37,25.42,3637.08,3.87,0.04365288070762611,1.03,25.415945945945946,3.8676293878071863,4.711929237389417e-05,0.0,0.004054054054055456,0.002370612192813759,4.3652880707626105,1,1,1,1,0,0,0,0,0,0,0,0,0,0,0,0,0
2024-07-26,Meta Ads,Search,EdTech,UK,29992,605,0.0202,0.61,369.05,35,10.54,5311.42,14.39,0.020172045878901042,0.61,10.544285714285715,14.392141986180734,2.7954121098957424e-05,0.0,-0.0042857142857162245,-0.0021419861807334684,2.017204587890104,1,1,1,1,0,0,0,0,0,0,0,0,0,0,0,0,0
2024-03-05,Meta Ads,Search,Fintech,UK,187461,2511,0.0134,1.7,4268.7,189,22.59,16540.06,3.87,0.013394786115512026,1.7,22.585714285714285,3.874730011478905,5.213884487974621e-06,0.0,0.004285714285714448,-0.004730011478904839,1.3394786115512025,1,1,1,1,0,0,0,0,0,0,0,0,0,0,0,0,0
2024-05-17,Google Ads,Display,E-commerce,Australia,107885,3344,0.031,2.09,6988.96,262,26.68,51456.48,7.36,0.030995967928813088,2.09,26.675419847328243,7.362537487694879,4.032071186911568e-06,0.0,0.004580152671756821,-0.002537487694878493,3.0995967928813086,1,1,1,1,0,0,0,0,0,0,0,0,0,0,0,0,0
2024-05-23,Google Ads,Video,E-commerce,Germany,162242,5110,0.0315,2.67,13643.7,118,115.62,30643.55,2.25,0.031496160057198505,2.67,115.62457627118644,2.2459853265609766,3.839942801495133e-06,0.0,-0.004576271186436998,0.004014673439023397,3.1496160057198503,1,1,1,1,0,0,0,0,0,0,0,0,0,1,0,0,0
2024-05-06,Meta Ads,Video,EdTech,USA,34404,1204,0.035,1.42,1709.68,94,18.19,17655.16,10.33,0.03499593070573189,1.4200000000000002,18.188085106382978,10.326587431566141,4.069294268112256e-06,-2.220446049250313e-16,0.001914893617023239,0.0034125684338590645,3.499593070573189,1,1,1,1,0,0,0,0,0,0,0,0,0,0,0,0,0
2024-11-02,Meta Ads,Display,EdTech,Australia,133773,3491,0.0261,1.83,6388.53,181,35.3,21663.32,3.39,0.02609644696612919,1.8299999999999998,35.29574585635359,3.390971005849546,3.5530338708122944e-06,2.220446049250313e-16,0.004254143646406305,-0.0009710058495460139,2.6096446966129188,1,1,1,1,0,0,0,0,0,0,0,0,0,0,0,0,0
2024-08-03,Google Ads,Video,SaaS,Canada,185948,5373,0.0289,0.73,3922.29,82,47.83,15594.76,3.98,0.028895174995159936,0.73,47.83280487804878,3.975932427230011,4.825004840062347e-06,0.0,-0.002804878048785042,0.004067572769988814,2.8895174995159936,1,1,1,1,0,0,0,0,0,0,0,0,0,0,0,0,0
2024-07-13,Google Ads,Shopping,Healthcare,Australia,98375,1898,0.0193,3.35,6358.3,45,141.3,2253.91,0.35,0.019293519695044472,3.35,141.29555555555555,0.3544831165563122,6.480304955529259e-06,0.0,0.00444444444445935,-0.004483116556312228,1.9293519695044472,1,1,1,1,0,0,0,0,0,0,0,0,0,1,0,0,0
2024-07-22,Google Ads,Video,Healthcare,USA,190826,12174,0.0638,1.75,21304.5,933,22.83,139478.01,6.55,0.06379633802521668,1.75,22.834405144694532,6.54688023656974,3.66197478331165e-06,0.0,-0.004405144694533902,0.003119763430260214,6.379633802521669,1,1,1,1,0,0,0,0,1,0,0,1,1,0,1,0,0
2024-07-07,Meta Ads,Display,Healthcare,UAE,105050,3077,0.0293,0.5,1538.5,206,7.47,55580.46,36.13,0.029290813898143742,0.5,7.468446601941747,36.126395840103996,9.186101856257373e-06,0.0,0.0015533980582524975,0.00360415989600682,2.929081389814374,1,1,1,1,0,0,0,0,0,0,0,0,0,0,0,1,0
2024-07-19,Google Ads,Shopping,E-commerce,India,52547,2806,0.0534,2.15,6032.9,47,128.36,13262.4,2.2,0.053399813500294976,2.15,128.3595744680851,2.19834573753916,1.864997050265993e-07,0.0,0.0004255319149137904,0.0016542624608399947,5.339981350029498,1,1,1,1,0,0,0,0,0,0,0,0,0,1,0,0,0
2024-05-15,Google Ads,Search,Healthcare,India,139648,4398,0.0315,3.0,13194.0,347,38.02,82597.15,6.26,0.03149346929422548,3.0,38.023054755043226,6.2602053963922994,6.530705774519807e-06,0.0,-0.0030547550432231674,-0.00020539639229966156,3.1493469294225482,1,1,1,1,0,0,0,0,0,0,0,0,0,0,0,0,0
2024-06-21,TikTok Ads,Search,Fintech,Germany,186434,8743,0.0469,1.65,14425.95,87,165.82,21530.58,1.49,0.0468959524550243,1.6500000000000001,165.81551724137933,1.4924895760764456,4.047544975696593e-06,-2.220446049250313e-16,0.004482758620667937,-0.002489576076445621,4.68959524550243,1,1,1,1,0,0,0,0,0,0,0,0,0,1,0,0,0
2024-07-29,Google Ads,Search,Fintech,Germany,63001,3181,0.0505,1.48,4707.88,94,50.08,3324.55,0.71,0.05049126204345963,1.48,50.083829787234045,0.7061671070630517,8.737956540376401e-06,0.0,-0.003829787234046478,0.003832892936948218,5.049126204345963,1,1,1,1,0,0,0,0,0,0,0,0,0,0,0,0,0
2024-04-12,Meta Ads,Shopping,E-commerce,UK,132343,3507,0.0265,1.14,3997.98,238,16.8,17184.94,4.3,0.02649932372698216,1.14,16.798235294117646,4.298405694875912,6.762730178390408e-07,0.0,0.001764705882354889,0.0015943051240876471,2.649932372698216,1,1,1,1,0,0,0,0,0,0,0,0,0,0,0,0,0
2024-06-19,Google Ads,Shopping,Healthcare,UK,172570,3692,0.0214,2.16,7974.72,53,150.47,15699.11,1.97,0.021394216839543373,2.16,150.46641509433962,1.9686095561975845,5.783160456625941e-06,0.0,0.0035849056603751706,0.0013904438024154864,2.139421683954337,1,1,1,1,0,0,0,0,0,0,0,0,0,1,0,0,0
2024-04-09,Google Ads,Video,Fintech,UAE,196510,10316,0.0525,2.0,20632.0,282,73.16,66245.27,3.21,0.052496056180347056,2.0,73.16312056737588,3.2108021519968983,3.943819652942049e-06,0.0,-0.0031205673758876173,-0.0008021519968983704,5.249605618034706,1,1,1,1,0,0,0,0,0,0,0,1,0,0,0,0,0
2024-05-13,Google Ads,Display,EdTech,Canada,140875,6818,0.0484,2.25,15340.5,142,108.03,28774.25,1.88,0.04839751552795031,2.25,108.03169014084507,1.8757048336103777,2.484472049688047e-06,0.0,-0.0016901408450706867,0.00429516638962224,4.839751552795031,1,1,1,1,0,0,0,0,0,0,0,0,0,0,0,0,0
2024-08-02,TikTok Ads,Shopping,SaaS,USA,50955,3892,0.0764,1.27,4942.84,224,22.07,60995.17,12.34,0.07638112059660485,1.27,22.06625,12.340106092853501,1.887940339515004e-05,0.0,0.003750000000000142,-0.00010609285350149378,7.638112059660484,1,1,1,1,0,0,0,0,0,0,0,0,0,0,0,0,0
2024-10-19,Google Ads,Search,Fintech,USA,103991,3067,0.0295,2.59,7943.53,142,55.94,36045.3,4.54,0.02949293688876922,2.59,55.94035211267605,4.537692940040511,7.063111230779656e-06,0.0,-0.0003521126760546167,0.0023070599594889885,2.9492936888769217,1,1,1,1,0,0,0,0,0,0,0,0,0,0,0,0,0
2024-10-25,Google Ads,Video,EdTech,Germany,22637,876,0.0387,1.22,1068.72,16,66.8,2623.14,2.45,0.038697707293369264,1.22,66.795,2.4544688973725575,2.2927066307340538e-06,0.0,0.0049999999999954525,-0.00446889737255729,3.8697707293369263,1,1,1,1,0,0,0,0,0,0,0,0,0,0,0,0,0
2024-12-20,Meta Ads,Display,Fintech,Canada,86099,2910,0.0338,2.19,6372.9,194,32.85,39485.52,6.2,0.03379830195472654,2.19,32.85,6.195848044061573,1.6980452734599583e-06,0.0,0.0,0.004151955938427321,3.3798301954726537,1,1,1,1,0,0,0,0,0,0,0,0,0,0,0,0,0
2024-11-08,Meta Ads,Display,Fintech,UAE,181950,2401,0.0132,0.67,1608.67,168,9.58,30028.61,18.67,0.013195932948612257,0.67,9.575416666666667,18.66673090192519,4.067051387742979e-06,0.0,0.0045833333333327175,0.0032690980748100174,1.3195932948612257,1,1,1,1,0,0,0,0,0,0,0,0,0,0,0,1,0
2024-06-11,Meta Ads,Video,E-commerce,Australia,102229,2146,0.021,0.61,1309.06,52,25.17,14121.79,10.79,0.020992086394271685,0.61,25.174230769230768,10.787733182589035,7.91360572831648e-06,0.0,-0.0042307692307659295,0.00226681741096435,2.0992086394271685,1,1,1,1,0,0,0,0,0,0,0,0,0,0,0,0,0
2024-09-22,TikTok Ads,Video,SaaS,Germany,53167,2536,0.0477,0.44,1115.84,145,7.7,11216.46,10.05,0.0476987605093385,0.43999999999999995,7.695448275862068,10.052032549469457,1.2394906614976442e-06,5.551115123125783e-17,0.004551724137932034,-0.002032549469456413,4.76987605093385,1,1,1,1,0,0,0,0,0,0,0,0,0,0,0,0,0
2024-05-06,Meta Ads,Shopping,SaaS,Canada,10177,413,0.0406,1.85,764.05,16,47.75,4058.36,5.31,0.04058170384199666,1.8499999999999999,47.753125,5.311641908252078,1.8296158003340557e-05,2.220446049250313e-16,-0.003124999999997158,-0.0016419082520782169,4.0581703841996655,1,1,1,1,0,0,0,0,0,0,0,0,0,0,0,0,0
2024-12-08,Meta Ads,Shopping,E-commerce,Canada,67714,738,0.0109,1.11,819.18,17,48.19,1445.84,1.76,0.010898780163629383,1.1099999999999999,48.18705882352941,1.7649844966918138,1.2198363706170806e-06,2.220446049250313e-16,0.0029411764705855603,-0.004984496691813778,1.0898780163629382,1,1,1,1,0,0,0,0,0,0,0,0,0,0,0,0,0
2024-10-23,Google Ads,Shopping,Fintech,UK,51032,3036,0.0595,2.23,6770.28,195,34.72,18761.36,2.77,0.05949208339865183,2.23,34.71938461538461,2.771135019526519,7.91660134816935e-06,0.0,0.0006153846153864606,-0.0011350195265191765,5.949208339865183,1,1,1,1,0,0,0,0,0,0,0,0,0,0,0,0,0
2024-08-11,TikTok Ads,Display,SaaS,USA,68474,4923,0.0719,0.47,2313.81,198,11.69,32574.4,14.08,0.07189590209422554,0.47,11.68590909090909,14.078251887579361,4.097905774463895e-06,0.0,0.004090909090908923,0.001748112420639103,7.189590209422554,1,1,1,1,0,0,0,0,0,0,0,0,0,0,0,0,0
2024-08-12,TikTok Ads,Video,SaaS,Australia,12838,784,0.0611,0.42,329.28,56,5.88,2887.05,8.77,0.061068702290076333,0.42,5.88,8.767766034985424,3.129770992366804e-05,0.0,0.0,0.00223396501457529,6.106870229007633,1,1,1,1,0,0,0,0,0,0,0,0,0,0,0,0,0
2024-06-05,Google Ads,Display,Healthcare,UK,151595,9262,0.0611,1.76,16301.12,572,28.5,85249.68,5.23,0.06109700188000924,1.76,28.49846153846154,5.229682377652578,2.9981199907644362e-06,0.0,0.001538461538459046,0.00031762234742238604,6.109700188000923,1,1,1,1,0,0,0,0,0,0,0,0,1,0,0,0,0
2024-04-11,TikTok Ads,Video,E-commerce,Germany,38799,1303,0.0336,0.33,429.99,51,8.43,4095.81,9.53,0.03358333977679837,0.33,8.431176470588236,9.525361054908254,1.6660223201625524e-05,0.0,-0.0011764705882360005,0.004638945091745228,3.358333977679837,1,1,1,1,0,0,0,0,0,0,0,0,0,0,0,0,0
2024-06-23,Google Ads,Video,SaaS,Australia,121565,2601,0.0214,2.04,5306.04,176,30.15,34156.84,6.44,0.021395961008513965,2.04,30.147954545454546,6.4373506419099735,4.038991486033511e-06,0.0,0.002045454545452685,0.0026493580900268654,2.1395961008513966,1,1,1,1,0,0,0,0,0,0,0,0,0,0,0,0,0
2024-09-11,Meta Ads,Display,E-commerce,Canada,38762,1007,0.026,0.68,684.76,16,42.8,3871.2,5.65,0.02597905164852175,0.6799999999999999,42.7975,5.653367603247853,2.0948351478249083e-05,1.1102230246251565e-16,0.0024999999999977263,-0.0033676032478524576,2.597905164852175,1,1,1,1,0,0,0,0,0,0,0,0,0,0,0,0,0
2024-02-18,Meta Ads,Search,E-commerce,India,32410,693,0.0214,1.79,1240.47,21,59.07,678.51,0.55,0.021382289416846653,1.79,59.07,0.5469781615033011,1.77105831533457e-05,0.0,0.0,0.003021838496698903,2.138228941684665,1,1,1,1,0,0,0,0,0,0,0,0,0,0,0,0,0
2024-03-29,TikTok Ads,Video,EdTech,Australia,134132,4694,0.035,0.82,3849.08,306,12.58,52932.5,13.75,0.03499537768765097,0.82,12.578692810457516,13.751987487919191,4.622312349031321e-06,0.0,0.0013071895424836555,-0.001987487919191011,3.499537768765097,1,1,1,1,0,0,0,0,0,0,0,0,0,0,0,0,0
2024-01-28,Google Ads,Display,E-commerce,Australia,38005,1489,0.0392,1.51,2248.39,79,28.46,23043.93,10.25,0.03917905538744902,1.51,28.460632911392402,10.249080453124236,2.0944612550977126e-05,0.0,-0.0006329113924010699,0.0009195468757638992,3.917905538744902,1,1,1,1,0,0,0,0,0,0,0,0,0,0,0,0,0
2024-01-15,Google Ads,Search,E-commerce,India,91348,2914,0.0319,1.73,5041.22,98,51.44,14981.67,2.97,0.031899986863423394,1.73,51.44102040816327,2.9718341988645602,1.3136576604289019e-08,0.0,-0.0010204081632707585,-0.0018341988645600438,3.1899986863423395,1,1,1,1,0,0,0,0,0,0,0,0,0,0,0,0,0
2024-08-22,Google Ads,Display,E-commerce,UK,87607,3661,0.0418,3.15,11532.15,106,108.79,31383.75,2.72,0.04178889814740831,3.15,108.7938679245283,2.7214136132464457,1.1101852591684225e-05,0.0,-0.0038679245282935426,-0.001413613246445511,4.178889814740831,1,1,1,1,0,0,0,0,0,0,0,0,0,0,0,0,0
2024-02-01,TikTok Ads,Shopping,Fintech,India,95288,7108,0.0746,0.51,3625.08,454,7.98,132401.61,36.52,0.07459491226597263,0.51,7.9847577092511015,36.52377602701181,5.0877340273675076e-06,0.0,-0.004757709251101083,-0.0037760270118099015,7.4594912265972635,1,1,1,1,0,0,0,0,0,0,0,0,0,0,1,1,0
2024-09-28,TikTok Ads,Video,Healthcare,UK,68620,3602,0.0525,0.48,1728.96,134,12.9,22980.94,13.29,0.052491984844068786,0.48000000000000004,12.90268656716418,13.291770775495094,8.015155931212492e-06,-5.551115123125783e-17,-0.0026865671641793654,-0.0017707754950944121,5.249198484406879,1,1,1,1,0,0,0,0,0,0,0,0,0,0,0,0,0
2024-07-06,TikTok Ads,Video,Healthcare,Australia,95975,3848,0.0401,1.78,6849.44,66,103.78,6246.82,0.91,0.04009377442042199,1.7799999999999998,103.77939393939393,0.9120190847718938,6.225579578009177e-06,2.220446049250313e-16,0.0006060606060742657,-0.00201908477189372,4.009377442042199,1,1,1,1,0,0,0,0,0,0,0,0,0,0,0,0,0
2024-12-12,Google Ads,Shopping,SaaS,Canada,162064,5607,0.0346,2.42,13568.94,77,176.22,8174.03,0.6,0.03459744298548721,2.42,176.22,0.6024074098639982,2.557014512787059e-06,0.0,0.0,-0.0024074098639982333,3.459744298548721,1,1,1,1,0,0,0,0,0,0,0,0,0,1,0,0,0
2024-05-18,Meta Ads,Search,Fintech,USA,57712,848,0.0147,0.9,763.2,64,11.93,2136.83,2.8,0.014693651233712227,0.9,11.925,2.7998296645702303,6.348766287772589e-06,0.0,0.004999999999999005,0.0001703354297695192,1.4693651233712226,1,1,1,1,0,0,0,0,0,0,0,0,0,0,0,0,0
2024-06-29,Meta Ads,Shopping,Fintech,Germany,147412,3670,0.0249,1.17,4293.9,162,26.51,38717.46,9.02,0.02489620926383198,1.17,26.505555555555553,9.0168518130371,3.790736168018949e-06,0.0,0.004444444444448692,0.003148186962899757,2.489620926383198,1,1,1,1,0,0,0,0,0,0,0,0,0,0,0,0,0
2024-02-06,Google Ads,Display,E-commerce,UAE,79525,2298,0.0289,1.58,3630.84,119,30.51,21777.03,6.0,0.028896573404589752,1.58,30.511260504201683,5.9977938989324775,3.4265954102462304e-06,0.0,-0.001260504201681556,0.0022061010675225035,2.8896573404589754,1,1,1,1,0,0,0,0,0,0,0,0,0,0,0,0,0
2024-04-18,Meta Ads,Shopping,E-commerce,UK,78480,1389,0.0177,1.69,2347.41,19,123.55,2972.32,1.27,0.017698776758409786,1.69,123.5478947368421,1.2662125491499143,1.2232415902146965e-06,0.0,0.0021052631579010495,0.003787450850085694,1.7698776758409787,1,1,1,1,0,0,0,0,0,0,0,0,0,1,0,0,0
2024-03-11,TikTok Ads,Display,SaaS,UK,165232,7617,0.0461,0.77,5865.09,601,9.76,102707.85,17.51,0.0460988186307737,0.77,9.758885191347755,17.511726162769882,1.1813692263051845e-06,0.0,0.001114808652245003,-0.0017261627698808013,4.609881863077369,1,1,1,1,0,0,0,0,0,0,0,0,1,0,1,1,0
2024-05-18,Google Ads,Display,SaaS,UAE,13294,583,0.0439,1.38,804.54,46,17.49,11553.7,14.36,0.04385437039265834,1.38,17.49,14.3606284336391,4.562960734166149e-05,0.0,0.0,-0.0006284336391004786,4.385437039265834,1,1,1,1,0,0,0,0,0,0,0,0,0,0,0,0,0
2024-11-16,Meta Ads,Video,EdTech,UK,55333,852,0.0154,1.05,894.6,66,13.55,12295.52,13.74,0.015397683118573003,1.05,13.554545454545455,13.744153811759446,2.3168814269978327e-06,0.0,-0.004545454545453964,-0.004153811759445958,1.5397683118573002,1,1,1,1,0,0,0,0,0,0,0,0,0,0,0,0,0
2024-09-24,Meta Ads,Display,Fintech,UK,177027,6160,0.0348,1.23,7576.8,220,34.44,59390.91,7.84,0.03479695187739723,1.23,34.44,7.838521539436174,3.0481226027667674e-06,0.0,0.0,0.0014784605638258341,3.479695187739723,1,1,1,1,0,0,0,0,0,0,0,0,0,0,0,0,0
2024-11-10,Meta Ads,Search,E-commerce,USA,21679,448,0.0207,0.89,398.72,31,12.86,3556.66,8.92,0.020665159832095575,0.89,12.861935483870969,8.920194622792936,3.484016790442426e-05,0.0,-0.0019354838709695343,-0.00019462279293591678,2.0665159832095576,1,1,1,1,0,0,0,0,0,0,0,0,0,0,0,0,0
2024-07-09,Google Ads,Search,Healthcare,UK,18601,706,0.038,2.0,1412.0,54,26.15,3302.39,2.34,0.03795494865867426,2.0,26.14814814814815,2.3388031161473086,4.505134132573585e-05,0.0,0.0018518518518497729,0.0011968838526912329,3.7954948658674263,1,1,1,1,0,0,0,0,0,0,0,0,0,0,0,0,0
2024-11-29,Google Ads,Shopping,Healthcare,UAE,146583,2990,0.0204,1.61,4813.9,114,42.23,8660.28,1.8,0.020397999768049502,1.6099999999999999,42.22719298245614,1.7990153513783007,2.000231950499004e-06,2.220446049250313e-16,0.002807017543858592,0.0009846486216993355,2.03979997680495,1,1,1,1,0,0,0,0,0,0,0,0,0,0,0,0,0
2024-11-17,Google Ads,Shopping,Fintech,Australia,46745,2140,0.0458,3.44,7361.6,38,193.73,5289.97,0.72,0.045780297358006206,3.4400000000000004,193.7263157894737,0.7185897087589654,1.9702641993794845e-05,-4.440892098500626e-16,0.0036842105263019675,0.0014102912410345336,4.57802973580062,1,1,1,1,0,0,0,0,0,0,0,0,0,1,0,0,0
2024-12-09,Google Ads,Display,E-commerce,Canada,39505,2251,0.057,3.06,6888.06,149,46.23,30920.99,4.49,0.056980129097582585,3.06,46.22859060402685,4.48907094305218,1.987090241741679e-05,0.0,0.0014093959731482641,0.0009290569478199728,5.698012909758258,1,1,1,1,0,0,0,0,0,0,0,0,0,0,0,0,0
2024-03-11,Google Ads,Shopping,Healthcare,Germany,179342,4071,0.0227,2.26,9200.46,195,47.18,30682.52,3.33,0.022699646485485832,2.26,47.18184615384615,3.334889777250268,3.5351451416892887e-07,0.0,-0.0018461538461522764,-0.004889777250268068,2.269964648548583,1,1,1,1,0,0,0,0,0,0,0,0,0,0,0,0,0
2024-10-27,Google Ads,Video,Fintech,UAE,75410,3039,0.0403,0.95,2887.05,239,12.08,29467.42,10.21,0.04029969500066304,0.9500000000000001,12.079707112970713,10.206757763114597,3.0499933695998793e-07,-1.1102230246251565e-16,0.00029288702928731425,0.0032422368854039263,4.029969500066304,1,1,1,1,0,0,0,0,0,0,0,0,0,0,0,0,0
2024-06-28,Google Ads,Search,Healthcare,UAE,83488,4049,0.0485,1.15,4656.35,45,103.47,2103.0,0.45,0.04849798773476428,1.1500000000000001,103.47444444444446,0.45164130703233213,2.012265235724897e-06,-2.220446049250313e-16,-0.00444444444445935,-0.0016413070323321177,4.849798773476428,1,1,1,1,0,0,0,0,0,0,0,0,0,0,0,0,0
2024-12-26,TikTok Ads,Display,SaaS,USA,149143,5175,0.0347,0.53,2742.75,140,19.59,11705.28,4.27,0.034698242626204384,0.53,19.59107142857143,4.267716707683894,1.7573737956175228e-06,0.0,-0.001071428571428612,0.0022832923161058005,3.4698242626204383,1,1,1,1,0,0,0,0,0,0,0,0,0,0,0,0,0
2024-11-21,Meta Ads,Shopping,Fintech,Australia,52743,1207,0.0229,1.93,2329.51,90,25.88,11281.65,4.84,0.022884553400451244,1.9300000000000002,25.883444444444446,4.842928341153289,1.5446599548756684e-05,-2.220446049250313e-16,-0.0034444444444474698,-0.0029283411532894377,2.2884553400451244,1,1,1,1,0,0,0,0,0,0,0,0,0,0,0,0,0
2024-04-19,Meta Ads,Shopping,Healthcare,UK,92091,3342,0.0363,1.48,4946.16,145,34.11,37976.42,7.68,0.0362901912238981,1.48,34.11144827586207,7.67796027625471,9.808776101898065e-06,0.0,-0.0014482758620673053,0.002039723745289379,3.6290191223898103,1,1,1,1,0,0,0,0,0,0,0,0,0,0,0,0,0
2024-04-14,TikTok Ads,Video,Healthcare,USA,118687,10586,0.0892,0.75,7939.5,635,12.5,88046.75,11.09,0.0891925821699091,0.75,12.503149606299212,11.089709679450847,7.4178300909083505e-06,0.0,-0.0031496062992122376,0.00029032054915312244,8.91925821699091,1,1,1,1,0,0,0,0,0,1,0,0,1,0,1,0,0
2024-10-25,Google Ads,Video,EdTech,UAE,195664,6378,0.0326,2.6,16582.8,312,53.15,33814.66,2.04,0.03259669637746341,2.6,53.15,2.0391405552741397,3.3036225365878913e-06,0.0,0.0,0.0008594447258603033,3.2596696377463408,1,1,1,1,0,0,0,0,0,0,0,0,0,0,0,0,0
2024-09-26,TikTok Ads,Search,EdTech,India,89946,5162,0.0574,0.63,3252.06,349,9.32,87393.19,26.87,0.05738998954928513,0.63,9.318223495702005,26.873178846638748,1.0010450714872943e-05,0.0,0.0017765042979949186,-0.0031788466387467906,5.738998954928513,1,1,1,1,0,0,0,0,0,0,0,0,0,0,1,1,0
2024-12-05,TikTok Ads,Search,EdTech,India,170529,11766,0.069,1.48,17413.68,695,25.06,102403.13,5.88,0.06899706208328202,1.48,25.055654676258992,5.880613977057118,2.9379167179877097e-06,0.0,0.004345323741006268,-0.0006139770571182979,6.899706208328202,1,1,1,1,0,0,0,0,1,0,0,0,1,0,1,0,0
2024-01-03,Meta Ads,Display,Fintech,Canada,129750,2452,0.0189,1.09,2672.68,93,28.74,23770.39,8.89,0.018897880539499038,1.0899999999999999,28.738494623655914,8.893840639358247,2.119460500962095e-06,2.220446049250313e-16,0.0015053763440846524,-0.0038406393582466336,1.889788053949904,1,1,1,1,0,0,0,0,0,0,0,0,0,0,0,0,0
2024-01-22,Meta Ads,Display,Healthcare,USA,197882,5144,0.026,0.81,4166.64,299,13.94,68061.76,16.33,0.025995290122396174,0.81,13.935250836120403,16.334926943532437,4.709877603824991e-06,0.0,0.004749163879596452,-0.004926943532439054,2.5995290122396173,1,1,1,1,0,0,0,0,0,0,0,0,0,0,0,0,0
2024-06-06,Google Ads,Display,E-commerce,Australia,58266,2651,0.0455,1.22,3234.22,103,31.4,3487.43,1.08,0.0454982322452202,1.22,31.400194174757278,1.0782909016702635,1.7677547798009008e-06,0.0,-0.00019417475727934175,0.0017090983297365359,4.54982322452202,1,1,1,1,0,0,0,0,0,0,0,0,0,0,0,0,0
2024-09-01,Meta Ads,Search,E-commerce,USA,98699,2171,0.022,2.22,4819.62,92,52.39,5066.63,1.05,0.021996170173963263,2.2199999999999998,52.387173913043476,1.0512509284964375,3.829826036735873e-06,4.440892098500626e-16,0.0028260869565244207,-0.0012509284964374867,2.199617017396326,1,1,1,1,0,0,0,0,0,0,0,0,0,0,0,0,0
2024-01-18,TikTok Ads,Video,EdTech,UK,172820,5512,0.0319,1.5,8268.0,229,36.1,38190.22,4.62,0.03189445666010878,1.5,36.10480349344978,4.619039671020803,5.543339891216081e-06,0.0,-0.004803493449777818,0.000960328979196845,3.189445666010878,1,1,1,1,0,0,0,0,0,0,0,0,0,0,0,0,0
2024-11-30,Google Ads,Shopping,EdTech,UK,61902,2599,0.042,2.92,7589.08,160,47.43,43994.91,5.8,0.04198571936286388,2.92,47.43175,5.797133512889573,1.42806371361201e-05,0.0,-0.0017500000000012506,0.0028664871104266965,4.198571936286388,1,1,1,1,0,0,0,0,0,0,0,0,0,0,0,0,0
2024-07-20,TikTok Ads,Shopping,EdTech,UAE,148573,8706,0.0586,1.77,15409.62,643,23.97,163989.09,10.64,0.05859745714228023,1.77,23.96519440124417,10.641994416474903,2.5428577197714186e-06,0.0,0.004805598755829976,-0.001994416474902394,5.859745714228023,1,1,1,1,0,0,0,0,0,0,0,0,1,0,1,0,0
2024-11-06,Meta Ads,Shopping,EdTech,Germany,149654,6689,0.0447,1.29,8628.81,262,32.93,10578.46,1.23,0.04469643310569714,1.2899999999999998,32.934389312977096,1.2259465673713987,3.5668943028574485e-06,2.220446049250313e-16,-0.004389312977096438,0.00405343262860125,4.4696433105697135,1,1,1,1,0,0,0,0,0,0,0,0,0,0,0,0,0
2024-01-24,Meta Ads,Search,Healthcare,India,191478,6414,0.0335,1.57,10069.98,236,42.67,56534.15,5.61,0.03349732084103657,1.5699999999999998,42.66940677966102,5.6141273368963995,2.679158963431183e-06,2.220446049250313e-16,0.0005932203389846791,-0.004127336896399214,3.349732084103657,1,1,1,1,0,0,0,0,0,0,0,0,0,0,0,0,0
2024-05-01,Meta Ads,Search,E-commerce,Canada,7196,287,0.04,2.21,634.27,10,63.43,693.26,1.09,0.03988326848249027,2.21,63.427,1.0930045564191906,0.00011673151750973138,0.0,0.0030000000000001137,-0.003004556419190507,3.988326848249027,1,1,1,1,0,0,0,0,0,0,0,0,0,0,0,0,0
2024-11-14,Google Ads,Display,Healthcare,India,30757,1202,0.0391,3.26,3918.52,60,65.31,5647.0,1.44,0.039080534512468706,3.26,65.30866666666667,1.4411053152720925,1.9465487531296344e-05,0.0,0.0013333333333349628,-0.0011053152720925663,3.9080534512468708,1,1,1,1,0,0,0,0,0,0,0,0,0,0,0,0,0
2024-04-11,Google Ads,Display,Healthcare,Canada,17578,330,0.0188,3.07,1013.1,20,50.66,3553.78,3.51,0.01877346683354193,3.0700000000000003,50.655,3.507827460270457,2.6533166458071744e-05,-4.440892098500626e-16,0.0049999999999954525,0.0021725397295426774,1.877346683354193,1,1,1,1,0,0,0,0,0,0,0,0,0,0,0,0,0
2024-02-02,Google Ads,Display,E-commerce,USA,65530,2018,0.0308,2.81,5670.58,117,48.47,12114.63,2.14,0.030795055699679535,2.81,48.46649572649572,2.1364005092953455,4.944300320466194e-06,0.0,0.0035042735042765116,0.0035994907046545954,3.0795055699679534,1,1,1,1,0,0,0,0,0,0,0,0,0,0,0,0,0
2024-09-18,TikTok Ads,Search,SaaS,UK,89403,5578,0.0624,1.48,8255.44,414,19.94,80503.15,9.75,0.06239164233862398,1.48,19.940676328502416,9.751527477638986,8.357661376016956e-06,0.0,-0.0006763285024149468,-0.0015274776389855305,6.239164233862398,1,1,1,1,0,0,0,0,0,0,0,0,0,0,0,0,0
2024-06-09,TikTok Ads,Shopping,E-commerce,Australia,161904,4339,0.0268,1.05,4555.95,178,25.6,22405.85,4.92,0.02679983199920941,1.05,25.59522471910112,4.917931496175331,1.6800079059159367e-07,0.0,0.004775280898879686,0.0020685038246686105,2.679983199920941,1,1,1,1,0,0,0,0,0,0,0,0,0,0,0,0,0
2024-09-08,Meta Ads,Video,EdTech,Canada,27036,708,0.0262,1.67,1182.36,12,98.53,1538.26,1.3,0.026187305814469597,1.67,98.52999999999999,1.3010081531851552,1.2694185530404134e-05,0.0,1.4210854715202004e-14,-0.001008153185155125,2.6187305814469597,1,1,1,1,0,0,0,0,0,0,0,0,0,0,0,0,0
2024-06-08,Meta Ads,Shopping,SaaS,UK,12712,212,0.0167,1.7,360.4,9,40.04,375.03,1.04,0.01667715544367527,1.7,40.044444444444444,1.0405937846836848,2.284455632473037e-05,0.0,-0.004444444444445139,-0.0005937846836847616,1.667715544367527,1,1,1,1,0,0,0,0,0,0,0,0,0,0,0,0,0
2024-02-10,Google Ads,Shopping,E-commerce,UAE,24198,1214,0.0502,1.35,1638.9,60,27.32,11611.94,7.09,0.05016943549053641,1.35,27.315,7.08520349014583,3.0564509463593126e-05,0.0,0.004999999999999005,0.004796509854170239,5.016943549053641,1,1,1,1,0,0,0,0,0,0,0,0,0,0,0,0,0
2024-07-31,Google Ads,Display,SaaS,India,80324,2337,0.0291,2.99,6987.63,50,139.75,12463.37,1.78,0.029094666600268913,2.99,139.7526,1.7836333635295516,5.333399731088234e-06,0.0,-0.002600000000001046,-0.00363336352955157,2.9094666600268915,1,1,1,1,0,0,0,0,0,0,0,0,0,1,0,0,0
2024-04-22,Google Ads,Search,SaaS,Germany,160525,6003,0.0374,1.67,10025.01,106,94.58,12306.27,1.23,0.03739604422987074,1.67,94.57556603773585,1.2275568802425134,3.955770129265845e-06,0.0,0.004433962264144498,0.002443119757486567,3.7396044229870737,1,1,1,1,0,0,0,0,0,0,0,0,0,0,0,0,0
2024-02-27,Google Ads,Display,Fintech,Germany,104821,4224,0.0403,1.36,5744.64,307,18.71,89314.07,15.55,0.040297268677078064,1.36,18.712182410423456,15.547374596145277,2.731322921938062e-06,0.0,-0.0021824104234546837,0.0026254038547239844,4.029726867707806,1,1,1,1,0,0,0,0,0,0,0,0,0,0,1,0,0
2024-10-03,Google Ads,Video,Healthcare,India,48118,1616,0.0336,3.66,5914.56,129,45.85,28604.24,4.84,0.03358410574005569,3.66,45.8493023255814,4.836241411026348,1.58942599443046e-05,0.0,0.0006976744186033557,0.0037585889736515554,3.3584105740055694,1,1,1,1,0,0,0,0,0,0,0,0,0,0,0,0,0
2024-02-06,TikTok Ads,Display,SaaS,Australia,53709,2868,0.0534,0.89,2552.52,222,11.5,47503.54,18.61,0.05339887169748087,0.89,11.497837837837837,18.610447714415557,1.1283025191308194e-06,0.0,0.0021621621621630283,-0.00044771441555724323,5.339887169748088,1,1,1,1,0,0,0,0,0,0,0,0,0,0,0,1,0
2024-02-14,Google Ads,Display,Healthcare,UK,25497,1142,0.0448,1.84,2101.28,75,28.02,18551.01,8.83,0.04478958308820646,1.84,28.01706666666667,8.828433145511307,1.041691179354265e-05,0.0,0.002933333333331234,0.0015668544886935365,4.478958308820646,1,1,1,1,0,0,0,0,0,0,0,0,0,0,0,0,0
2024-08-26,TikTok Ads,Display,Fintech,UAE,178782,7705,0.0431,1.28,9862.4,352,28.02,30909.61,3.13,0.04309717980557327,1.28,28.018181818181816,3.1340860236859185,2.8201944267322587e-06,0.0,0.0018181818181837173,-0.004086023685918594,4.309717980557327,1,1,1,1,0,0,0,0,0,0,0,0,0,0,0,0,0
2024-05-03,Meta Ads,Video,Healthcare,India,189221,7587,0.0401,0.91,6904.17,80,86.3,2769.22,0.4,0.04009597243434925,0.91,86.302125,0.40109383169881385,4.027565650745191e-06,0.0,-0.002125000000006594,-0.0010938316988138297,4.009597243434925,1,1,1,1,0,0,0,0,0,0,0,0,0,0,0,0,0
2024-12-26,Meta Ads,Search,Fintech,Germany,138704,1803,0.013,0.86,1550.58,119,13.03,10297.42,6.64,0.012998904141192756,0.86,13.030084033613445,6.641011750441771,1.0958588072436382e-06,0.0,-8.403361344555549e-05,-0.0010117504417710421,1.2998904141192755,1,1,1,1,0,0,0,0,0,0,0,0,0,0,0,0,0
2024-10-08,Google Ads,Video,EdTech,UK,120475,7794,0.0647,0.78,6079.32,530,11.47,143639.1,23.63,0.06469391990039428,0.7799999999999999,11.470415094339621,23.62749452241369,6.080099605718092e-06,1.1102230246251565e-16,-0.0004150943396208362,0.0025054775863075918,6.469391990039427,1,1,1,1,0,0,0,0,0,0,0,0,0,0,1,1,0
2024-08-19,Google Ads,Shopping,Healthcare,Germany,125019,8251,0.066,3.77,31106.27,609,51.08,135443.82,4.35,0.06599796830881706,3.77,51.077619047619045,4.354228906262307,2.0316911829437734e-06,0.0,0.0023809523809532607,-0.004228906262307319,6.599796830881706,1,1,1,1,0,0,0,0,0,0,1,1,1,0,1,0,0
2024-12-11,Meta Ads,Search,EdTech,USA,198775,3637,0.0183,1.99,7237.63,235,30.8,18520.23,2.56,0.018297069550999873,1.99,30.798425531914894,2.558880462250764,2.9304490001269556e-06,0.0,0.0015744680851064174,0.0011195377492358993,1.8297069550999874,1,1,1,1,0,0,0,0,0,0,0,0,0,0,0,0,0
2024-01-05,TikTok Ads,Video,EdTech,Australia,52059,2956,0.0568,0.57,1684.92,29,58.1,5633.14,3.34,0.056781728423519466,0.5700000000000001,58.10068965517242,3.3432685231346295,1.8271576480537177e-05,-1.1102230246251565e-16,-0.000689655172415371,-0.003268523134629664,5.678172842351946,1,1,1,1,0,0,0,0,0,0,0,0,0,0,0,0,0
2024-05-31,Google Ads,Display,SaaS,USA,183373,7169,0.0391,1.55,11111.95,342,32.49,18314.28,1.65,0.03909517758884896,1.55,32.49108187134503,1.6481607638623281,4.822411151045314e-06,0.0,-0.0010818713450291284,0.0018392361376717847,3.909517758884896,1,1,1,1,0,0,0,0,0,0,0,0,0,0,0,0,0
2024-09-13,Meta Ads,Search,E-commerce,USA,114844,3307,0.0288,2.1,6944.7,123,56.46,36552.89,5.26,0.02879558357423984,2.1,56.4609756097561,5.26342246605325,4.416425760159909e-06,0.0,-0.0009756097560966737,-0.0034224660532498064,2.879558357423984,1,1,1,1,0,0,0,0,0,0,0,0,0,0,0,0,0
2024-08-27,Meta Ads,Search,E-commerce,USA,53865,1098,0.0204,1.28,1405.44,67,20.98,2545.35,1.81,0.020384294068504595,1.28,20.97671641791045,1.8110698428961747,1.570593149540639e-05,0.0,0.0032835820895513734,-0.001069842896174622,2.0384294068504594,1,1,1,1,0,0,0,0,0,0,0,0,0,0,0,0,0
2024-01-07,Google Ads,Video,E-commerce,Germany,25080,1113,0.0444,2.62,2916.06,49,59.51,2232.61,0.77,0.04437799043062201,2.62,59.51142857142857,0.7656255358257376,2.2009569377992588e-05,0.0,-0.0014285714285691142,0.00437446417426246,4.437799043062201,1,1,1,1,0,0,0,0,0,0,0,0,0,0,0,0,0
2024-07-12,TikTok Ads,Search,E-commerce,India,95853,4658,0.0486,0.31,1443.98,92,15.7,27317.08,18.92,0.0485952448019363,0.31,15.695434782608697,18.917907450241692,4.755198063699506e-06,0.0,0.004565217391302667,0.0020925497583093033,4.85952448019363,1,1,1,1,0,0,0,0,0,0,0,0,0,0,0,1,0
2024-05-26,Google Ads,Video,SaaS,Canada,27593,896,0.0325,2.39,2141.44,48,44.61,8087.57,3.78,0.03247200376907187,2.39,44.61333333333334,3.77669698894202,2.7996230928133137e-05,0.0,-0.003333333333337407,0.003303011057979699,3.2472003769071867,1,1,1,1,0,0,0,0,0,0,0,0,0,0,0,0,0
2024-09-11,Meta Ads,Video,EdTech,USA,34949,1324,0.0379,1.79,2369.96,86,27.56,9084.22,3.83,0.037883773498526424,1.79,27.557674418604652,3.8330689125554858,1.622650147357907e-05,0.0,0.0023255813953468873,-0.003068912555485692,3.7883773498526425,1,1,1,1,0,0,0,0,0,0,0,0,0,0,0,0,0
2024-05-17,TikTok Ads,Shopping,E-commerce,USA,72986,3379,0.0463,1.77,5980.83,188,31.81,17387.72,2.91,0.04629655002329214,1.77,31.812925531914892,2.907241971432059,3.4499767078630117e-06,0.0,-0.002925531914893753,0.00275802856794094,4.629655002329214,1,1,1,1,0,0,0,0,0,0,0,0,0,0,0,0,0
2024-02-02,Google Ads,Shopping,Healthcare,UAE,149848,9290,0.062,1.97,18301.3,537,34.08,106414.01,5.81,0.061996156104852915,1.97,34.080633147113595,5.8145601678569285,3.84389514708483e-06,0.0,-0.0006331471135965216,-0.004560167856928921,6.199615610485291,1,1,1,1,0,0,0,0,0,0,0,1,0,0,1,0,0
2024-09-03,Google Ads,Video,SaaS,Australia,143235,3981,0.0278,1.83,7285.23,125,58.28,27104.75,3.72,0.027793486228924493,1.8299999999999998,58.281839999999995,3.7205071082175856,6.513771075505187e-06,2.220446049250313e-16,-0.0018399999999942906,-0.0005071082175853725,2.7793486228924493,1,1,1,1,0,0,0,0,0,0,0,0,0,0,0,0,0
2024-02-11,TikTok Ads,Video,EdTech,India,157625,9457,0.06,0.48,4539.36,534,8.5,147520.8,32.5,0.059996827914353686,0.48,8.50067415730337,32.49814951887491,3.1720856463121616e-06,0.0,-0.0006741573033703929,0.0018504811250892317,5.999682791435369,1,1,1,1,0,0,0,0,0,0,0,0,0,0,1,1,0
2024-11-28,Meta Ads,Search,Fintech,India,172816,3819,0.0221,2.14,8172.66,193,42.35,41926.28,5.13,0.022098648273308028,2.14,42.34538860103627,5.130065364275524,1.3517266919740867e-06,0.0,0.004611398963731972,-6.536427552372714e-05,2.2098648273308026,1,1,1,1,0,0,0,0,0,0,0,0,0,0,0,0,0
2024-12-14,TikTok Ads,Video,E-commerce,UK,56529,4494,0.0795,1.51,6785.94,104,65.25,9525.68,1.4,0.07949901820304622,1.51,65.24942307692308,1.4037377283029324,9.817969537778692e-07,0.0,0.0005769230769203659,-0.003737728302932508,7.949901820304622,1,1,1,1,0,0,0,0,0,0,0,0,0,0,0,0,0
2024-04-13,TikTok Ads,Shopping,EdTech,USA,176030,13079,0.0743,1.51,19749.29,200,98.75,41247.07,2.09,0.0742998352553542,1.51,98.74645000000001,2.0885343219933477,1.6474464580029657e-07,0.0,0.00354999999998995,0.0014656780066522046,7.4299835255354205,1,1,1,1,0,0,0,0,1,0,0,1,0,0,0,0,0
2024-11-03,Meta Ads,Search,SaaS,Canada,128355,1758,0.0137,1.86,3269.88,122,26.8,6205.33,1.9,0.01369638892135094,1.86,26.802295081967213,1.8977240755012414,3.6110786490600733e-06,0.0,-0.0022950819672118428,0.0022759244987584637,1.369638892135094,1,1,1,1,0,0,0,0,0,0,0,0,0,0,0,0,0
2024-09-25,Google Ads,Video,Fintech,USA,14096,476,0.0338,1.29,614.04,34,18.06,3175.83,5.17,0.03376844494892168,1.2899999999999998,18.06,5.17202462380301,3.155505107831774e-05,2.220446049250313e-16,0.0,-0.0020246238030097174,3.376844494892168,1,1,1,1,0,0,0,0,0,0,0,0,0,0,0,0,0
2024-04-02,Google Ads,Video,SaaS,USA,31855,1411,0.0443,1.7,2398.7,60,39.98,3201.45,1.33,0.04429445926856067,1.7,39.97833333333333,1.3346604410722476,5.540731439331037e-06,0.0,0.0016666666666651508,-0.004660441072247501,4.429445926856067,1,1,1,1,0,0,0,0,0,0,0,0,0,0,0,0,0
2024-02-19,Google Ads,Search,EdTech,UAE,95218,2199,0.0231,2.39,5255.61,103,51.03,17399.72,3.31,0.023094372912684576,2.3899999999999997,51.02533980582524,3.310694667222264,5.627087315423357e-06,4.440892098500626e-16,0.004660194174761045,-0.0006946672222638561,2.3094372912684578,1,1,1,1,0,0,0,0,0,0,0,0,0,0,0,0,0
2024-02-06,Google Ads,Shopping,E-commerce,Germany,102409,3389,0.0331,3.58,12132.62,149,81.43,31253.87,2.58,0.03309279457860149,3.58,81.42697986577181,2.576019853914488,7.205421398509548e-06,0.0,0.003020134228194138,0.003980146085512004,3.309279457860149,1,1,1,1,0,0,0,0,0,0,0,0,0,0,0,0,0
2024-09-12,Google Ads,Search,E-commerce,India,31049,1021,0.0329,3.31,3379.51,31,109.02,7117.65,2.11,0.032883506715192114,3.31,109.01645161290324,2.1061189344017324,1.6493284807884978e-05,0.0,0.0035483870967567555,0.003881065598267508,3.2883506715192112,1,1,1,1,0,0,0,0,0,0,0,0,0,0,0,0,0
2024-09-19,TikTok Ads,Search,Healthcare,Germany,129077,4065,0.0315,1.22,4959.3,295,16.81,44193.52,8.91,0.031492829861245616,1.22,16.811186440677968,8.91124150585768,7.17013875438377e-06,0.0,-0.0011864406779693581,-0.0012415058576795701,3.1492829861245615,1,1,1,1,0,0,0,0,0,0,0,0,0,0,0,0,0
2024-09-20,Meta Ads,Shopping,E-commerce,Germany,166874,6641,0.0398,0.68,4515.88,200,22.58,17225.95,3.81,0.039796493162505844,0.68,22.5794,3.814527843963967,3.5068374941576996e-06,0.0,0.0005999999999986017,-0.004527843963967104,3.9796493162505846,1,1,1,1,0,0,0,0,0,0,0,0,0,0,0,0,0
2024-02-13,Google Ads,Search,SaaS,Australia,153865,5785,0.0376,1.7,9834.5,139,70.75,16979.34,1.73,0.0375978942579534,1.7,70.75179856115108,1.7265077024759774,2.105742046600023e-06,0.0,-0.001798561151076683,0.0034922975240225806,3.75978942579534,1,1,1,1,0,0,0,0,0,0,0,0,0,0,0,0,0
2024-11-07,TikTok Ads,Display,Healthcare,UK,187199,12036,0.0643,1.33,16007.88,946,16.92,165825.37,10.36,0.06429521525221822,1.3299999999999998,16.921649048625792,10.358983825465959,4.784747781774734e-06,2.220446049250313e-16,-0.0016490486257900727,0.0010161745340404593,6.429521525221822,1,1,1,1,0,0,0,0,1,0,0,0,1,0,1,0,0
2024-06-27,Meta Ads,Video,SaaS,UK,117696,4531,0.0385,1.09,4938.79,325,15.2,19270.73,3.9,0.038497485046220775,1.09,15.196276923076923,3.901913221659556,2.514953779224338e-06,0.0,0.003723076923076718,-0.001913221659556097,3.8497485046220774,1,1,1,1,0,0,0,0,0,0,0,0,0,0,0,0,0
2024-10-19,Meta Ads,Search,Healthcare,Canada,147324,1325,0.009,1.72,2279.0,96,23.74,10356.84,4.54,0.008993782411555483,1.72,23.739583333333332,4.54446687143484,6.217588444516406e-06,0.0,0.0004166666666662877,-0.004466871434839703,0.8993782411555483,1,1,1,1,0,0,0,0,0,0,0,0,0,0,0,0,0
2024-08-04,Google Ads,Video,Fintech,Australia,39001,1450,0.0372,2.62,3799.0,18,211.06,5256.07,1.38,0.03717853388374657,2.62,211.05555555555554,1.3835404053698341,2.1466116253428258e-05,0.0,0.00444444444445935,-0.003540405369834243,3.7178533883746567,1,1,1,1,0,0,0,0,0,0,0,0,0,1,0,0,0
2024-01-03,TikTok Ads,Search,Healthcare,USA,69277,5057,0.073,1.06,5360.42,268,20.0,57608.77,10.75,0.0729968099080503,1.06,20.001567164179104,10.747062730159204,3.190091949697993e-06,0.0,-0.0015671641791037416,0.0029372698407961195,7.2996809908050295,1,1,1,1,0,0,0,0,0,0,0,0,0,0,0,0,0
2024-04-10,Google Ads,Search,E-commerce,USA,166687,11384,0.0683,0.73,8310.32,899,9.24,139644.2,16.8,0.06829566792851272,0.73,9.243959955506117,16.803709123114395,4.332071487284095e-06,0.0,-0.003959955506116941,-0.003709123114393975,6.8295667928512716,1,1,1,1,0,0,0,0,0,0,0,0,1,0,1,0,0
2024-12-02,Meta Ads,Video,E-commerce,Canada,173898,5321,0.0306,0.53,2820.13,239,11.8,52181.09,18.5,0.030598396761319854,0.53,11.799707112970712,18.503079645264577,1.6032386801444198e-06,0.0,0.0002928870292890906,-0.0030796452645773797,3.0598396761319853,1,1,1,1,0,0,0,0,0,0,0,0,0,0,0,1,0
2024-05-31,Google Ads,Display,SaaS,Canada,117000,7979,0.0682,1.47,11729.13,366,32.05,14373.81,1.23,0.0681965811965812,1.47,32.04680327868852,1.2254796391548222,3.418803418794858e-06,0.0,0.0031967213114754145,0.004520360845177818,6.81965811965812,1,1,1,1,0,0,0,0,0,0,0,0,0,0,0,0,0
2024-10-25,Meta Ads,Shopping,SaaS,UK,55697,957,0.0172,0.91,870.87,12,72.57,1673.31,1.92,0.01718225398136345,0.91,72.5725,1.9214234041820248,1.7746018636549676e-05,0.0,-0.002500000000011937,-0.0014234041820249121,1.7182253981363451,1,1,1,1,0,0,0,0,0,0,0,0,0,0,0,0,0
2024-07-03,Google Ads,Display,Fintech,UK,46585,1504,0.0323,2.2,3308.8,85,38.93,13372.82,4.04,0.032285070301599224,2.2,38.927058823529414,4.041592117988395,1.4929698400778513e-05,0.0,0.0029411764705855603,-0.001592117988394648,3.2285070301599226,1,1,1,1,0,0,0,0,0,0,0,0,0,0,0,0,0
2024-08-14,TikTok Ads,Search,E-commerce,Germany,97345,5178,0.0532,0.61,3158.58,289,10.93,44113.49,13.97,0.05319225435307412,0.61,10.929342560553634,13.96624115900183,7.745646925877425e-06,0.0,0.0006574394463658706,0.003758840998170143,5.319225435307412,1,1,1,1,0,0,0,0,0,0,0,0,0,0,0,0,0
2024-06-18,TikTok Ads,Video,E-commerce,India,143519,10519,0.0733,0.86,9046.34,673,13.44,28878.71,3.19,0.07329343153171357,0.86,13.44181277860327,3.1923087126948575,6.568468286435869e-06,0.0,-0.0018127786032700044,-0.002308712694857551,7.329343153171357,1,1,1,1,0,0,0,0,0,0,0,0,1,0,0,0,0
2024-05-01,Meta Ads,Display,E-commerce,Canada,68843,633,0.0092,0.89,563.37,25,22.53,2441.19,4.33,0.00919483462370902,0.89,22.5348,4.333191330741786,5.165376290980697e-06,0.0,-0.004799999999999471,-0.0031913307417861247,0.919483462370902,1,1,1,1,0,0,0,0,0,0,0,0,0,0,0,0,0
2024-03-27,Google Ads,Display,Fintech,USA,129679,5848,0.0451,1.48,8655.04,158,54.78,32419.87,3.75,0.045095967735716655,1.4800000000000002,54.77873417721519,3.745779337819351,4.032264283346243e-06,-2.220446049250313e-16,0.0012658227848092451,0.004220662180649093,4.5095967735716656,1,1,1,1,0,0,0,0,0,0,0,0,0,0,0,0,0
2024-01-31,Meta Ads,Search,Fintech,UK,153157,5498,0.0359,1.8,9896.4,401,24.68,90694.52,9.16,0.03589780421397651,1.8,24.67930174563591,9.16439513358393,2.195786023492796e-06,0.0,0.0006982543640887684,-0.0043951335839302885,3.5897804213976507,1,1,1,1,0,0,0,0,0,0,0,0,0,0,1,0,0
2024-08-21,Meta Ads,Display,E-commerce,Canada,138074,3313,0.024,1.91,6327.83,209,30.28,16533.53,2.61,0.023994379825311066,1.91,30.2766985645933,2.612827778243094,5.620174688934776e-06,0.0,0.0033014354067013585,-0.0028277782430943255,2.3994379825311065,1,1,1,1,0,0,0,0,0,0,0,0,0,0,0,0,0
2024-11-16,Google Ads,Shopping,SaaS,Germany,119132,3466,0.0291,2.19,7590.54,261,29.08,30598.06,4.03,0.029093778329919752,2.19,29.082528735632184,4.031078157812225,6.221670080248931e-06,0.0,-0.002528735632186141,-0.0010781578122243118,2.909377832991975,1,1,1,1,0,0,0,0,0,0,0,0,0,0,0,0,0
2024-05-05,Google Ads,Video,E-commerce,Canada,43634,1937,0.0444,2.38,4610.06,58,79.48,15065.19,3.27,0.04439198789934455,2.3800000000000003,79.48379310344828,3.267894561025236,8.012100655450938e-06,-4.440892098500626e-16,-0.0037931034482738823,0.0021054389747638957,4.439198789934455,1,1,1,1,0,0,0,0,0,0,0,0,0,0,0,0,0
2024-06-27,Meta Ads,Shopping,Fintech,USA,198899,2923,0.0147,1.97,5758.31,95,60.61,3750.0,0.65,0.014695900934645222,1.9700000000000002,60.613789473684214,0.6512327401616099,4.099065354777609e-06,-2.220446049250313e-16,-0.0037894736842147836,-0.001232740161609902,1.4695900934645223,1,1,1,1,0,0,0,0,0,0,0,0,0,0,0,0,0
2024-05-15,Meta Ads,Video,SaaS,Germany,143383,3412,0.0238,1.02,3480.24,117,29.75,19100.2,5.49,0.023796405431606257,1.02,29.745641025641024,5.488184722892675,3.5945683937443906e-06,0.0,0.004358974358975587,0.0018152771073252083,2.3796405431606256,1,1,1,1,0,0,0,0,0,0,0,0,0,0,0,0,0
2024-02-06,Meta Ads,Video,E-commerce,UAE,92469,2487,0.0269,0.6,1492.2,48,31.09,14164.35,9.49,0.02689550011355157,0.6,31.087500000000002,9.492259750703658,4.499886448430107e-06,0.0,0.0024999999999977263,-0.0022597507036579145,2.689550011355157,1,1,1,1,0,0,0,0,0,0,0,0,0,0,0,0,0
2024-11-09,Google Ads,Shopping,SaaS,Germany,30852,684,0.0222,1.59,1087.56,11,98.87,2813.84,2.59,0.022170361726954493,1.5899999999999999,98.8690909090909,2.5872963330758765,2.9638273045508312e-05,2.220446049250313e-16,0.0009090909091042931,0.0027036669241233824,2.2170361726954493,1,1,1,1,0,0,0,0,0,0,0,0,0,0,0,0,0
2024-11-16,Meta Ads,Search,Healthcare,Germany,87565,3213,0.0367,2.2,7068.6,106,66.68,13715.98,1.94,0.036692742534117515,2.2,66.68490566037737,1.9404096992332285,7.257465882488934e-06,0.0,-0.004905660377360732,-0.0004096992332285332,3.6692742534117513,1,1,1,1,0,0,0,0,0,0,0,0,0,0,0,0,0
2024-12-11,Google Ads,Shopping,EdTech,UK,154058,3728,0.0242,2.46,9170.88,125,73.37,7520.81,0.82,0.024198678419815912,2.46,73.36703999999999,0.8200750636798214,1.3215801840868457e-06,0.0,0.002960000000015839,-7.506367982146323e-05,2.419867841981591,1,1,1,1,0,0,0,0,0,0,0,0,0,0,0,0,0
2024-06-14,Google Ads,Display,SaaS,India,160579,7804,0.0486,1.36,10613.44,193,54.99,9996.49,0.94,0.04859913189146775,1.36,54.9919170984456,0.9418708731570536,8.681085322467808e-07,0.0,-0.0019170984455953999,-0.0018708731570536985,4.859913189146775,1,1,1,1,0,0,0,0,0,0,0,0,0,0,0,0,0
2024-10-24,TikTok Ads,Search,SaaS,UAE,34076,1363,0.04,1.14,1553.82,16,97.11,2219.67,1.43,0.03999882615330438,1.14,97.11375,1.4285245395219524,1.1738466956234817e-06,0.0,-0.0037499999999965894,0.0014754604780475855,3.9998826153304377,1,1,1,1,0,0,0,0,0,0,0,0,0,0,0,0,0
2024-05-29,TikTok Ads,Shopping,Healthcare,Germany,37261,1591,0.0427,1.08,1718.28,40,42.96,8930.04,5.2,0.042698800354257806,1.08,42.957,5.197080801731965,1.1996457421961648e-06,0.0,0.0030000000000001137,0.002919198268035217,4.26988003542578,1,1,1,1,0,0,0,0,0,0,0,0,0,0,0,0,0
2024-02-16,Meta Ads,Shopping,Fintech,USA,178553,7213,0.0404,2.28,16445.64,556,29.58,50559.85,3.07,0.04039696896719742,2.28,29.578489208633094,3.0743619585495,3.0310328025806577e-06,0.0,0.0015107913669041295,-0.004361958549500056,4.039696896719742,1,1,1,1,0,0,0,0,0,0,0,0,1,0,0,0,0
2024-03-06,Meta Ads,Search,Healthcare,Australia,132390,2780,0.021,1.01,2807.8,133,21.11,39444.5,14.05,0.020998564846287485,1.01,21.111278195488723,14.04818719282,1.4351537125159575e-06,0.0,-0.0012781954887230995,0.0018128071800003198,2.0998564846287486,1,1,1,1,0,0,0,0,0,0,0,0,0,0,0,0,0
2024-08-17,TikTok Ads,Search,Healthcare,Australia,166446,7822,0.047,1.15,8995.3,218,41.26,21100.54,2.35,0.04699422034774041,1.15,41.262844036697246,2.3457294364834973,5.779652259590984e-06,0.0,-0.0028440366972475317,0.00427056351650279,4.699422034774041,1,1,1,1,0,0,0,0,0,0,0,0,0,0,0,0,0
2024-10-30,TikTok Ads,Shopping,EdTech,Germany,158807,5859,0.0369,0.57,3339.63,73,45.75,7304.51,2.19,0.036893839692205006,0.5700000000000001,45.748356164383566,2.187221338890835,6.160307794995934e-06,-1.1102230246251565e-16,0.0016438356164343304,0.002778661109164915,3.6893839692205006,1,1,1,1,0,0,0,0,0,0,0,0,0,0,0,0,0
2024-10-18,Meta Ads,Video,EdTech,Australia,66265,1881,0.0284,2.04,3837.24,76,50.49,2782.02,0.73,0.028386025805478006,2.04,50.489999999999995,0.7250054726834912,1.3974194521995664e-05,0.0,7.105427357601002e-15,0.0049945273165087345,2.838602580547801,1,1,1,1,0,0,0,0,0,0,0,0,0,0,0,0,0
2024-02-11,Google Ads,Search,SaaS,UK,137156,5253,0.0383,2.15,11293.95,280,40.34,75085.66,6.65,0.03829945463559742,2.1500000000000004,40.33553571428572,6.648308164990991,5.453644025821269e-07,-4.440892098500626e-16,0.004464285714284699,0.0016918350090096013,3.829945463559742,1,1,1,1,0,0,0,0,0,0,0,0,0,0,0,0,0
2024-12-28,Google Ads,Shopping,Fintech,India,123292,2527,0.0205,3.55,8970.85,179,50.12,36566.56,4.08,0.02049605813840314,3.5500000000000003,50.116480446927376,4.076153318804795,3.941861596860191e-06,-4.440892098500626e-16,0.0035195530726213065,0.0038466811952053703,2.049605813840314,1,1,1,1,0,0,0,0,0,0,0,0,0,0,0,0,0
2024-08-07,TikTok Ads,Display,Fintech,UK,68642,3363,0.049,0.37,1244.31,37,33.63,8887.57,7.14,0.04899332770024183,0.37,33.629999999999995,7.142568973969509,6.672299758168909e-06,0.0,7.105427357601002e-15,-0.0025689739695096137,4.899332770024183,1,1,1,1,0,0,0,0,0,0,0,0,0,0,0,0,0
2024-02-20,Google Ads,Shopping,SaaS,Canada,147727,7534,0.051,2.33,17554.22,206,85.21,23788.98,1.36,0.0509994787682685,2.33,85.21466019417477,1.355171576976932,5.212317314984283e-07,0.0,-0.004660194174775256,0.004828423023068185,5.09994787682685,1,1,1,1,0,0,0,0,0,0,0,0,0,0,0,0,0
2024-03-10,TikTok Ads,Search,E-commerce,Australia,179818,11724,0.0652,1.03,12075.72,880,13.72,242039.99,20.04,0.06519925702654907,1.03,13.72240909090909,20.043524526901916,7.429734509289965e-07,0.0,-0.002409090909090139,-0.0035245269019164027,6.5199257026549065,1,1,1,1,0,0,0,0,1,0,0,0,1,0,1,1,0
2024-10-25,Google Ads,Display,Fintech,Australia,158481,6053,0.0382,1.63,9866.39,116,85.06,30091.81,3.05,0.03819385289088282,1.63,85.05508620689655,3.0499311298256,6.147109117178584e-06,0.0,0.0049137931034550775,6.887017439982657e-05,3.819385289088282,1,1,1,1,0,0,0,0,0,0,0,0,0,0,0,0,0
2024-06-10,TikTok Ads,Search,Fintech,India,12784,1055,0.0826,0.38,400.9,67,5.98,12031.35,30.01,0.08252503128911139,0.38,5.983582089552239,30.010850586181096,7.496871088862045e-05,0.0,-0.0035820895522382656,-0.0008505861810945703,8.252503128911139,1,1,1,1,0,0,0,0,0,0,0,0,0,0,0,1,0
2024-12-11,Meta Ads,Video,EdTech,Australia,117169,3304,0.0282,1.27,4196.08,83,50.56,20949.79,4.99,0.028198584949944098,1.27,50.55518072289156,4.992705096185011,1.4150500559015344e-06,0.0,0.004819277108438769,-0.0027050961850108024,2.81985849499441,1,1,1,1,0,0,0,0,0,0,0,0,0,0,0,0,0
2024-01-17,Meta Ads,Video,EdTech,Germany,190928,5078,0.0266,1.45,7363.1,186,39.59,47430.11,6.44,0.026596413307634292,1.4500000000000002,39.586559139784946,6.4415952519998365,3.586692365706301e-06,-2.220446049250313e-16,0.0034408602150577394,-0.0015952519998361225,2.6596413307634292,1,1,1,1,0,0,0,0,0,0,0,0,0,0,0,0,0
2024-12-12,Google Ads,Search,E-commerce,India,38512,1840,0.0478,1.34,2465.6,53,46.52,3324.76,1.35,0.04777731616119651,1.3399999999999999,46.52075471698113,1.3484587929915641,2.268383880349445e-05,2.220446049250313e-16,-0.0007547169811275012,0.001541207008435963,4.777731616119651,1,1,1,1,0,0,0,0,0,0,0,0,0,0,0,0,0
2024-02-11,Meta Ads,Video,SaaS,UAE,92986,2082,0.0224,1.73,3601.86,108,33.35,6838.55,1.9,0.022390467382186564,1.73,33.35055555555556,1.898616270482473,9.532617813435423e-06,0.0,-0.0005555555555574188,0.001383729517526966,2.2390467382186565,1,1,1,1,0,0,0,0,0,0,0,0,0,0,0,0,0
2024-04-29,Meta Ads,Search,Healthcare,UAE,80589,1160,0.0144,0.95,1102.0,75,14.69,21781.43,19.77,0.014394023998312425,0.95,14.693333333333333,19.765362976406532,5.976001687574978e-06,0.0,-0.0033333333333338544,0.004637023593467404,1.4394023998312424,1,1,1,1,0,0,0,0,0,0,0,0,0,0,0,1,0
2024-07-19,Meta Ads,Display,EdTech,India,140475,5043,0.0359,2.04,10287.72,327,31.46,96504.49,9.38,0.03589962626801922,2.04,31.46091743119266,9.380551764628121,3.7373198077950143e-07,0.0,-0.0009174311926578582,-0.0005517646281205657,3.5899626268019222,1,1,1,1,0,0,0,0,0,0,0,0,0,0,1,0,0
2024-09-09,Google Ads,Video,E-commerce,Canada,103348,1891,0.0183,1.54,2912.14,30,97.07,1064.02,0.37,0.018297402949258815,1.54,97.07133333333333,0.3653739174627594,2.5970507411855748e-06,0.0,-0.0013333333333349628,0.004626082537240617,1.8297402949258814,1,1,1,1,0,0,0,0,0,0,0,0,0,0,0,0,0
2024-01-17,Meta Ads,Search,EdTech,Australia,100343,3461,0.0345,1.08,3737.88,259,14.43,51755.16,13.85,0.034491693491324756,1.08,14.431969111969112,13.846126681434397,8.306508675247348e-06,0.0,-0.0019691119691120917,0.0038733185656028013,3.4491693491324757,1,1,1,1,0,0,0,0,0,0,0,0,0,0,0,0,0
2024-07-21,TikTok Ads,Display,SaaS,UAE,179039,14663,0.0819,1.36,19941.68,1151,17.33,281693.26,14.13,0.08189835734113797,1.36,17.325525629887053,14.125853990235527,1.6426588620305216e-06,0.0,0.0044743701129448255,0.004146009764474101,8.189835734113798,1,1,1,1,0,0,0,0,1,0,0,1,1,0,1,0,0
2024-04-20,Meta Ads,Display,SaaS,UK,13100,186,0.0142,1.5,279.0,10,27.9,1347.41,4.83,0.014198473282442748,1.5,27.9,4.829426523297491,1.5267175572531572e-06,0.0,0.0,0.0005734767025087351,1.4198473282442747,1,1,1,1,0,0,0,0,0,0,0,0,0,0,0,0,0
2024-02-04,Google Ads,Search,EdTech,UAE,167198,5132,0.0307,2.31,11854.92,120,98.79,19874.34,1.68,0.03069414705917535,2.31,98.791,1.6764634430261867,5.852940824651459e-06,0.0,-0.000999999999990564,0.0035365569738132763,3.069414705917535,1,1,1,1,0,0,0,0,0,0,0,0,0,0,0,0,0
2024-09-08,Meta Ads,Video,E-commerce,UK,35755,672,0.0188,2.01,1350.72,39,34.63,1411.24,1.04,0.01879457418542861,2.0100000000000002,34.63384615384616,1.044805733238569,5.425814571389381e-06,-4.440892098500626e-16,-0.0038461538461547207,-0.004805733238568921,1.8794574185428612,1,1,1,1,0,0,0,0,0,0,0,0,0,0,0,0,0
2024-04-17,Google Ads,Display,E-commerce,Germany,177420,7646,0.0431,2.42,18503.32,478,38.71,110744.54,5.99,0.043095479652801263,2.42,38.709874476987444,5.985117265442093,4.520347198735952e-06,0.0,0.00012552301255652765,0.00488273455790722,4.309547965280126,1,1,1,1,0,0,0,0,0,0,0,1,0,0,1,0,0
2024-02-21,Google Ads,Search,SaaS,UAE,195067,9129,0.0468,0.95,8672.55,128,67.75,24006.78,2.77,0.046799304854229576,0.95,67.754296875,2.7681339398446823,6.951457704254538e-07,0.0,-0.004296874999994316,0.0018660601553177614,4.6799304854229575,1,1,1,1,0,0,0,0,0,0,0,0,0,0,0,0,0
2024-01-30,Google Ads,Display,EdTech,USA,44435,1453,0.0327,2.68,3894.04,48,81.13,6345.04,1.63,0.03269944863283448,2.68,81.12583333333333,1.6294234265698349,5.513671655216212e-07,0.0,0.004166666666662877,0.0005765734301650394,3.269944863283448,1,1,1,1,0,0,0,0,0,0,0,0,0,0,0,0,0
2024-04-04,TikTok Ads,Search,SaaS,UAE,57448,2338,0.0407,0.5,1169.0,143,8.17,25654.56,21.95,0.040697674418604654,0.5,8.174825174825175,21.94573139435415,2.325581395345999e-06,0.0,-0.0048251748251750826,0.004268605645847856,4.069767441860465,1,1,1,1,0,0,0,0,0,0,0,0,0,0,0,1,0
2024-01-06,Google Ads,Video,E-commerce,UK,139158,3061,0.022,1.27,3887.47,118,32.94,15835.46,4.07,0.021996579427700887,1.27,32.94466101694915,4.07346166015429,3.420572299111385e-06,0.0,-0.00466101694915011,-0.0034616601542900582,2.199657942770089,1,1,1,1,0,0,0,0,0,0,0,0,0,0,0,0,0
2024-02-29,Meta Ads,Display,Healthcare,Germany,148463,4810,0.0324,2.11,10149.1,286,35.49,68709.26,6.77,0.03239864478018092,2.11,35.486363636363635,6.769985515957079,1.3552198190810993e-06,0.0,0.0036363636363674345,1.4484042920592799e-05,3.2398644780180916,1,1,1,1,0,0,0,0,0,0,0,0,0,0,0,0,0
2024-01-27,Meta Ads,Search,E-commerce,Australia,30123,554,0.0184,1.78,986.12,15,65.74,2874.83,2.92,0.0183912624904558,1.78,65.74133333333333,2.9152942846712366,8.737509544200217e-06,0.0,-0.0013333333333349628,0.004705715328763294,1.83912624904558,1,1,1,1,0,0,0,0,0,0,0,0,0,0,0,0,0
2024-01-05,Meta Ads,Shopping,E-commerce,USA,139257,2631,0.0189,1.61,4235.91,99,42.79,9781.28,2.31,0.018893125659751396,1.6099999999999999,42.7869696969697,2.3091331024502413,6.8743402486040606e-06,2.220446049250313e-16,0.0030303030303002743,0.0008668975497587716,1.8893125659751395,1,1,1,1,0,0,0,0,0,0,0,0,0,0,0,0,0
2024-07-06,Google Ads,Search,Healthcare,Germany,103053,2607,0.0253,2.19,5709.33,194,29.43,39533.49,6.92,0.025297662367907776,2.19,29.429536082474225,6.924365906332266,2.3376320922238736e-06,0.0,0.00046391752577434886,-0.0043659063322660785,2.5297662367907776,1,1,1,1,0,0,0,0,0,0,0,0,0,0,0,0,0
2024-02-29,Google Ads,Display,Fintech,Canada,44140,2101,0.0476,1.05,2206.05,55,40.11,6735.72,3.05,0.04759855006796557,1.05,40.11000000000001,3.053294349629428,1.4499320344363298e-06,0.0,-7.105427357601002e-15,-0.003294349629427984,4.759855006796557,1,1,1,1,0,0,0,0,0,0,0,0,0,0,0,0,0
2024-07-04,Meta Ads,Display,SaaS,India,88698,1073,0.0121,0.92,987.16,43,22.96,5727.99,5.8,0.01209722879884552,0.9199999999999999,22.95720930232558,5.802494023258641,2.771201154478861e-06,1.1102230246251565e-16,0.002790697674420528,-0.0024940232586407873,1.209722879884552,1,1,1,1,0,0,0,0,0,0,0,0,0,0,0,0,0
2024-01-12,Meta Ads,Display,EdTech,Canada,182011,1911,0.0105,0.55,1051.05,35,30.03,3848.31,3.66,0.010499365422968941,0.5499999999999999,30.029999999999998,3.661395747110033,6.34577031059444e-07,1.1102230246251565e-16,3.552713678800501e-15,-0.0013957471100329855,1.049936542296894,1,1,1,1,0,0,0,0,0,0,0,0,0,0,0,0,0
2024-01-20,TikTok Ads,Display,Fintech,India,29180,1464,0.0502,0.53,775.92,59,13.15,11729.57,15.12,0.05017135023989033,0.53,13.151186440677966,15.11698370966079,2.86497601096683e-05,0.0,-0.0011864406779658054,0.003016290339209249,5.0171350239890335,1,1,1,1,0,0,0,0,0,0,0,0,0,0,0,0,0
2024-01-13,Meta Ads,Video,E-commerce,UK,138686,2621,0.0189,1.52,3983.92,195,20.43,52398.49,13.15,0.018898807377817517,1.52,20.430358974358974,13.152495532038795,1.1926221824831718e-06,0.0,-0.0003589743589742511,-0.0024955320387949342,1.8898807377817517,1,1,1,1,0,0,0,0,0,0,0,0,0,0,0,0,0
2024-09-22,Google Ads,Search,Fintech,India,181976,7752,0.0426,1.72,13333.44,255,52.29,75491.87,5.66,0.04259902404712709,1.72,52.288000000000004,5.661844955240357,9.759528729058609e-07,0.0,0.001999999999995339,-0.0018449552403572156,4.259902404712709,1,1,1,1,0,0,0,0,0,0,0,0,0,0,0,0,0
2024-12-10,Google Ads,Shopping,Healthcare,UK,103902,3927,0.0378,1.16,4555.32,215,21.19,37434.38,8.22,0.03779523012069065,1.16,21.18753488372093,8.217727843488493,4.769879309349245e-06,0.0,0.0024651162790725323,0.0022721565115073616,3.779523012069065,1,1,1,1,0,0,0,0,0,0,0,0,0,0,0,0,0
2024-04-05,TikTok Ads,Display,SaaS,Canada,132081,10051,0.0761,0.71,7136.21,229,31.16,62261.45,8.72,0.07609724335824229,0.71,31.162489082969433,8.724722226503983,2.7566417577090663e-06,0.0,-0.002489082969432843,-0.004722226503982796,7.609724335824229,1,1,1,1,0,0,0,0,0,0,0,0,0,0,0,0,0
2024-05-18,Meta Ads,Video,E-commerce,UK,25077,341,0.0136,0.42,143.22,5,28.64,779.52,5.44,0.01359811779718467,0.42,28.644,5.442815249266862,1.882202815328693e-06,0.0,-0.003999999999997783,-0.002815249266861386,1.359811779718467,1,1,1,1,0,0,0,0,0,0,0,0,0,0,0,0,0
2024-04-16,Meta Ads,Video,E-commerce,UAE,113987,3579,0.0314,0.76,2720.04,229,11.88,31787.48,11.69,0.03139831735197873,0.76,11.877903930131005,11.686401670563669,1.682648021264499e-06,0.0,0.002096069868995798,0.0035983294363308715,3.1398317351978733,1,1,1,1,0,0,0,0,0,0,0,0,0,0,0,0,0
2024-03-20,Meta Ads,Shopping,Fintech,Canada,14705,363,0.0247,0.94,341.22,4,85.31,738.37,2.16,0.02468548112886773,0.9400000000000001,85.305,2.1639118457300275,1.4518871132268574e-05,-1.1102230246251565e-16,0.0049999999999954525,-0.003911845730027341,2.468548112886773,1,1,1,1,0,0,0,0,0,0,0,0,0,0,0,0,0
2024-06-02,Google Ads,Search,EdTech,USA,16955,440,0.026,1.82,800.8,30,26.69,3274.44,4.09,0.025951046888823357,1.8199999999999998,26.69333333333333,4.088961038961039,4.8953111176641695e-05,2.220446049250313e-16,-0.0033333333333303017,0.0010389610389607284,2.5951046888823357,1,1,1,1,0,0,0,0,0,0,0,0,0,0,0,0,0
2024-09-22,Meta Ads,Display,E-commerce,India,127082,2452,0.0193,2.18,5345.36,53,100.86,8408.45,1.57,0.019294628664956483,2.1799999999999997,100.85584905660377,1.573037176167742,5.3713350435177776e-06,4.440892098500626e-16,0.0041509433962261255,-0.0030371761677419062,1.9294628664956484,1,1,1,1,0,0,0,0,0,0,0,0,0,0,0,0,0
2024-02-13,Meta Ads,Video,E-commerce,India,57299,1186,0.0207,1.35,1601.1,25,64.04,5383.27,3.36,0.02069844150857781,1.3499999999999999,64.044,3.362232215351946,1.5584914221898616e-06,2.220446049250313e-16,-0.003999999999990678,-0.0022322153519462873,2.069844150857781,1,1,1,1,0,0,0,0,0,0,0,0,0,0,0,0,0
2024-06-19,Meta Ads,Shopping,Fintech,Australia,134986,4346,0.0322,1.63,7083.98,149,47.54,28100.44,3.97,0.032195931429926064,1.63,47.543489932885905,3.966758799431958,4.068570073935407e-06,0.0,-0.003489932885905489,0.003241200568042224,3.2195931429926063,1,1,1,1,0,0,0,0,0,0,0,0,0,0,0,0,0
2024-07-22,Google Ads,Display,E-commerce,Australia,12546,725,0.0578,1.45,1051.25,43,24.45,2269.78,2.16,0.05778734257930815,1.45,24.447674418604652,2.15912485136742,1.2657420691848664e-05,0.0,0.0023255813953468873,0.0008751486325802027,5.7787342579308145,1,1,1,1,0,0,0,0,0,0,0,0,0,0,0,0,0
2024-05-27,Google Ads,Search,Fintech,Canada,161554,6252,0.0387,3.05,19068.6,361,52.82,57767.01,3.03,0.03869913465466655,3.05,52.82160664819944,3.0294311066360406,8.653453334450667e-07,0.0,-0.0016066481994414517,0.0005688933639591554,3.8699134654666554,1,1,1,1,0,0,0,0,0,0,0,1,0,0,0,0,0
2024-01-25,Meta Ads,Search,Healthcare,India,27499,728,0.0265,1.07,778.96,17,45.82,3860.75,4.96,0.026473689952361903,1.07,45.821176470588235,4.956287871007497,2.6310047638096468e-05,0.0,-0.0011764705882342241,0.003712128992503061,2.64736899523619,1,1,1,1,0,0,0,0,0,0,0,0,0,0,0,0,0
2024-12-20,TikTok Ads,Display,EdTech,India,153936,5895,0.0383,0.89,5246.55,373,14.07,85268.07,16.25,0.03829513564078578,0.89,14.065817694369974,16.252217171283988,4.864359214221126e-06,0.0,0.004182305630026306,-0.0022171712839877955,3.829513564078578,1,1,1,1,0,0,0,0,0,0,0,0,0,0,0,0,0
2024-04-07,TikTok Ads,Display,E-commerce,Germany,41232,1859,0.0451,1.06,1970.54,126,15.64,22069.99,11.2,0.04508634070624758,1.06,15.639206349206349,11.199970566443717,1.3659293752424362e-05,0.0,0.000793650793651679,2.9433556282043583e-05,4.508634070624757,1,1,1,1,0,0,0,0,0,0,0,0,0,0,0,0,0
2024-02-16,Meta Ads,Video,Healthcare,Canada,133088,5243,0.0394,1.68,8808.24,226,38.97,48389.85,5.49,0.039394986775667225,1.68,38.97451327433628,5.493702487670635,5.013224332772737e-06,0.0,-0.004513274336282791,-0.0037024876706350796,3.9394986775667227,1,1,1,1,0,0,0,0,0,0,0,0,0,0,0,0,0
2024-04-18,Meta Ads,Search,SaaS,Australia,33082,340,0.0103,1.86,632.4,9,70.27,2116.06,3.35,0.010277492291880781,1.8599999999999999,70.26666666666667,3.346078431372549,2.2507708119219247e-05,2.220446049250313e-16,0.0033333333333303017,0.0039215686274509665,1.027749229188078,1,1,1,1,0,0,0,0,0,0,0,0,0,0,0,0,0
2024-04-16,Meta Ads,Display,Fintech,Germany,179504,5026,0.028,1.11,5578.86,203,27.48,10121.88,1.81,0.027999376058472233,1.1099999999999999,27.48206896551724,1.8143276583388004,6.239415277671523e-07,2.220446049250313e-16,-0.0020689655172390076,-0.004327658338800333,2.7999376058472234,1,1,1,1,0,0,0,0,0,0,0,0,0,0,0,0,0
2024-06-11,Meta Ads,Shopping,Healthcare,USA,16344,534,0.0327,0.9,480.6,11,43.69,465.35,0.97,0.03267254038179148,0.9,43.690909090909095,0.9682688306283812,2.745961820851961e-05,0.0,-0.0009090909090971877,0.0017311693716187682,3.267254038179148,1,1,1,1,0,0,0,0,0,0,0,0,0,0,0,0,0
2024-03-05,TikTok Ads,Display,E-commerce,Canada,196312,12642,0.0644,1.28,16181.76,584,27.71,148695.91,9.19,0.06439748971025715,1.28,27.70849315068493,9.189106129370353,2.5102897428519455e-06,0.0,0.001506849315070724,0.0008938706296461874,6.439748971025715,1,1,1,1,0,0,0,0,1,0,0,0,1,0,1,0,0
2024-10-31,TikTok Ads,Shopping,E-commerce,USA,17626,1113,0.0632,0.54,601.02,50,12.02,2568.51,4.27,0.06314535345512311,0.54,12.0204,4.273584905660377,5.464654487689902e-05,0.0,-0.0004000000000008441,-0.003584905660377835,6.3145353455123105,1,1,1,1,0,0,0,0,0,0,0,0,0,0,0,0,0
2024-05-22,Meta Ads,Shopping,SaaS,Germany,46603,955,0.0205,0.69,658.95,23,28.65,2614.49,3.97,0.0204922429886488,0.6900000000000001,28.650000000000002,3.9676606722816596,7.757011351201826e-06,-1.1102230246251565e-16,-3.552713678800501e-15,0.002339327718340556,2.04922429886488,1,1,1,1,0,0,0,0,0,0,0,0,0,0,0,0,0
2024-01-28,Meta Ads,Search,EdTech,UAE,113878,3678,0.0323,0.92,3383.76,216,15.67,62162.63,18.37,0.032297722123676216,0.92,15.665555555555557,18.37087441189682,2.2778763237862876e-06,0.0,0.004444444444443363,-0.0008744118968202486,3.229772212367622,1,1,1,1,0,0,0,0,0,0,0,0,0,0,0,1,0
2024-05-24,Meta Ads,Display,E-commerce,Canada,196354,2945,0.015,1.11,3268.95,177,18.47,7478.3,2.29,0.014998421218819072,1.1099999999999999,18.46864406779661,2.2876764710381012,1.5787811809275798e-06,2.220446049250313e-16,0.0013559322033884769,0.002323528961898802,1.4998421218819071,1,1,1,1,0,0,0,0,0,0,0,0,0,0,0,0,0
2024-07-25,Meta Ads,Video,EdTech,Australia,62194,2039,0.0328,1.84,3751.76,129,29.08,23854.38,6.36,0.03278451297552819,1.84,29.08341085271318,6.358183892359852,1.5487024471814992e-05,0.0,-0.0034108527131806454,0.001816107640148168,3.278451297552819,1,1,1,1,0,0,0,0,0,0,0,0,0,0,0,0,0
2024-11-17,TikTok Ads,Shopping,Healthcare,Germany,56069,2949,0.0526,0.85,2506.65,150,16.71,29064.28,11.59,0.05259590861260233,0.85,16.711000000000002,11.59486964673967,4.091387397674173e-06,0.0,-0.0010000000000012221,-0.004869646739670941,5.259590861260232,1,1,1,1,0,0,0,0,0,0,0,0,0,0,0,0,0
2024-07-18,Meta Ads,Search,EdTech,UAE,18706,458,0.0245,0.44,201.52,35,5.76,7330.28,36.37,0.024484122741366406,0.44,5.757714285714286,36.37495037713378,1.5877258633594654e-05,0.0,0.00228571428571378,-0.004950377133781103,2.4484122741366408,1,1,1,1,0,0,0,0,0,0,0,0,0,0,0,1,0
2024-03-22,TikTok Ads,Video,SaaS,Canada,49390,3368,0.0682,1.65,5557.2,195,28.5,57395.9,10.33,0.06819194168860093,1.65,28.498461538461537,10.328204851363997,8.058311399064544e-06,0.0,0.0015384615384625988,0.001795148636002608,6.819194168860093,1,1,1,1,0,0,0,0,0,0,0,0,0,0,0,0,0
2024-07-19,Google Ads,Shopping,Fintech,India,23773,461,0.0194,1.6,737.6,5,147.52,642.97,0.87,0.019391746939805662,1.6,147.52,0.8717055314533623,8.25306019433883e-06,0.0,0.0,-0.0017055314533622745,1.939174693980566,1,1,1,1,0,0,0,0,0,0,0,0,0,1,0,0,0
2024-09-03,Meta Ads,Search,E-commerce,Canada,19959,586,0.0294,1.99,1166.14,17,68.6,4432.12,3.8,0.029360188386191692,1.9900000000000002,68.5964705882353,3.8006757336168895,3.981161380830697e-05,-2.220446049250313e-16,0.0035294117646884615,-0.0006757336168896622,2.936018838619169,1,1,1,1,0,0,0,0,0,0,0,0,0,0,0,0,0
2024-01-30,Meta Ads,Display,Fintech,UAE,166155,6048,0.0364,1.46,8830.08,260,33.96,28494.38,3.23,0.03639974722397761,1.46,33.96184615384615,3.2269673660940787,2.5277602239137664e-07,0.0,-0.0018461538461522764,0.0030326339059212337,3.639974722397761,1,1,1,1,0,0,0,0,0,0,0,0,0,0,0,0,0
2024-02-28,TikTok Ads,Shopping,SaaS,UAE,50819,3206,0.0631,0.95,3045.7,222,13.72,24319.42,7.98,0.06308664082331411,0.95,13.71936936936937,7.984837639951407,1.3359176685892593e-05,0.0,0.0006306306306314013,-0.004837639951406736,6.308664082331411,1,1,1,1,0,0,0,0,0,0,0,0,0,0,0,0,0
2024-08-28,Google Ads,Display,Healthcare,UK,15796,301,0.0191,1.91,574.91,17,33.82,1137.71,1.98,0.0190554570777412,1.91,33.81823529411764,1.9789358334347986,4.454292225879869e-05,0.0,0.0017647058823584416,0.0010641665652013632,1.90554570777412,1,1,1,1,0,0,0,0,0,0,0,0,0,0,0,0,0
2024-02-24,TikTok Ads,Display,E-commerce,India,133422,8458,0.0634,0.82,6935.56,663,10.46,111531.65,16.08,0.06339284375890034,0.8200000000000001,10.460874811463047,16.08113115595568,7.156241099662286e-06,-1.1102230246251565e-16,-0.0008748114630456882,-0.0011311559556830275,6.339284375890034,1,1,1,1,0,0,0,0,0,0,0,0,1,0,1,0,0
2024-04-28,Meta Ads,Video,EdTech,Germany,181026,2769,0.0153,1.06,2935.14,155,18.94,18246.01,6.22,0.015296145305094296,1.06,18.936387096774194,6.2164019433485285,3.854694905703476e-06,0.0,0.003612903225807429,0.003598056651471282,1.5296145305094295,1,1,1,1,0,0,0,0,0,0,0,0,0,0,0,0,0
2024-03-17,Meta Ads,Shopping,E-commerce,Germany,57784,907,0.0157,1.21,1097.47,54,20.32,2856.1,2.6,0.01569638654298768,1.21,20.32351851851852,2.602440157817526,3.6134570123198817e-06,0.0,-0.0035185185185184764,-0.002440157817525712,1.569638654298768,1,1,1,1,0,0,0,0,0,0,0,0,0,0,0,0,0
2024-06-22,Meta Ads,Search,E-commerce,India,81023,1944,0.024,1.31,2546.64,146,17.44,32752.99,12.86,0.02399318711970675,1.3099999999999998,17.442739726027398,12.861256400590584,6.81288029324989e-06,2.220446049250313e-16,-0.002739726027396472,-0.0012564005905844056,2.399318711970675,1,1,1,1,0,0,0,0,0,0,0,0,0,0,0,0,0
2024-07-08,Google Ads,Shopping,EdTech,USA,93623,6319,0.0675,1.25,7898.75,83,95.17,20925.73,2.65,0.06749409867233479,1.25,95.16566265060241,2.649245766735243,5.901327665217004e-06,0.0,0.004337349397587786,0.0007542332647569872,6.749409867233479,1,1,1,1,0,0,0,0,0,0,0,0,0,0,0,0,0
2024-05-12,TikTok Ads,Search,EdTech,Germany,118483,8826,0.0745,1.69,14915.94,570,26.17,139364.5,9.34,0.07449169923111332,1.69,26.168315789473684,9.343326669321545,8.3007688866793e-06,0.0,0.0016842105263172868,-0.003326669321545239,7.449169923111332,1,1,1,1,0,0,0,0,0,0,0,0,1,0,1,0,0
2024-04-30,Google Ads,Shopping,Healthcare,UAE,155018,9146,0.059,2.96,27072.16,495,54.69,33297.83,1.23,0.05899960004644622,2.96,54.69123232323232,1.2299657655687615,3.999535537757559e-07,0.0,-0.0012323232323225852,3.423443123851122e-05,5.899960004644623,1,1,1,1,0,0,0,0,0,0,0,1,0,0,0,0,0
2024-11-03,Google Ads,Search,EdTech,Canada,13614,744,0.0547,2.97,2209.68,54,40.92,11111.12,5.03,0.054649625385632436,2.9699999999999998,40.919999999999995,5.028384200427212,5.037461436756263e-05,4.440892098500626e-16,7.105427357601002e-15,0.0016157995727885677,5.464962538563244,1,1,1,1,0,0,0,0,0,0,0,0,0,0,0,0,0
2024-12-16,Google Ads,Display,SaaS,Australia,7594,225,0.0297,1.19,267.75,7,38.25,1275.11,4.76,0.02962865420068475,1.19,38.25,4.762315592903827,7.134579931524984e-05,0.0,0.0,-0.002315592903827657,2.962865420068475,1,1,1,1,0,0,0,0,0,0,0,0,0,0,0,0,0
2024-08-16,TikTok Ads,Search,E-commerce,Australia,161640,5916,0.0366,0.46,2721.36,445,6.12,30797.18,11.32,0.03659985152190052,0.46,6.115415730337079,11.31683422994385,1.4847809948204116e-07,0.0,0.0045842696629208035,0.003165770056149597,3.659985152190052,1,1,1,1,0,0,0,0,0,0,0,0,0,0,0,0,0
2024-12-23,Google Ads,Video,E-commerce,UAE,83845,2599,0.031,2.69,6991.31,137,51.03,29891.75,4.28,0.030997674279921283,2.69,51.0314598540146,4.2755577996112315,2.3257200787163423e-06,0.0,-0.0014598540145982497,0.004442200388768747,3.0997674279921283,1,1,1,1,0,0,0,0,0,0,0,0,0,0,0,0,0
2024-05-17,Google Ads,Display,Healthcare,Germany,195610,9956,0.0509,2.37,23595.72,401,58.84,116291.87,4.93,0.050897193395020704,2.37,58.84219451371571,4.928515425678894,2.806604979296856e-06,0.0,-0.002194513715707558,0.0014845743211058249,5.089719339502071,1,1,1,1,0,0,0,0,0,0,0,1,0,0,1,0,0
2024-09-14,Google Ads,Display,Healthcare,UAE,63812,2686,0.0421,2.98,8004.28,84,95.29,6979.61,0.87,0.0420923964144675,2.98,95.28904761904762,0.8719847381650817,7.603585532499346e-06,0.0,0.0009523809523841464,-0.001984738165081712,4.20923964144675,1,1,1,1,0,0,0,0,0,0,0,0,0,0,0,0,0
2024-08-28,Google Ads,Video,Fintech,UAE,33794,1030,0.0305,1.75,1802.5,25,72.1,1849.39,1.03,0.030478783215955495,1.75,72.1,1.02601386962552,2.1216784044503917e-05,0.0,0.0,0.003986130374479924,3.0478783215955496,1,1,1,1,0,0,0,0,0,0,0,0,0,0,0,0,0
2024-06-15,Meta Ads,Shopping,Fintech,India,130056,3537,0.0272,0.58,2051.46,207,9.91,27550.99,13.43,0.027195977117549362,0.58,9.910434782608696,13.429942577481404,4.022882450636228e-06,0.0,-0.000434782608696338,5.742251859608416e-05,2.719597711754936,1,1,1,1,0,0,0,0,0,0,0,0,0,0,0,0,0
2024-12-29,Google Ads,Shopping,SaaS,Canada,149438,3287,0.022,3.73,12260.51,153,80.13,8351.95,0.68,0.021995744054390448,3.73,80.1340522875817,0.6812073885996587,4.255945609550615e-06,0.0,-0.004052287581700398,-0.001207388599658632,2.1995744054390447,1,1,1,1,0,0,0,0,0,0,1,0,0,0,0,0,0
2024-01-17,Meta Ads,Shopping,Healthcare,Canada,185750,1653,0.0089,1.3,2148.9,34,63.2,2916.11,1.36,0.008899057873485869,1.3,63.20294117647059,1.3570245241751593,9.421265141310725e-07,0.0,-0.0029411764705855603,0.002975475824840812,0.8899057873485869,1,1,1,1,0,0,0,0,0,0,0,0,0,0,0,0,0
2024-07-29,Meta Ads,Video,SaaS,India,24750,747,0.0302,1.19,888.93,48,18.52,1738.76,1.96,0.03018181818181818,1.19,18.519375,1.9560145343277875,1.8181818181819964e-05,0.0,0.0006249999999994316,0.003985465672212474,3.018181818181818,1,1,1,1,0,0,0,0,0,0,0,0,0,0,0,0,0
2024-11-16,TikTok Ads,Shopping,Fintech,UK,66262,3790,0.0572,1.07,4055.3,150,27.04,24443.12,6.03,0.05719718692463252,1.07,27.035333333333334,6.027450496880625,2.813075367480433e-06,0.0,0.0046666666666652645,0.002549503119375629,5.719718692463252,1,1,1,1,0,0,0,0,0,0,0,0,0,0,0,0,0
2024-05-09,TikTok Ads,Video,E-commerce,UK,126854,7243,0.0571,0.81,5866.83,474,12.38,55705.28,9.49,0.0570971352893878,0.8099999999999999,12.377278481012658,9.494953833671676,2.864710612199284e-06,1.1102230246251565e-16,0.0027215189873430745,-0.004953833671676122,5.70971352893878,1,1,1,1,0,0,0,0,0,0,0,0,0,0,0,0,0
2024-09-19,Meta Ads,Video,EdTech,Canada,32559,553,0.017,0.71,392.63,6,65.44,1500.74,3.82,0.016984551122577476,0.71,65.43833333333333,3.8222754247000994,1.5448877422524765e-05,0.0,0.0016666666666651508,-0.0022754247000995598,1.6984551122577476,1,1,1,1,0,0,0,0,0,0,0,0,0,0,0,0,0
2024-07-27,Google Ads,Search,SaaS,UAE,85729,1757,0.0205,3.02,5306.14,90,58.96,21584.82,4.07,0.02049481505674859,3.02,58.95711111111112,4.067894929270619,5.184943251409363e-06,0.0,0.0028888888888829456,0.0021050707293817084,2.049481505674859,1,1,1,1,0,0,0,0,0,0,0,0,0,0,0,0,0
2024-12-08,Meta Ads,Shopping,E-commerce,India,126432,1567,0.0124,1.65,2585.55,110,23.51,31358.68,12.13,0.01239401417362693,1.6500000000000001,23.505000000000003,12.128436889636633,5.98582637306895e-06,-2.220446049250313e-16,0.004999999999999005,0.001563110363367315,1.239401417362693,1,1,1,1,0,0,0,0,0,0,0,0,0,0,0,0,0
2024-03-28,Meta Ads,Search,Fintech,UK,196595,2614,0.0133,0.38,993.32,28,35.48,6376.7,6.42,0.01329637071136092,0.38,35.47571428571429,6.419582813192123,3.6292886390794366e-06,0.0,0.004285714285707343,0.0004171868078772789,1.329637071136092,1,1,1,1,0,0,0,0,0,0,0,0,0,0,0,0,0
2024-09-24,Meta Ads,Search,E-commerce,UK,14028,342,0.0244,1.89,646.38,7,92.34,716.51,1.11,0.024379811804961505,1.89,92.34,1.1084965500170179,2.0188195038496615e-05,0.0,0.0,0.0015034499829822412,2.4379811804961506,1,1,1,1,0,0,0,0,0,0,0,0,0,0,0,0,0
2024-03-21,Google Ads,Display,Healthcare,Canada,77964,2915,0.0374,3.38,9852.7,161,61.2,14283.0,1.45,0.03738905135703658,3.3800000000000003,61.19689440993789,1.4496533945009997,1.0948642963422295e-05,-4.440892098500626e-16,0.0031055900621126398,0.00034660549900022986,3.738905135703658,1,1,1,1,0,0,0,0,0,0,0,0,0,0,0,0,0
2024-04-12,Google Ads,Search,Fintech,UK,102677,3131,0.0305,3.67,11490.77,79,145.45,13056.26,1.14,0.030493684077251965,3.67,145.4527848101266,1.1362389117526501,6.315922748034025e-06,0.0,-0.0027848101265988134,0.0037610882473497753,3.0493684077251966,1,1,1,1,0,0,0,0,0,0,0,0,0,1,0,0,0
2024-12-29,Google Ads,Search,Fintech,Germany,137737,3925,0.0285,0.9,3532.5,78,45.29,11545.1,3.27,0.028496337222387595,0.9,45.28846153846154,3.26825194621373,3.6627776124065203e-06,0.0,0.001538461538459046,0.0017480537862701873,2.8496337222387593,1,1,1,1,0,0,0,0,0,0,0,0,0,0,0,0,0
2024-05-05,Google Ads,Shopping,EdTech,USA,93534,3544,0.0379,0.95,3366.8,187,18.0,32280.5,9.59,0.03788996514636389,0.9500000000000001,18.00427807486631,9.587887608411547,1.0034853636112229e-05,-1.1102230246251565e-16,-0.004278074866309822,0.0021123915884526667,3.788996514636389,1,1,1,1,0,0,0,0,0,0,0,0,0,0,0,0,0
2024-06-17,Google Ads,Video,Fintech,Australia,127475,7342,0.0576,2.34,17180.28,574,29.93,74747.49,4.35,0.05759560698176113,2.34,29.93080139372822,4.350772513602806,4.393018238867119e-06,0.0,-0.0008013937282207451,-0.0007725136028060575,5.759560698176113,1,1,1,1,0,0,0,0,0,0,0,0,1,0,0,0,0
2024-09-09,Google Ads,Display,SaaS,USA,82700,2679,0.0324,0.86,2303.94,140,16.46,20788.45,9.02,0.032394195888754536,0.86,16.456714285714288,9.02299973089577,5.804111245462373e-06,0.0,0.003285714285713226,-0.002999730895769659,3.2394195888754536,1,1,1,1,0,0,0,0,0,0,0,0,0,0,0,0,0
2024-05-19,TikTok Ads,Shopping,E-commerce,UK,96432,7155,0.0742,0.35,2504.25,336,7.45,47954.95,19.15,0.0741973618715779,0.35,7.453125,19.14942597584107,2.6381284221055346e-06,0.0,-0.0031249999999998224,0.000574024158929376,7.41973618715779,1,1,1,1,0,0,0,0,0,0,0,0,0,0,0,1,0
2024-12-06,TikTok Ads,Shopping,SaaS,USA,154656,6557,0.0424,0.4,2622.8,345,7.6,49646.11,18.93,0.042397320504862404,0.4,7.602318840579711,18.928667835900562,2.6794951375960774e-06,0.0,-0.002318840579711434,0.0013321640994377049,4.23973205048624,1,1,1,1,0,0,0,0,0,0,0,0,0,0,0,1,0
2024-06-22,Google Ads,Video,Healthcare,UK,115415,3866,0.0335,3.29,12719.14,280,45.43,61322.57,4.82,0.033496512585019275,3.29,45.4255,4.821282728234771,3.4874149807267996e-06,0.0,0.0045000000000001705,-0.0012827282347709357,3.3496512585019276,1,1,1,1,0,0,0,0,0,0,0,0,0,0,0,0,0
2024-09-14,Google Ads,Search,E-commerce,Canada,157963,5607,0.0355,0.88,4934.16,205,24.07,50937.22,10.32,0.035495654045567634,0.88,24.069073170731706,10.3233822981014,4.345954432362353e-06,0.0,0.0009268292682946822,-0.0033822981013997833,3.5495654045567635,1,1,1,1,0,0,0,0,0,0,0,0,0,0,0,0,0
2024-06-06,Meta Ads,Video,Fintech,Canada,133684,2018,0.0151,1.72,3470.96,44,78.89,11449.27,3.3,0.015095299362676161,1.72,78.88545454545455,3.2985888630234865,4.7006373238393795e-06,0.0,0.004545454545450411,0.0014111369765132942,1.5095299362676162,1,1,1,1,0,0,0,0,0,0,0,0,0,0,0,0,0
2024-01-05,Google Ads,Shopping,Healthcare,UAE,20091,956,0.0476,3.41,3259.96,36,90.55,9230.05,2.83,0.04758349509730725,3.41,90.55444444444444,2.8313384213303228,1.6504902692754397e-05,0.0,-0.004444444444445139,-0.0013384213303226922,4.758349509730725,1,1,1,1,0,0,0,0,0,0,0,0,0,0,0,0,0
2024-12-19,Google Ads,Display,E-commerce,Canada,126946,6728,0.053,2.31,15541.68,132,117.74,34256.99,2.2,0.05299891292360531,2.31,117.74000000000001,2.204201218915844,1.0870763946860262e-06,0.0,-1.4210854715202004e-14,-0.004201218915843796,5.299891292360531,1,1,1,1,0,0,0,0,0,0,0,0,0,1,0,0,0
2024-12-30,TikTok Ads,Search,Healthcare,Germany,8311,476,0.0573,1.61,766.36,18,42.58,1064.02,1.39,0.05727349296113585,1.61,42.57555555555555,1.3884075369278146,2.6507038864150012e-05,0.0,0.004444444444445139,0.0015924630721853017,5.727349296113585,1,1,1,1,0,0,0,0,0,0,0,0,0,0,0,0,0
2024-04-26,Google Ads,Video,Healthcare,UK,140091,7242,0.0517,2.52,18249.84,347,52.59,24525.17,1.34,0.051694969698267555,2.52,52.59319884726225,1.3438567132643353,5.030301732447673e-06,0.0,-0.003198847262247284,-0.003856713264335232,5.169496969826755,1,1,1,1,0,0,0,0,0,0,0,1,0,0,0,0,0
2024-05-16,TikTok Ads,Shopping,E-commerce,Canada,140121,4778,0.0341,0.86,4109.08,291,14.12,84859.67,20.65,0.03409910006351653,0.86,14.120549828178694,20.65174442940999,8.99936483465813e-07,0.0,-0.0005498281786948667,-0.0017444294099924207,3.4099100063516534,1,1,1,1,0,0,0,0,0,0,0,0,0,0,0,1,0
2024-07-31,Meta Ads,Display,Fintech,UK,159301,6738,0.0423,2.18,14688.84,302,48.64,57570.61,3.92,0.042297286269389396,2.18,48.63854304635762,3.919343528828689,2.713730610601206e-06,0.0,0.001456953642382075,0.0006564711713110682,4.22972862693894,1,1,1,1,0,0,0,0,0,0,0,0,0,0,0,0,0
2024-01-16,TikTok Ads,Shopping,SaaS,Germany,88940,4384,0.0493,0.32,1402.88,66,21.26,10447.12,7.45,0.049291657297054196,0.32,21.255757575757578,7.446909215328467,8.342702945800251e-06,0.0,0.004242424242423937,0.003090784671533342,4.92916572970542,1,1,1,1,0,0,0,0,0,0,0,0,0,0,0,0,0
2024-08-04,Meta Ads,Search,Fintech,Canada,194287,5032,0.0259,0.85,4277.2,338,12.65,32920.35,7.7,0.025899828604075414,0.85,12.654437869822484,7.696705788833817,1.7139592458498276e-07,0.0,-0.00443786982248362,0.0032942111661835582,2.5899828604075417,1,1,1,1,0,0,0,0,0,0,0,0,0,0,0,0,0
2024-02-08,TikTok Ads,Search,Healthcare,India,17911,1148,0.0641,1.15,1320.2,52,25.39,3388.21,2.57,0.06409469041371224,1.1500000000000001,25.388461538461538,2.56643690349947,5.309586287763346e-06,-2.220446049250313e-16,0.0015384615384625988,0.003563096500529994,6.409469041371224,1,1,1,1,0,0,0,0,0,0,0,0,0,0,0,0,0
2024-07-22,Meta Ads,Display,SaaS,UK,9909,170,0.0172,1.86,316.2,10,31.62,1238.47,3.92,0.01715612069835503,1.8599999999999999,31.619999999999997,3.9167299177735613,4.387930164496956e-05,2.220446049250313e-16,3.552713678800501e-15,0.003270082226438653,1.715612069835503,1,1,1,1,0,0,0,0,0,0,0,0,0,0,0,0,0
2024-01-18,TikTok Ads,Search,E-commerce,India,168616,6508,0.0386,1.02,6638.16,508,13.07,151081.09,22.76,0.038596574465056696,1.02,13.067244094488188,22.759483049519748,3.4255349433062743e-06,0.0,0.002755905511811818,0.0005169504802537972,3.8596574465056697,1,1,1,1,0,0,0,0,0,0,0,0,0,0,1,1,0
2024-09-29,Meta Ads,Shopping,Healthcare,Germany,139346,4096,0.0294,0.62,2539.52,236,10.76,12521.54,4.93,0.029394456963242575,0.62,10.760677966101694,4.930671938004033,5.543036757423708e-06,0.0,-0.0006779661016942384,-0.0006719380040332013,2.9394456963242575,1,1,1,1,0,0,0,0,0,0,0,0,0,0,0,0,0
2024-03-15,Meta Ads,Search,Fintech,UK,98740,1589,0.0161,2.09,3321.01,47,70.66,5063.31,1.52,0.01609276888798866,2.0900000000000003,70.65978723404255,1.5246295554665599,7.231112011341079e-06,-4.440892098500626e-16,0.00021276595744268434,-0.004629555466559854,1.6092768887988658,1,1,1,1,0,0,0,0,0,0,0,0,0,0,0,0,0
2024-06-02,TikTok Ads,Video,EdTech,India,26471,1890,0.0714,0.94,1776.6,74,24.01,21647.86,12.18,0.0713988893506101,0.94,24.008108108108107,12.184993808398065,1.1106493899015746e-06,0.0,0.001891891891894204,-0.0049938083980656245,7.13988893506101,1,1,1,1,0,0,0,0,0,0,0,0,0,0,0,0,0
2024-07-25,Meta Ads,Display,Healthcare,USA,174048,3846,0.0221,1.74,6692.04,75,89.23,18304.27,2.74,0.02209735245449531,1.74,89.2272,2.7352302138062536,2.647545504691484e-06,0.0,0.0028000000000076852,0.004769786193746572,2.209735245449531,1,1,1,1,0,0,0,0,0,0,0,0,0,0,0,0,0
2024-04-01,Meta Ads,Search,Healthcare,Australia,8877,230,0.026,0.76,174.8,9,19.42,1921.06,10.99,0.025909654162442265,0.76,19.422222222222224,10.990045766590388,9.03458375577336e-05,0.0,-0.0022222222222225696,-4.5766590387685824e-05,2.5909654162442264,1,1,1,1,0,0,0,0,0,0,0,0,0,0,0,0,0
2024-05-13,Meta Ads,Shopping,EdTech,Germany,32488,919,0.0283,1.93,1773.67,32,55.43,7341.13,4.14,0.02828736764343758,1.9300000000000002,55.4271875,4.138949184459341,1.2632356562420483e-05,-2.220446049250313e-16,0.002812499999997442,0.0010508155406583342,2.8287367643437578,1,1,1,1,0,0,0,0,0,0,0,0,0,0,0,0,0
2024-11-10,Google Ads,Search,Healthcare,USA,77968,3001,0.0385,2.85,8552.85,193,44.32,31448.71,3.68,0.038490149805048224,2.85,44.31528497409327,3.676986033895134,9.850194951775693e-06,0.0,0.004715025906733672,0.0030139661048660393,3.8490149805048226,1,1,1,1,0,0,0,0,0,0,0,0,0,0,0,0,0
2024-07-31,TikTok Ads,Video,Fintech,UAE,10156,474,0.0467,0.31,146.94,29,5.07,1480.61,10.08,0.04667191807798346,0.31,5.066896551724138,10.07628964203076,2.8081922016538752e-05,0.0,0.003103448275862064,0.003710357969239908,4.667191807798346,1,1,1,1,0,0,0,0,0,0,0,0,0,0,0,0,0
2024-03-23,Meta Ads,Display,Fintech,UK,63676,1757,0.0276,1.16,2038.12,137,14.88,8830.01,4.33,0.027592813618945913,1.16,14.876788321167883,4.332428905069378,7.186381054086893e-06,0.0,0.0032116788321179257,-0.0024289050693777625,2.7592813618945913,1,1,1,1,0,0,0,0,0,0,0,0,0,0,0,0,0
2024-06-29,Google Ads,Video,EdTech,UAE,93545,2974,0.0318,1.16,3449.84,58,59.48,4267.11,1.24,0.03179218557913304,1.1600000000000001,59.480000000000004,1.2369008417781693,7.814420866961158e-06,-2.220446049250313e-16,-7.105427357601002e-15,0.003099158221830711,3.179218557913304,1,1,1,1,0,0,0,0,0,0,0,0,0,0,0,0,0
2024-02-18,Meta Ads,Display,EdTech,India,8671,156,0.018,1.46,227.76,7,32.54,1461.2,6.42,0.017991004497751123,1.46,32.537142857142854,6.415525114155251,8.995502248875659e-06,0.0,0.002857142857145334,0.004474885844748755,1.7991004497751124,1,1,1,1,0,0,0,0,0,0,0,0,0,0,0,0,0
2024-04-06,Meta Ads,Video,Fintech,USA,95930,1554,0.0162,0.72,1118.88,62,18.05,5774.95,5.16,0.016199311998332116,0.7200000000000001,18.046451612903226,5.161366723866723,6.880016678832701e-07,-1.1102230246251565e-16,0.003548387096774519,-0.0013667238667229853,1.6199311998332115,1,1,1,1,0,0,0,0,0,0,0,0,0,0,0,0,0
2024-07-23,Google Ads,Display,E-commerce,Australia,73683,3757,0.051,3.32,12473.24,131,95.22,33721.52,2.7,0.05098869481427195,3.32,95.21557251908396,2.7035092726508907,1.1305185728047173e-05,0.0,0.00442748091603562,-0.003509272650890516,5.098869481427195,1,1,1,1,0,0,0,0,0,0,0,0,0,0,0,0,0
2024-07-17,Meta Ads,Shopping,SaaS,India,152932,6591,0.0431,1.25,8238.75,200,41.19,14211.23,1.72,0.04309758585515131,1.25,41.19375,1.7249255044758003,2.4141448486877937e-06,0.0,-0.003750000000003695,-0.004925504475800313,4.309758585515131,1,1,1,1,0,0,0,0,0,0,0,0,0,0,0,0,0
2024-03-01,TikTok Ads,Shopping,SaaS,UAE,125354,6179,0.0493,0.35,2162.65,259,8.35,9238.12,4.27,0.04929240391212087,0.35000000000000003,8.35,4.27166670519964,7.59608787912619e-06,-5.551115123125783e-17,0.0,-0.0016667051996401838,4.929240391212087,1,1,1,1,0,0,0,0,0,0,0,0,0,0,0,0,0
2024-09-06,Google Ads,Shopping,E-commerce,Canada,193613,9157,0.0473,2.79,25548.03,458,55.78,127981.37,5.01,0.047295377893013385,2.79,55.78172489082969,5.00944182389014,4.6221069866167475e-06,0.0,-0.0017248908296920717,0.0005581761098598648,4.729537789301339,1,1,1,1,0,0,0,0,0,0,0,1,0,0,1,0,0
2024-11-25,Google Ads,Display,EdTech,Australia,158138,2846,0.018,2.04,5805.84,143,40.6,22164.01,3.82,0.017996939382058708,2.04,40.60027972027972,3.8175371694707394,3.0606179412910606e-06,0.0,-0.00027972027972111846,0.00246283052926044,1.7996939382058708,1,1,1,1,0,0,0,0,0,0,0,0,0,0,0,0,0
2024-06-28,Google Ads,Video,Healthcare,UAE,134814,2804,0.0208,1.91,5355.64,195,27.46,46646.16,8.71,0.02079902680730488,1.9100000000000001,27.464820512820513,8.709726568626719,9.731926951181413e-07,-2.220446049250313e-16,-0.00482051282051188,0.00027343137328195155,2.079902680730488,1,1,1,1,0,0,0,0,0,0,0,0,0,0,0,0,0
2024-02-19,Google Ads,Search,E-commerce,Australia,102366,2589,0.0253,1.59,4116.51,148,27.81,35080.15,8.52,0.025291600726803823,1.59,27.81425675675676,8.521818239236636,8.399273196176699e-06,0.0,-0.004256756756760183,-0.0018182392366359323,2.5291600726803822,1,1,1,1,0,0,0,0,0,0,0,0,0,0,0,0,0
2024-05-24,Meta Ads,Display,Healthcare,Canada,159044,2385,0.015,1.65,3935.25,184,21.39,35387.51,8.99,0.014995850204974724,1.65,21.387228260869566,8.992442665650213,4.149795025274947e-06,0.0,0.0027717391304342698,-0.002442665650212561,1.4995850204974726,1,1,1,1,0,0,0,0,0,0,0,0,0,0,0,0,0
2024-04-22,TikTok Ads,Shopping,EdTech,USA,35932,1440,0.0401,0.91,1310.4,68,19.27,16668.75,12.72,0.04007569854168986,0.91,19.27058823529412,12.720352564102564,2.4301458310137247e-05,0.0,-0.0005882352941206648,-0.00035256410256323534,4.007569854168986,1,1,1,1,0,0,0,0,0,0,0,0,0,0,0,0,0
2024-04-01,TikTok Ads,Display,EdTech,Australia,116561,4231,0.0363,1.0,4231.0,172,24.6,42291.58,10.0,0.036298590437624935,1.0,24.598837209302324,9.99564641928622,1.4095623750640107e-06,0.0,0.0011627906976769964,0.004353580713779337,3.6298590437624934,1,1,1,1,0,0,0,0,0,0,0,0,0,0,0,0,0
2024-07-07,Meta Ads,Shopping,Fintech,Australia,8608,100,0.0117,0.58,58.0,3,19.33,661.12,11.4,0.011617100371747211,0.58,19.333333333333332,11.398620689655173,8.28996282527892e-05,0.0,-0.0033333333333338544,0.0013793103448271893,1.161710037174721,1,1,1,1,0,0,0,0,0,0,0,0,0,0,0,0,0
2024-08-19,Meta Ads,Search,E-commerce,UAE,19284,642,0.0333,1.57,1007.94,21,48.0,5907.29,5.86,0.03329184816428127,1.57,47.99714285714286,5.860755600531777,8.151835718735179e-06,0.0,0.0028571428571382285,-0.0007556005317770342,3.3291848164281266,1,1,1,1,0,0,0,0,0,0,0,0,0,0,0,0,0
2024-03-07,Meta Ads,Display,Fintech,India,161764,2652,0.0164,0.99,2625.48,76,34.55,16956.51,6.46,0.01639425335674192,0.99,34.54578947368421,6.458441884912473,5.7466432580796645e-06,0.0,0.004210526315787888,0.0015581150875272343,1.6394253356741921,1,1,1,1,0,0,0,0,0,0,0,0,0,0,0,0,0
2024-12-11,TikTok Ads,Video,Fintech,Germany,116045,6660,0.0574,0.35,2331.0,467,4.99,76092.65,32.64,0.057391529148175274,0.35,4.991434689507495,32.64377949377949,8.470851824725345e-06,0.0,-0.0014346895074943689,-0.0037794937794899397,5.739152914817527,1,1,1,1,0,0,0,0,0,0,0,0,0,0,0,1,0
2024-06-06,Meta Ads,Shopping,E-commerce,UK,61395,2038,0.0332,2.36,4809.68,102,47.15,16290.15,3.39,0.033194885577001385,2.3600000000000003,47.15372549019608,3.3869508990203085,5.1144229986158085e-06,-4.440892098500626e-16,-0.0037254901960821485,0.003049100979691577,3.3194885577001383,1,1,1,1,0,0,0,0,0,0,0,0,0,0,0,0,0
2024-04-02,Google Ads,Shopping,EdTech,UAE,119183,5041,0.0423,3.38,17038.58,121,140.81,25438.17,1.49,0.04229630064690434,3.3800000000000003,140.81471074380167,1.4929747666765656,3.6993530956597187e-06,-4.440892098500626e-16,-0.004710743801666695,-0.002974766676565599,4.229630064690434,1,1,1,1,0,0,0,0,0,0,0,0,0,1,0,0,0
2024-10-04,Meta Ads,Search,E-commerce,UAE,26747,1099,0.0411,1.14,1252.86,36,34.8,5626.79,4.49,0.0410887202303062,1.14,34.80166666666666,4.491156234535383,1.1279769693797737e-05,0.0,-0.0016666666666651508,-0.0011562345353830494,4.10887202303062,1,1,1,1,0,0,0,0,0,0,0,0,0,0,0,0,0
2024-12-16,Meta Ads,Display,EdTech,Germany,157898,3094,0.0196,2.39,7394.66,245,30.18,72430.36,9.79,0.019594928371480323,2.39,30.182285714285715,9.79495473760795,5.07162851967613e-06,0.0,-0.0022857142857155566,-0.004954737607951287,1.9594928371480322,1,1,1,1,0,0,0,0,0,0,0,0,0,0,0,0,0
2024-06-27,Meta Ads,Search,Healthcare,USA,49456,801,0.0162,1.86,1489.86,50,29.8,4108.2,2.76,0.016196214817211257,1.8599999999999999,29.797199999999997,2.757440296403689,3.785182788741681e-06,2.220446049250313e-16,0.0028000000000041325,0.0025597035963107473,1.6196214817211256,1,1,1,1,0,0,0,0,0,0,0,0,0,0,0,0,0
2024-02-17,Google Ads,Video,SaaS,Canada,150213,5242,0.0349,3.15,16512.3,332,49.74,64497.69,3.91,0.03489711276653818,3.15,49.73584337349397,3.9060391344634002,2.8872334618193496e-06,0.0,0.0041566265060311025,0.003960865536599911,3.4897112766538183,1,1,1,1,0,0,0,0,0,0,0,0,0,0,0,0,0
2024-01-07,Google Ads,Shopping,EdTech,USA,73305,3635,0.0496,2.48,9014.8,47,191.8,2210.35,0.25,0.049587340563399494,2.48,191.80425531914892,0.24519124107024007,1.2659436600503948e-05,0.0,-0.00425531914891053,0.004808758929759932,4.958734056339949,1,1,1,1,0,0,0,0,0,0,0,0,0,1,0,0,0
2024-06-22,TikTok Ads,Display,Fintech,UK,187663,10790,0.0575,0.69,7445.1,121,61.53,18190.79,2.44,0.05749668288367979,0.6900000000000001,61.529752066115705,2.4433237968596795,3.317116320213087e-06,-1.1102230246251565e-16,0.00024793388429600327,-0.0033237968596795398,5.749668288367979,1,1,1,1,0,0,0,0,0,0,0,0,0,0,0,0,0
2024-10-31,TikTok Ads,Display,Healthcare,USA,85066,5903,0.0694,1.3,7673.9,465,16.5,85397.14,11.13,0.06939317706251616,1.3,16.503010752688173,11.128258121685192,6.822937483844105e-06,0.0,-0.0030107526881728575,0.0017418783148084316,6.939317706251616,1,1,1,1,0,0,0,0,0,0,0,0,0,0,0,0,0
2024-02-05,Google Ads,Shopping,EdTech,USA,12045,255,0.0212,2.02,515.1,4,128.78,161.02,0.31,0.021170610211706103,2.02,128.775,0.312599495243642,2.938978829389663e-05,0.0,0.0049999999999954525,-0.0025994952436420027,2.1170610211706102,1,1,1,1,0,0,0,0,0,0,0,0,0,1,0,0,0
2024-05-08,Google Ads,Video,Fintech,UAE,77796,3703,0.0476,2.67,9887.01,182,54.32,43235.35,4.37,0.047598848269833925,2.67,54.32423076923077,4.372944904475671,1.1517301660782242e-06,0.0,-0.004230769230773035,-0.00294490447567064,4.759884826983392,1,1,1,1,0,0,0,0,0,0,0,0,0,0,0,0,0
2024-02-05,TikTok Ads,Shopping,Fintech,UK,90443,3789,0.0419,0.57,2159.73,94,22.98,16003.58,7.41,0.04189378945855401,0.57,22.975851063829786,7.409991063697777,6.210541445991757e-06,0.0,0.004148936170214057,8.936302223538917e-06,4.189378945855401,1,1,1,1,0,0,0,0,0,0,0,0,0,0,0,0,0
2024-03-17,Meta Ads,Display,E-commerce,Canada,52838,660,0.0125,1.78,1174.8,14,83.91,2258.16,1.92,0.01249101025776903,1.78,83.91428571428571,1.9221654749744637,8.989742230970307e-06,0.0,-0.004285714285714448,-0.0021654749744637325,1.249101025776903,1,1,1,1,0,0,0,0,0,0,0,0,0,0,0,0,0
2024-06-13,Meta Ads,Video,E-commerce,Australia,61284,1574,0.0257,1.52,2392.48,32,74.77,3680.82,1.54,0.02568370210821748,1.52,74.765,1.5384956196081054,1.629789178252128e-05,0.0,0.0049999999999954525,0.0015043803918945997,2.568370210821748,1,1,1,1,0,0,0,0,0,0,0,0,0,0,0,0,0
2024-01-02,Meta Ads,Search,Healthcare,India,163624,4368,0.0267,1.28,5591.04,296,18.89,31041.33,5.55,0.02669535031535716,1.28,18.888648648648648,5.5519778073489015,4.649684642841351e-06,0.0,0.0013513513513530029,-0.001977807348901628,2.669535031535716,1,1,1,1,0,0,0,0,0,0,0,0,0,0,0,0,0
2024-06-08,Meta Ads,Display,Healthcare,UK,194674,3601,0.0185,1.45,5221.45,165,31.65,8945.17,1.71,0.01849759084418053,1.45,31.645151515151515,1.713158222332877,2.4091558194702656e-06,0.0,0.0048484848484839915,-0.003158222332876992,1.849759084418053,1,1,1,1,0,0,0,0,0,0,0,0,0,0,0,0,0
2024-09-17,Meta Ads,Search,Healthcare,India,15485,196,0.0127,1.54,301.84,8,37.73,362.78,1.2,0.012657410397158541,1.5399999999999998,37.73,1.2018950437317784,4.258960284145817e-05,2.220446049250313e-16,0.0,-0.0018950437317784008,1.2657410397158542,1,1,1,1,0,0,0,0,0,0,0,0,0,0,0,0,0
2024-03-17,Google Ads,Search,Fintech,Germany,138154,9518,0.0689,2.22,21129.96,534,39.57,24562.44,1.16,0.06889413263459618,2.2199999999999998,39.569213483146065,1.1624461191597144,5.867365403824931e-06,4.440892098500626e-16,0.0007865168539353817,-0.0024461191597144882,6.889413263459618,1,1,1,1,0,0,0,0,0,0,0,1,0,0,0,0,0
2024-05-29,TikTok Ads,Video,Fintech,USA,76922,2669,0.0347,1.32,3523.08,110,32.03,12940.72,3.67,0.03469748576480071,1.32,32.028,3.673126923033255,2.5142351992926693e-06,0.0,0.0020000000000024443,-0.0031269230332551246,3.469748576480071,1,1,1,1,0,0,0,0,0,0,0,0,0,0,0,0,0
2024-08-12,Google Ads,Shopping,EdTech,Germany,13947,718,0.0515,1.56,1120.08,44,25.46,11863.61,10.59,0.051480605148060514,1.5599999999999998,25.456363636363633,10.59175237483037,1.9394851939483204e-05,2.220446049250313e-16,0.0036363636363674345,-0.0017523748303709397,5.148060514806051,1,1,1,1,0,0,0,0,0,0,0,0,0,0,0,0,0
2024-11-08,Google Ads,Display,EdTech,Germany,199164,6671,0.0335,3.19,21280.49,118,180.34,27461.46,1.29,0.03349500913819767,3.1900000000000004,180.34313559322035,1.290452428492013,4.990861802334212e-06,-4.440892098500626e-16,-0.0031355932203496195,-0.0004524284920128796,3.349500913819767,1,1,1,1,0,0,0,0,0,0,0,1,0,1,0,0,0
2024-09-21,Meta Ads,Shopping,E-commerce,Canada,138018,1683,0.0122,1.03,1733.49,56,30.96,8635.5,4.98,0.012194061644133374,1.03,30.955178571428572,4.981568973573542,5.9383558666265684e-06,0.0,0.004821428571428754,-0.0015689735735415766,1.2194061644133374,1,1,1,1,0,0,0,0,0,0,0,0,0,0,0,0,0
2024-03-03,Meta Ads,Shopping,Fintech,UAE,161408,1581,0.0098,1.11,1754.91,51,34.41,6128.54,3.49,0.009795053528945281,1.11,34.410000000000004,3.4922246724903268,4.9464710547182655e-06,0.0,-7.105427357601002e-15,-0.0022246724903265402,0.9795053528945281,1,1,1,1,0,0,0,0,0,0,0,0,0,0,0,0,0
2024-10-29,TikTok Ads,Shopping,E-commerce,Germany,130811,8895,0.068,0.32,2846.4,150,18.98,31192.02,10.96,0.06799886859667766,0.32,18.976,10.958410623946037,1.1314033223491782e-06,0.0,0.004000000000001336,0.0015893760539640311,6.799886859667765,1,1,1,1,0,0,0,0,0,0,0,0,0,0,0,0,0
2024-06-27,Meta Ads,Display,EdTech,UAE,140460,2753,0.0196,0.51,1404.03,87,16.14,18763.62,13.36,0.01959988608856614,0.51,16.138275862068966,13.364116151364287,1.1391143385844349e-07,0.0,0.0017241379310348748,-0.004116151364288001,1.959988608856614,1,1,1,1,0,0,0,0,0,0,0,0,0,0,0,0,0
2024-03-21,Meta Ads,Shopping,EdTech,Canada,119731,2969,0.0248,0.56,1662.64,47,35.38,11619.48,6.99,0.02479725384403371,0.56,35.37531914893617,6.9885723908964055,2.7461559662898816e-06,0.0,0.004680851063831426,0.0014276091035947402,2.479725384403371,1,1,1,1,0,0,0,0,0,0,0,0,0,0,0,0,0
2024-10-12,Meta Ads,Search,E-commerce,USA,61437,1087,0.0177,2.23,2424.01,80,30.3,11780.01,4.86,0.017692921203834824,2.23,30.300125,4.859720050659857,7.078796165176093e-06,0.0,-0.00012500000000059686,0.00027994934014330397,1.7692921203834824,1,1,1,1,0,0,0,0,0,0,0,0,0,0,0,0,0
2024-08-29,Google Ads,Search,E-commerce,UAE,37827,2072,0.0548,0.81,1678.32,133,12.62,19268.21,11.48,0.054775689322441645,0.8099999999999999,12.618947368421052,11.48065327231994,2.4310677558356253e-05,1.1102230246251565e-16,0.001052631578946972,-0.0006532723199388357,5.477568932244164,1,1,1,1,0,0,0,0,0,0,0,0,0,0,0,0,0
2024-06-24,Google Ads,Display,SaaS,Germany,180848,5515,0.0305,3.32,18309.8,362,50.58,84316.14,4.6,0.03049522250729895,3.32,50.57955801104972,4.604973292990639,4.777492701051045e-06,0.0,0.0004419889502784713,-0.004973292990639422,3.0495222507298947,1,1,1,1,0,0,0,0,0,0,0,1,0,0,0,0,0
2024-02-19,Google Ads,Video,Fintech,UAE,30545,1728,0.0566,1.73,2989.44,51,58.62,3408.09,1.14,0.05657227042069078,1.73,58.616470588235295,1.1400429511881824,2.7729579309215824e-05,0.0,0.0035294117647026724,-4.29511881825384e-05,5.657227042069078,1,1,1,1,0,0,0,0,0,0,0,0,0,0,0,0,0
2024-07-26,TikTok Ads,Shopping,Fintech,UAE,21643,1142,0.0528,1.03,1176.26,81,14.52,18823.45,16.0,0.05276532828166151,1.03,14.521728395061729,16.00279700066312,3.467171833849286e-05,0.0,-0.00172839506172906,-0.0027970006631186095,5.27653282816615,1,1,1,1,0,0,0,0,0,0,0,0,0,0,0,0,0
2024-02-06,Meta Ads,Display,Healthcare,UK,58164,936,0.0161,0.88,823.68,13,63.36,1791.65,2.18,0.016092428306168763,0.8799999999999999,63.36,2.1751772533022535,7.571693831236875e-06,1.1102230246251565e-16,0.0,0.004822746697746627,1.6092428306168762,1,1,1,1,0,0,0,0,0,0,0,0,0,0,0,0,0
2024-04-09,Meta Ads,Shopping,Fintech,UAE,69102,1354,0.0196,1.61,2179.94,89,24.49,14410.72,6.61,0.019594223032618447,1.61,24.49370786516854,6.610603961576924,5.776967381552339e-06,0.0,-0.0037078651685398256,-0.0006039615769237727,1.9594223032618447,1,1,1,1,0,0,0,0,0,0,0,0,0,0,0,0,0
2024-08-01,TikTok Ads,Shopping,Fintech,UK,164852,6445,0.0391,1.64,10569.8,471,22.44,43233.91,4.09,0.03909567369519326,1.64,22.441188959660295,4.090324320233117,4.326304806741288e-06,0.0,-0.0011889596602934205,-0.0003243202331173478,3.9095673695193263,1,1,1,1,0,0,0,0,0,0,0,0,0,0,0,0,0
2024-10-24,Google Ads,Shopping,Fintech,India,149064,5724,0.0384,1.32,7555.68,369,20.48,107029.4,14.17,0.038399613588794075,1.32,20.47609756097561,14.165422569510618,3.86411205921533e-07,0.0,0.0039024390243902474,0.004577430489382195,3.8399613588794077,1,1,1,1,0,0,0,0,0,0,0,0,0,0,1,0,0
2024-07-06,Meta Ads,Shopping,E-commerce,UK,80888,2070,0.0256,0.74,1531.8,71,21.57,19601.22,12.8,0.02559094055978637,0.74,21.574647887323945,12.796200548374463,9.05944021363167e-06,0.0,-0.0046478873239443885,0.003799451625537742,2.559094055978637,1,1,1,1,0,0,0,0,0,0,0,0,0,0,0,0,0
2024-12-16,Meta Ads,Display,SaaS,USA,21471,753,0.0351,1.79,1347.87,28,48.14,7559.0,5.61,0.03507056029062457,1.7899999999999998,48.138214285714284,5.608107606816682,2.9439709375432555e-05,2.220446049250313e-16,0.0017857142857167219,0.0018923931833185748,3.507056029062457,1,1,1,1,0,0,0,0,0,0,0,0,0,0,0,0,0
2024-05-05,Meta Ads,Shopping,Healthcare,India,160182,4901,0.0306,1.02,4999.02,88,56.81,22338.67,4.47,0.030596446542058408,1.02,56.80704545454546,4.468609847530115,3.5534579415907874e-06,0.0,0.0029545454545427674,0.001390152469884498,3.0596446542058406,1,1,1,1,0,0,0,0,0,0,0,0,0,0,0,0,0
2024-04-01,TikTok Ads,Display,EdTech,Canada,30226,1196,0.0396,1.46,1746.16,12,145.51,2625.21,1.5,0.03956858333884735,1.46,145.51333333333335,1.5034189306821826,3.141666115265285e-05,0.0,-0.0033333333333587234,-0.003418930682182575,3.956858333884735,1,1,1,1,0,0,0,0,0,0,0,0,0,1,0,0,0
2024-07-12,Google Ads,Search,SaaS,Australia,146677,7597,0.0518,1.42,10787.74,186,58.0,35941.14,3.33,0.05179407814449437,1.42,57.998602150537636,3.3316653905266533,5.921855505630624e-06,0.0,0.00139784946236432,-0.0016653905266532654,5.179407814449437,1,1,1,1,0,0,0,0,0,0,0,0,0,0,0,0,0
2024-06-24,Meta Ads,Shopping,Healthcare,UAE,74859,1661,0.0222,1.35,2242.35,101,22.2,6046.11,2.7,0.02218838082261318,1.3499999999999999,22.201485148514852,2.6963275135460565,1.1619177386821417e-05,2.220446049250313e-16,-0.0014851485148525967,0.0036724864539436908,2.218838082261318,1,1,1,1,0,0,0,0,0,0,0,0,0,0,0,0,0
2024-05-02,Google Ads,Display,SaaS,Australia,127232,3867,0.0304,2.95,11407.65,177,64.45,6676.28,0.59,0.030393297283702214,2.9499999999999997,64.45,0.5852458657129207,6.702716297785766e-06,4.440892098500626e-16,0.0,0.00475413428707927,3.0393297283702214,1,1,1,1,0,0,0,0,0,0,0,0,0,0,0,0,0
2024-12-21,Google Ads,Video,SaaS,UK,83243,2821,0.0339,3.03,8547.63,181,47.22,43894.09,5.14,0.03388873538916185,3.03,47.22447513812154,5.135235147052458,1.1264610838147837e-05,0.0,-0.004475138121541988,0.004764852947541698,3.3888735389161853,1,1,1,1,0,0,0,0,0,0,0,0,0,0,0,0,0
2024-05-20,Meta Ads,Shopping,EdTech,UAE,85846,2274,0.0265,0.43,977.82,113,8.65,8382.57,8.57,0.026489294783682407,0.43000000000000005,8.653274336283186,8.572712769221328,1.0705216317592053e-05,-5.551115123125783e-17,-0.0032743362831855194,-0.002712769221327349,2.648929478368241,1,1,1,1,0,0,0,0,0,0,0,0,0,0,0,0,0
2024-02-03,TikTok Ads,Display,Healthcare,USA,150227,8683,0.0578,1.7,14761.1,315,46.86,86296.01,5.85,0.05779919721488148,1.7,46.86063492063492,5.846177452899851,8.027851185199442e-07,0.0,-0.0006349206349227643,0.003822547100148732,5.779919721488148,1,1,1,1,0,0,0,0,0,0,0,0,0,0,0,0,0
2024-07-30,Google Ads,Display,Healthcare,Canada,50411,1320,0.0262,2.68,3537.6,49,72.2,12873.07,3.64,0.026184761262422883,2.6799999999999997,72.19591836734693,3.6389275214834917,1.5238737577118189e-05,4.440892098500626e-16,0.004081632653068823,0.0010724785165083794,2.6184761262422884,1,1,1,1,0,0,0,0,0,0,0,0,0,0,0,0,0
2024-01-17,Google Ads,Shopping,Fintech,UK,100552,3861,0.0384,1.91,7374.51,57,129.38,14567.86,1.98,0.03839804280372345,1.9100000000000001,129.37736842105264,1.97543430004163,1.957196276547446e-06,-2.220446049250313e-16,0.0026315789473585482,0.004565699958370084,3.839804280372345,1,1,1,1,0,0,0,0,0,0,0,0,0,1,0,0,0
2024-07-02,Google Ads,Display,Fintech,UAE,32428,603,0.0186,1.61,970.83,47,20.66,11645.06,11.99,0.01859504132231405,1.61,20.65595744680851,11.994952772370032,4.958677685948376e-06,0.0,0.004042553191489162,-0.004952772370032221,1.859504132231405,1,1,1,1,0,0,0,0,0,0,0,0,0,0,0,0,0
2024-11-13,Google Ads,Search,Healthcare,USA,84517,1664,0.0197,2.4,3993.6,91,43.89,21828.0,5.47,0.019688346723144456,2.4,43.885714285714286,5.4657451923076925,1.1653276855542322e-05,0.0,0.004285714285714448,0.004254807692307239,1.9688346723144456,1,1,1,1,0,0,0,0,0,0,0,0,0,0,0,0,0
2024-03-21,Meta Ads,Shopping,EdTech,Germany,160091,4210,0.0263,1.07,4504.7,322,13.99,62914.38,13.97,0.0262975432722639,1.07,13.989751552795031,13.966386218838103,2.4567277361019213e-06,0.0,0.00024844720496908224,0.003613781161897478,2.6297543272263897,1,1,1,1,0,0,0,0,0,0,0,0,0,0,0,0,0
2024-06-23,Google Ads,Search,EdTech,UK,158778,7256,0.0457,1.5,10884.0,431,25.25,17905.23,1.65,0.04569902631346912,1.5,25.25290023201856,1.6450964718853363,9.736865308751508e-07,0.0,-0.002900232018561155,0.004903528114663658,4.569902631346912,1,1,1,1,0,0,0,0,0,0,0,0,0,0,0,0,0
2024-04-16,Google Ads,Search,Healthcare,Germany,145284,8121,0.0559,2.66,21601.86,503,42.95,135453.16,6.27,0.05589741471875774,2.66,42.946043737574556,6.270439675102051,2.585281242258042e-06,0.0,0.003956262425447221,-0.00043967510205167315,5.589741471875774,1,1,1,1,0,0,0,0,0,0,0,1,0,0,1,0,0
2024-02-04,Meta Ads,Shopping,E-commerce,Germany,82665,2521,0.0305,0.64,1613.44,182,8.87,48413.75,30.01,0.030496582592390974,0.64,8.865054945054945,30.006538823879414,3.4174076090250083e-06,0.0,0.004945054945054039,0.00346117612058805,3.0496582592390973,1,1,1,1,0,0,0,0,0,0,0,0,0,0,0,1,0
2024-07-21,TikTok Ads,Shopping,Fintech,UK,157973,12227,0.0774,0.53,6480.31,540,12.0,99930.16,15.42,0.07739930241243757,0.53,12.000574074074075,15.420583274565567,6.975875624232186e-07,0.0,-0.0005740740740751704,-0.0005832745655673932,7.739930241243758,1,1,1,1,0,0,0,0,1,0,0,0,0,0,1,0,0
2024-04-09,TikTok Ads,Display,Fintech,India,48898,3193,0.0653,0.89,2841.77,179,15.88,27594.33,9.71,0.06529919424107325,0.89,15.875810055865921,9.71026156233615,8.057589267473908e-07,0.0,0.004189944134079582,-0.00026156233614926805,6.529919424107325,1,1,1,1,0,0,0,0,0,0,0,0,0,0,0,0,0
2024-03-08,Google Ads,Search,SaaS,USA,185923,7827,0.0421,3.68,28803.36,215,133.97,61106.18,2.12,0.04209807285811868,3.68,133.96911627906977,2.1214948533782167,1.927141881317984e-06,0.0,0.000883720930232812,-0.0014948533782166429,4.209807285811868,1,1,1,1,0,0,0,0,0,0,0,1,0,1,0,0,0
2024-08-20,TikTok Ads,Search,Healthcare,Canada,89688,6583,0.0734,0.34,2238.22,273,8.2,36559.47,16.33,0.0733988939434484,0.33999999999999997,8.198608058608057,16.33417179723173,1.106056551611334e-06,5.551115123125783e-17,0.0013919413919420975,-0.004171797231730778,7.33988939434484,1,1,1,1,0,0,0,0,0,0,0,0,0,0,0,0,0
2024-08-15,TikTok Ads,Search,Fintech,Canada,15273,464,0.0304,0.77,357.28,24,14.89,871.3,2.44,0.030380409873633208,0.7699999999999999,14.886666666666665,2.438703537841469,1.9590126366791916e-05,1.1102230246251565e-16,0.0033333333333356308,0.0012964621585309644,3.038040987363321,1,1,1,1,0,0,0,0,0,0,0,0,0,0,0,0,0
2024-03-10,Google Ads,Shopping,SaaS,Australia,71107,2936,0.0413,2.67,7839.12,215,36.46,26952.54,3.44,0.04128988707159632,2.67,36.461023255813956,3.4382099011113496,1.0112928403679944e-05,0.0,-0.0010232558139549042,0.0017900988886503377,4.128988707159633,1,1,1,1,0,0,0,0,0,0,0,0,0,0,0,0,0
2024-06-30,Google Ads,Shopping,SaaS,UAE,79681,2916,0.0366,2.34,6823.44,184,37.08,46327.26,6.79,0.036595926255945585,2.34,37.08391304347826,6.789428792515213,4.073744054415573e-06,0.0,-0.003913043478263489,0.0005712074847874504,3.6595926255945583,1,1,1,1,0,0,0,0,0,0,0,0,0,0,0,0,0
2024-03-19,Meta Ads,Video,Healthcare,UK,102148,1205,0.0118,1.31,1578.55,59,26.76,17697.95,11.21,0.011796608842072287,1.31,26.755084745762712,11.21152323334706,3.391157927712732e-06,0.0,0.004915254237289446,-0.001523233347059616,1.1796608842072287,1,1,1,1,0,0,0,0,0,0,0,0,0,0,0,0,0
2024-06-27,Meta Ads,Search,Fintech,UK,115540,1686,0.0146,1.58,2663.88,87,30.62,20354.07,7.64,0.01459234897005366,1.58,30.61931034482759,7.640760845083111,7.65102994633969e-06,0.0,0.0006896551724118183,-0.0007608450831115832,1.4592348970053661,1,1,1,1,0,0,0,0,0,0,0,0,0,0,0,0,0
2024-06-13,Google Ads,Video,E-commerce,UAE,16766,846,0.0505,2.46,2081.16,34,61.21,7254.65,3.49,0.05045926279374925,2.46,61.21058823529411,3.48586845797536,4.073720625075161e-05,0.0,-0.0005882352941100066,0.004131542024640389,5.0459262793749255,1,1,1,1,0,0,0,0,0,0,0,0,0,0,0,0,0
2024-02-07,Google Ads,Display,E-commerce,Germany,96931,5844,0.0603,1.12,6545.28,297,22.04,47765.4,7.3,0.06029030960167542,1.1199999999999999,22.037979797979798,7.297686271633911,9.69039832458135e-06,2.220446049250313e-16,0.002020202020201367,0.0023137283660892294,6.029030960167542,1,1,1,1,0,0,0,0,0,0,0,0,0,0,0,0,0
2024-01-10,Meta Ads,Search,SaaS,UK,175574,6935,0.0395,0.69,4785.15,515,9.29,69264.33,14.47,0.03949901466048504,0.69,9.291553398058252,14.474850318171846,9.85339514959771e-07,0.0,-0.0015533980582524975,-0.004850318171845558,3.949901466048504,1,1,1,1,0,0,0,0,0,0,0,0,0,0,0,0,0
2024-12-08,TikTok Ads,Shopping,EdTech,Australia,175330,8766,0.05,0.73,6399.18,302,21.19,35245.68,5.51,0.049997148234757316,0.73,21.18933774834437,5.507843192409028,2.851765242686821e-06,0.0,0.0006622516556298308,0.002156807590972143,4.999714823475731,1,1,1,1,0,0,0,0,0,0,0,0,0,0,0,0,0
2024-12-30,Google Ads,Shopping,E-commerce,UAE,45225,2211,0.0489,0.91,2012.01,156,12.9,38495.98,19.13,0.04888888888888889,0.91,12.897499999999999,19.13309575996143,1.1111111111107574e-05,0.0,0.002500000000001279,-0.0030957599614325204,4.888888888888889,1,1,1,1,0,0,0,0,0,0,0,0,0,0,0,1,0
2024-09-04,Meta Ads,Shopping,Fintech,India,79992,1055,0.0132,1.52,1603.6,21,76.36,4912.79,3.06,0.013188818881888189,1.52,76.36190476190475,3.0636006485407834,1.1181118111810995e-05,0.0,-0.001904761904754082,-0.0036006485407833466,1.318881888188819,1,1,1,1,0,0,0,0,0,0,0,0,0,0,0,0,0
2024-09-17,Meta Ads,Display,EdTech,Australia,23113,228,0.0099,0.6,136.8,17,8.05,2097.34,15.33,0.009864578375805823,0.6000000000000001,8.047058823529412,15.331432748538012,3.5421624194178006e-05,-1.1102230246251565e-16,0.002941176470589113,-0.0014327485380114524,0.9864578375805823,1,1,1,1,0,0,0,0,0,0,0,0,0,0,0,0,0
2024-07-31,Meta Ads,Search,EdTech,Germany,39754,1164,0.0293,1.35,1571.4,72,21.83,9221.61,5.87,0.02928007244554007,1.35,21.825000000000003,5.868403970981291,1.9927554459928803e-05,0.0,0.0049999999999954525,0.0015960290187093662,2.9280072445540073,1,1,1,1,0,0,0,0,0,0,0,0,0,0,0,0,0
2024-08-16,Google Ads,Shopping,SaaS,UAE,89383,5631,0.063,3.67,20665.77,163,126.78,35918.24,1.74,0.06299855677254064,3.67,126.78386503067485,1.7380547639889536,1.443227459360652e-06,0.0,-0.0038650306748451158,0.0019452360110463474,6.299855677254064,1,1,1,1,0,0,0,0,0,0,0,1,0,1,0,0,0
2024-02-08,TikTok Ads,Search,EdTech,USA,128900,10273,0.0797,0.84,8629.32,238,36.26,11417.91,1.32,0.07969743987587277,0.84,36.25764705882353,1.3231529251435803,2.560124127221064e-06,0.0,0.0023529411764684482,-0.003152925143580232,7.969743987587277,1,1,1,1,0,0,0,0,0,0,0,0,0,0,0,0,0
2024-08-18,Google Ads,Display,EdTech,Canada,179159,6593,0.0368,2.23,14702.39,459,32.03,76527.74,5.21,0.036799714220329426,2.23,32.03135076252723,5.205122432475265,2.857796705738047e-07,0.0,-0.0013507625272310975,0.004877567524735227,3.6799714220329425,1,1,1,1,0,0,0,0,0,0,0,0,0,0,0,0,0
2024-03-30,TikTok Ads,Display,SaaS,India,15739,1205,0.0766,0.46,554.3,60,9.24,6092.69,10.99,0.07656140796746934,0.45999999999999996,9.238333333333333,10.991683204041133,3.859203253066268e-05,5.551115123125783e-17,0.0016666666666669272,-0.0016832040411323135,7.656140796746934,1,1,1,1,0,0,0,0,0,0,0,0,0,0,0,0,0
2024-03-20,Meta Ads,Shopping,Fintech,Australia,25243,580,0.023,1.98,1148.4,13,88.34,3883.09,3.38,0.022976666798716475,1.9800000000000002,88.33846153846154,3.3813044235458025,2.333320128352495e-05,-2.220446049250313e-16,0.001538461538459046,-0.0013044235458026243,2.2976666798716474,1,1,1,1,0,0,0,0,0,0,0,0,0,0,0,0,0
2024-06-07,TikTok Ads,Video,Fintech,Canada,196745,13240,0.0673,1.63,21581.2,761,28.36,195233.42,9.05,0.0672952298660703,1.6300000000000001,28.359001314060446,9.046458028283878,4.770133929701825e-06,-2.220446049250313e-16,0.0009986859395532122,0.003541971716122916,6.72952298660703,1,1,1,1,0,0,0,0,1,0,0,1,1,0,1,0,0
2024-11-22,Meta Ads,Search,E-commerce,Germany,23186,512,0.0221,2.11,1080.32,26,41.55,2663.68,2.47,0.02208229103769516,2.11,41.55076923076923,2.4656398104265405,1.7708962304841674e-05,0.0,-0.000769230769229523,0.0043601895734597385,2.208229103769516,1,1,1,1,0,0,0,0,0,0,0,0,0,0,0,0,0
2024-10-26,Google Ads,Shopping,SaaS,USA,189480,6290,0.0332,3.55,22329.5,204,109.46,44620.04,2.0,0.03319611568503272,3.55,109.45833333333333,1.9982552229113952,3.884314967277092e-06,0.0,0.0016666666666651508,0.0017447770886047653,3.319611568503272,1,1,1,1,0,0,0,0,0,0,0,1,0,0,0,0,0
2024-11-11,Meta Ads,Video,Fintech,UK,112518,1597,0.0142,1.08,1724.76,105,16.43,25379.08,14.71,0.014193284630014753,1.08,16.426285714285715,14.714557387694521,6.715369985248187e-06,0.0,0.003714285714284671,-0.0045573876945201874,1.4193284630014753,1,1,1,1,0,0,0,0,0,0,0,0,0,0,0,0,0
2024-08-12,Google Ads,Video,E-commerce,USA,116789,6586,0.0564,2.69,17716.34,220,80.53,34309.56,1.94,0.05639229721977241,2.69,80.52881818181818,1.936605416242858,7.70278022758919e-06,0.0,0.0011818181818199491,0.003394583757141856,5.639229721977241,1,1,1,1,0,0,0,0,0,0,0,0,0,0,0,0,0
2024-04-26,TikTok Ads,Search,SaaS,Germany,42575,2188,0.0514,1.8,3938.4,63,62.51,13519.27,3.43,0.05139166177334116,1.8,62.51428571428571,3.4326807840747513,8.338226658841097e-06,0.0,-0.004285714285714448,-0.0026807840747511413,5.139166177334116,1,1,1,1,0,0,0,0,0,0,0,0,0,0,0,0,0
2024-07-23,TikTok Ads,Video,Fintech,Canada,51557,2882,0.0559,1.25,3602.5,135,26.69,6028.08,1.67,0.05589929592489866,1.25,26.685185185185187,1.6733046495489243,7.04075101339019e-07,0.0,0.004814814814814383,-0.0033046495489243988,5.589929592489866,1,1,1,1,0,0,0,0,0,0,0,0,0,0,0,0,0
2024-01-06,Meta Ads,Video,Healthcare,Australia,131681,1725,0.0131,0.79,1362.75,108,12.62,31291.1,22.96,0.013099839764278825,0.79,12.618055555555555,22.96173179233168,1.602357211760025e-07,0.0,0.0019444444444438602,-0.0017317923316788608,1.3099839764278824,1,1,1,1,0,0,0,0,0,0,0,0,0,0,0,1,0
2024-05-11,Google Ads,Search,SaaS,Canada,89833,4536,0.0505,3.74,16964.64,166,102.2,42497.44,2.51,0.05049369385415159,3.7399999999999998,102.19662650602409,2.5050599364324855,6.3061458484142685e-06,4.440892098500626e-16,0.0033734939759142435,0.004940063567514308,5.049369385415159,1,1,1,1,0,0,0,0,0,0,1,0,0,0,0,0,0
2024-12-09,Meta Ads,Shopping,Fintech,USA,116161,4379,0.0377,1.77,7750.83,264,29.36,18090.29,2.33,0.03769767822246709,1.77,29.359204545454546,2.333981005905174,2.321777532905689e-06,0.0,0.000795454545453822,-0.00398100590517414,3.7697678222467093,1,1,1,1,0,0,0,0,0,0,0,0,0,0,0,0,0
2024-01-09,Google Ads,Search,SaaS,Australia,53544,1670,0.0312,1.41,2354.7,20,117.73,4659.21,1.98,0.03118930225608845,1.41,117.73499999999999,1.9786851828258378,1.069774391154743e-05,0.0,-0.004999999999981242,0.0013148171741621528,3.118930225608845,1,1,1,1,0,0,0,0,0,0,0,0,0,1,0,0,0
2024-12-13,Meta Ads,Shopping,Fintech,Canada,107126,3631,0.0339,1.08,3921.48,260,15.08,19151.86,4.88,0.03389466609413214,1.08,15.082615384615385,4.883834674663648,5.333905867856148e-06,0.0,-0.002615384615385352,-0.0038346746636479523,3.389466609413214,1,1,1,1,0,0,0,0,0,0,0,0,0,0,0,0,0
2024-10-29,Google Ads,Shopping,EdTech,USA,182395,8517,0.0467,3.45,29383.65,517,56.83,27133.78,0.92,0.04669535897365608,3.45,56.83491295938105,0.9234312279107598,4.641026343919774e-06,0.0,-0.004912959381051962,-0.003431227910759782,4.669535897365608,1,1,1,1,0,0,0,0,0,0,0,1,0,0,0,0,0
2024-10-15,Meta Ads,Video,SaaS,USA,39253,1122,0.0286,1.25,1402.5,81,17.31,15452.61,11.02,0.02858380251190992,1.25,17.314814814814813,11.01790374331551,1.6197488090081286e-05,0.0,-0.004814814814814383,0.0020962566844904273,2.858380251190992,1,1,1,1,0,0,0,0,0,0,0,0,0,0,0,0,0
2024-02-26,TikTok Ads,Search,E-commerce,Canada,109794,3886,0.0354,1.61,6256.46,73,85.7,9808.76,1.57,0.035393555203380875,1.61,85.70493150684932,1.5677811414122362,6.444796619126114e-06,0.0,-0.004931506849317202,0.002218858587763828,3.5393555203380873,1,1,1,1,0,0,0,0,0,0,0,0,0,0,0,0,0
2024-11-09,Google Ads,Video,E-commerce,UAE,27612,963,0.0349,3.3,3177.9,75,42.37,12575.02,3.96,0.0348761408083442,3.3000000000000003,42.372,3.9570219327228675,2.3859191655803413e-05,-4.440892098500626e-16,-0.0020000000000024443,0.0029780672771324568,3.48761408083442,1,1,1,1,0,0,0,0,0,0,0,0,0,0,0,0,0
2024-10-13,Meta Ads,Search,E-commerce,India,61994,1847,0.0298,0.8,1477.6,147,10.05,5622.21,3.8,0.029793205794109108,0.7999999999999999,10.051700680272107,3.804960747157553,6.79420589089208e-06,1.1102230246251565e-16,-0.0017006802721066805,-0.004960747157553236,2.9793205794109108,1,1,1,1,0,0,0,0,0,0,0,0,0,0,0,0,0
2024-10-05,Google Ads,Search,E-commerce,UAE,48953,2447,0.05,1.11,2716.17,144,18.86,17526.62,6.45,0.04998672195779626,1.11,18.862291666666668,6.4526962598070075,1.3278042203745954e-05,0.0,-0.002291666666668135,-0.002696259807007273,4.998672195779625,1,1,1,1,0,0,0,0,0,0,0,0,0,0,0,0,0
2024-04-18,Google Ads,Search,E-commerce,Germany,13484,382,0.0284,1.34,511.88,23,22.26,1623.76,3.17,0.028329872441412045,1.34,22.25565217391304,3.1721497225912323,7.012755858795683e-05,0.0,0.004347826086959827,-0.0021497225912323614,2.8329872441412043,1,1,1,1,0,0,0,0,0,0,0,0,0,0,0,0,0
2024-11-16,TikTok Ads,Display,EdTech,UK,13255,709,0.0535,1.32,935.88,37,25.29,11059.11,11.82,0.053489249339871744,1.32,25.294054054054055,11.816803436337993,1.0750660128254486e-05,0.0,-0.004054054054055456,0.003196563662006824,5.348924933987174,1,1,1,1,0,0,0,0,0,0,0,0,0,0,0,0,0
2024-11-08,Meta Ads,Video,EdTech,Australia,162889,4658,0.0286,1.11,5170.38,332,15.57,57094.6,11.04,0.0285961605756067,1.11,15.57343373493976,11.042631295958904,3.839424393300289e-06,0.0,-0.003433734939759958,-0.002631295958904545,2.85961605756067,1,1,1,1,0,0,0,0,0,0,0,0,0,0,0,0,0
2024-10-28,TikTok Ads,Shopping,Healthcare,UAE,21972,1915,0.0872,1.05,2010.75,36,55.85,2412.15,1.2,0.08715638084835245,1.05,55.854166666666664,1.199627004848937,4.361915164755037e-05,0.0,-0.004166666666662877,0.000372995151062927,8.715638084835245,1,1,1,1,0,0,0,0,0,1,0,0,0,0,0,0,0
2024-08-20,TikTok Ads,Shopping,SaaS,Canada,186136,13885,0.0746,0.95,13190.75,891,14.8,133397.7,10.11,0.07459599432672884,0.95,14.804433221099888,10.112973106153934,4.005673271162413e-06,0.0,-0.004433221099887419,-0.002973106153934424,7.459599432672884,1,1,1,1,0,0,0,0,1,0,0,0,1,0,1,0,0
2024-04-28,Google Ads,Display,Healthcare,UAE,135171,5231,0.0387,1.78,9311.18,149,62.49,19918.92,2.14,0.03869912925109676,1.78,62.491140939597315,2.1392476571175725,8.707489032380722e-07,0.0,-0.0011409395973132064,0.0007523428824276479,3.869912925109676,1,1,1,1,0,0,0,0,0,0,0,0,0,0,0,0,0
2024-03-27,Meta Ads,Search,Fintech,India,176656,2897,0.0164,1.87,5417.39,86,62.99,23130.95,4.27,0.016399103342088578,1.87,62.99290697674419,4.269759053714058,8.966579114234874e-07,0.0,-0.0029069767441853855,0.00024094628594184542,1.639910334208858,1,1,1,1,0,0,0,0,0,0,0,0,0,0,0,0,0
2024-02-06,Google Ads,Display,Healthcare,USA,51678,2966,0.0574,2.58,7652.28,192,39.86,21240.9,2.78,0.05739386199156314,2.58,39.855624999999996,2.7757609496777436,6.138008436858133e-06,0.0,0.004375000000003126,0.004239050322256244,5.739386199156314,1,1,1,1,0,0,0,0,0,0,0,0,0,0,0,0,0
2024-08-11,Meta Ads,Search,SaaS,Germany,26491,423,0.016,0.95,401.85,28,14.35,3219.77,8.01,0.01596768713902835,0.9500000000000001,14.351785714285715,8.012367798929949,3.231286097165123e-05,-1.1102230246251565e-16,-0.0017857142857149455,-0.0023677989299493163,1.5967687139028348,1,1,1,1,0,0,0,0,0,0,0,0,0,0,0,0,0
2024-09-15,Meta Ads,Shopping,Healthcare,UK,174862,3846,0.022,0.45,1730.7,299,5.79,67036.78,38.73,0.02199448708124121,0.45,5.788294314381271,38.73391113422314,5.512918758790453e-06,0.0,0.0017056856187291913,-0.003911134223145041,2.199448708124121,1,1,1,1,0,0,0,0,0,0,0,0,0,0,0,1,0
2024-10-13,Meta Ads,Video,E-commerce,Germany,77353,1895,0.0245,1.69,3202.55,73,43.87,9316.26,2.91,0.024498080229596784,1.6900000000000002,43.87054794520548,2.909013130161902,1.9197704032164475e-06,-2.220446049250313e-16,-0.0005479452054828471,0.0009868698380981478,2.4498080229596786,1,1,1,1,0,0,0,0,0,0,0,0,0,0,0,0,0
2024-03-17,Meta Ads,Shopping,EdTech,UAE,108726,2968,0.0273,2.32,6885.76,49,140.53,2393.62,0.35,0.027297978404429483,2.3200000000000003,140.5257142857143,0.34761885398271214,2.02159557051787e-06,-4.440892098500626e-16,0.004285714285714448,0.0023811460172878385,2.729797840442948,1,1,1,1,0,0,0,0,0,0,0,0,0,1,0,0,0
2024-06-28,Google Ads,Search,Fintech,UK,196883,10119,0.0514,1.48,14976.12,636,23.55,121588.49,8.12,0.05139600676543937,1.48,23.54735849056604,8.118824501940422,3.993234560628611e-06,0.0,0.002641509433960465,0.0011754980595775066,5.139600676543937,1,1,1,1,0,0,0,0,0,0,0,0,1,0,1,0,0
2024-12-23,Google Ads,Search,EdTech,UAE,180627,8074,0.0447,1.58,12756.92,266,47.96,72041.28,5.65,0.04469985107431337,1.58,47.95834586466165,5.647231463393985,1.4892568662994154e-07,0.0,0.0016541353383487944,0.0027685366060152816,4.469985107431337,1,1,1,1,0,0,0,0,0,0,0,0,0,0,0,0,0
2024-02-25,Google Ads,Video,SaaS,India,85196,2572,0.0302,2.29,5889.88,34,173.23,8900.58,1.51,0.030189210761068595,2.29,173.23176470588237,1.511164913376843,1.0789238931406542e-05,0.0,-0.001764705882379758,-0.001164913376842991,3.0189210761068597,1,1,1,1,0,0,0,0,0,0,0,0,0,1,0,0,0
2024-03-18,Google Ads,Video,E-commerce,Australia,74098,1911,0.0258,2.85,5446.35,91,59.85,9234.96,1.7,0.025790169775162623,2.85,59.85,1.6956236745710427,9.83022483737675e-06,0.0,0.0,0.004376325428957273,2.5790169775162624,1,1,1,1,0,0,0,0,0,0,0,0,0,0,0,0,0
2024-01-07,TikTok Ads,Search,Healthcare,UK,166711,13670,0.082,1.5,20505.0,592,34.64,43676.76,2.13,0.08199818848186383,1.5,34.63682432432432,2.130054133138259,1.8115181361771926e-06,0.0,0.0031756756756777804,-5.4133138259082614e-05,8.199818848186382,1,1,1,1,0,0,0,0,1,0,0,1,1,0,0,0,0
2024-09-18,Google Ads,Video,Healthcare,UAE,141501,6452,0.0456,2.97,19162.44,193,99.29,47970.13,2.5,0.04559685090564731,2.9699999999999998,99.28725388601036,2.503341432510682,3.149094352693227e-06,4.440892098500626e-16,0.0027461139896445275,-0.0033414325106821963,4.559685090564731,1,1,1,1,0,0,0,0,0,0,0,1,0,0,0,0,0
2024-03-30,Google Ads,Video,Fintech,UAE,81303,4154,0.0511,1.95,8100.3,121,66.94,35667.19,4.4,0.051092825602991276,1.95,66.94462809917356,4.40319370887498,7.174397008723188e-06,0.0,-0.004628099173558553,-0.003193708874979606,5.109282560299127,1,1,1,1,0,0,0,0,0,0,0,0,0,0,0,0,0
2024-01-13,TikTok Ads,Shopping,SaaS,India,83871,6382,0.0761,1.05,6701.1,196,34.19,31406.57,4.69,0.07609304765652013,1.05,34.18928571428572,4.68677829013147,6.952343479874057e-06,0.0,0.0007142857142810044,0.0032217098685300982,7.609304765652013,1,1,1,1,0,0,0,0,0,0,0,0,0,0,0,0,0
2024-11-05,Meta Ads,Video,Healthcare,Germany,178013,1886,0.0106,1.14,2150.04,83,25.9,22320.49,10.38,0.01059473184542702,1.14,25.904096385542168,10.381430112928133,5.268154572980396e-06,0.0,-0.004096385542169401,-0.001430112928131777,1.059473184542702,1,1,1,1,0,0,0,0,0,0,0,0,0,0,0,0,0
2024-09-10,Meta Ads,Search,EdTech,India,160341,2228,0.0139,0.86,1916.08,70,27.37,6302.54,3.29,0.01389538545973893,0.86,27.372571428571426,3.289288547451046,4.614540261068528e-06,0.0,-0.002571428571425116,0.0007114525489542167,1.3895385459738931,1,1,1,1,0,0,0,0,0,0,0,0,0,0,0,0,0
2024-06-15,Google Ads,Shopping,E-commerce,USA,138135,7721,0.0559,1.66,12816.86,112,114.44,4652.6,0.36,0.05589459586636262,1.6600000000000001,114.43625,0.3630062277344061,5.40413363737946e-06,-2.220446049250313e-16,0.0037499999999965894,-0.0030062277344061195,5.589459586636262,1,1,1,1,0,0,0,0,0,0,0,0,0,1,0,0,0
2024-10-09,Meta Ads,Display,E-commerce,Germany,72500,1341,0.0185,1.55,2078.55,30,69.29,5770.13,2.78,0.01849655172413793,1.55,69.28500000000001,2.776036179067138,3.4482758620689447e-06,0.0,0.0049999999999954525,0.00396382093286185,1.849655172413793,1,1,1,1,0,0,0,0,0,0,0,0,0,0,0,0,0
2024-01-28,TikTok Ads,Display,Healthcare,India,104626,9144,0.0874,1.1,10058.4,389,25.86,83739.39,8.33,0.08739701412650776,1.0999999999999999,25.857069408740358,8.325319136244334,2.9858734922477703e-06,2.220446049250313e-16,0.0029305912596413464,0.004680863755666564,8.739701412650776,1,1,1,1,0,0,0,0,0,1,0,0,0,0,0,0,0
2024-11-04,Google Ads,Shopping,Fintech,India,70107,4045,0.0577,2.72,11002.4,203,54.2,22267.98,2.02,0.057697519505898125,2.7199999999999998,54.19901477832512,2.0239202355849635,2.480494101876618e-06,4.440892098500626e-16,0.0009852216748811315,-0.003920235584963461,5.7697519505898125,1,1,1,1,0,0,0,0,0,0,0,0,0,0,0,0,0
2024-02-22,Meta Ads,Search,EdTech,USA,63952,1451,0.0227,2.24,3250.24,86,37.79,25126.44,7.73,0.022688891668751564,2.2399999999999998,37.79348837209302,7.7306414295559716,1.1108331248437658e-05,4.440892098500626e-16,-0.0034883720930238837,-0.0006414295559711292,2.2688891668751565,1,1,1,1,0,0,0,0,0,0,0,0,0,0,0,0,0
2024-04-05,Meta Ads,Shopping,E-commerce,UK,43148,979,0.0227,1.11,1086.69,71,15.31,7719.69,7.1,0.02268934828960786,1.11,15.30549295774648,7.103856665654417,1.0651710392141356e-05,0.0,0.004507042253520055,-0.003856665654417668,2.268934828960786,1,1,1,1,0,0,0,0,0,0,0,0,0,0,0,0,0
2024-03-06,Google Ads,Shopping,SaaS,UAE,193326,12334,0.0638,1.28,15787.52,715,22.08,196162.94,12.43,0.06379897168513289,1.28,22.080447552447552,12.425190276876926,1.0283148671047515e-06,0.0,-0.00044755244755378953,0.00480972312307415,6.379897168513289,1,1,1,1,0,0,0,0,1,0,0,0,1,0,1,0,0
2024-01-22,Meta Ads,Search,Fintech,USA,80507,2318,0.0288,0.71,1645.78,119,13.83,23887.12,14.51,0.028792527357869503,0.71,13.830084033613446,14.514163496943699,7.472642130496032e-06,0.0,-8.403361344555549e-05,-0.0041634969436987745,2.87925273578695,1,1,1,1,0,0,0,0,0,0,0,0,0,0,0,0,0
2024-01-27,Meta Ads,Search,Fintech,Canada,128556,4910,0.0382,0.88,4320.8,55,78.56,10684.27,2.47,0.038193472105541554,0.88,78.56,2.472752730975745,6.527894458444039e-06,0.0,0.0,-0.0027527309757449103,3.8193472105541555,1,1,1,1,0,0,0,0,0,0,0,0,0,0,0,0,0
2024-08-10,Meta Ads,Search,Healthcare,UK,29055,912,0.0314,1.47,1340.64,41,32.7,6404.23,4.78,0.03138874548270521,1.4700000000000002,32.69853658536586,4.776994569757727,1.1254517294785604e-05,-2.220446049250313e-16,0.0014634146341450105,0.003005430242272844,3.1388745482705214,1,1,1,1,0,0,0,0,0,0,0,0,0,0,0,0,0
2024-04-03,Meta Ads,Video,SaaS,UAE,172517,3191,0.0185,1.81,5775.71,96,60.16,13225.69,2.29,0.01849672785870378,1.81,60.163645833333334,2.2898812440375296,3.2721412962198604e-06,0.0,-0.003645833333337123,0.0001187559624704626,1.8496727858703779,1,1,1,1,0,0,0,0,0,0,0,0,0,0,0,0,0
2024-01-18,Meta Ads,Video,Fintech,Canada,84712,1473,0.0174,2.27,3343.71,74,45.19,3310.43,0.99,0.017388327509679856,2.27,45.18527027027027,0.9900469837396185,1.1672490320142892e-05,0.0,0.004729729729724852,-4.6983739618533527e-05,1.7388327509679855,1,1,1,1,0,0,0,0,0,0,0,0,0,0,0,0,0
2024-12-02,Google Ads,Video,Fintech,India,115760,2558,0.0221,3.19,8160.02,164,49.76,37092.55,4.55,0.022097442985487215,3.1900000000000004,49.75621951219512,4.5456444959693725,2.557014512787059e-06,-4.440892098500626e-16,0.0037804878048746104,0.004355504030627344,2.2097442985487215,1,1,1,1,0,0,0,0,0,0,0,0,0,0,0,0,0
2024-04-16,Google Ads,Search,Fintech,Germany,187831,7306,0.0389,1.37,10009.22,321,31.18,91963.37,9.19,0.03889666774920008,1.3699999999999999,31.1813707165109,9.1878657877437,3.33225079991728e-06,2.220446049250313e-16,-0.001370716510901815,0.002134212256299506,3.889666774920008,1,1,1,1,0,0,0,0,0,0,0,0,0,0,1,0,0
2024-01-18,Meta Ads,Video,Fintech,UK,72278,2421,0.0335,1.29,3123.09,26,120.12,5625.44,1.8,0.03349566949832591,1.29,120.11884615384616,1.8012417189386152,4.330501674094933e-06,0.0,0.0011538461538407319,-0.0012417189386151328,3.3495669498325906,1,1,1,1,0,0,0,0,0,0,0,0,0,1,0,0,0
2024-10-21,Google Ads,Search,EdTech,USA,121107,3148,0.026,2.39,7523.72,243,30.96,33241.31,4.42,0.025993542900080095,2.39,30.96181069958848,4.418201368471979,6.457099919903592e-06,0.0,-0.0018106995884785704,0.0017986315280209553,2.5993542900080095,1,1,1,1,0,0,0,0,0,0,0,0,0,0,0,0,0
2024-08-19,Google Ads,Shopping,Fintech,India,112930,2427,0.0215,0.95,2305.65,53,43.5,10549.62,4.58,0.021491189232267775,0.9500000000000001,43.50283018867925,4.575551362956216,8.810767732223002e-06,-1.1102230246251565e-16,-0.0028301886792476694,0.004448637043783954,2.1491189232267773,1,1,1,1,0,0,0,0,0,0,0,0,0,0,0,0,0
2024-12-14,Google Ads,Video,SaaS,Canada,94767,4662,0.0492,2.9,13519.8,136,99.41,33757.52,2.5,0.04919433980182975,2.9,99.41029411764706,2.4968949244811314,5.660198170248654e-06,0.0,-0.00029411764705855603,0.0031050755188686274,4.919433980182975,1,1,1,1,0,0,0,0,0,0,0,0,0,0,0,0,0
2024-10-28,TikTok Ads,Display,E-commerce,India,189933,13295,0.07,1.03,13693.85,284,48.22,45485.98,3.32,0.06999836784550341,1.03,48.217781690140846,3.321635624751257,1.6321544965974821e-06,0.0,0.002218309859152612,-0.0016356247512572253,6.999836784550341,1,1,1,1,0,0,0,0,1,0,0,0,0,0,0,0,0
2024-09-21,Meta Ads,Shopping,Fintech,Canada,17281,793,0.0459,1.18,935.74,46,20.34,12594.97,13.46,0.045888548116428445,1.18,20.342173913043478,13.459903391967854,1.1451883571558796e-05,0.0,-0.0021739130434781373,9.660803214650571e-05,4.588854811642844,1,1,1,1,0,0,0,0,0,0,0,0,0,0,0,0,0
2024-03-11,Google Ads,Video,Fintech,UK,41388,964,0.0233,3.04,2930.56,72,40.7,19679.4,6.72,0.023291775393833963,3.04,40.70222222222222,6.715235313387203,8.224606166038623e-06,0.0,-0.002222222222215464,0.004764686612796609,2.3291775393833962,1,1,1,1,0,0,0,0,0,0,0,0,0,0,0,0,0
2024-11-09,Google Ads,Shopping,EdTech,USA,52083,2781,0.0534,2.64,7341.84,160,45.89,39686.47,5.41,0.05339554173146708,2.64,45.8865,5.405520959323549,4.458268532923915e-06,0.0,0.003500000000002501,0.00447904067645144,5.339554173146708,1,1,1,1,0,0,0,0,0,0,0,0,0,0,0,0,0
2024-12-02,Google Ads,Video,E-commerce,UAE,110109,2378,0.0216,3.19,7585.82,41,185.02,6931.99,0.91,0.021596781371186733,3.19,185.01999999999998,0.9138089224368625,3.218628813268093e-06,0.0,2.842170943040401e-14,-0.003808922436862483,2.1596781371186733,1,1,1,1,0,0,0,0,0,0,0,0,0,1,0,0,0
2024-07-26,TikTok Ads,Display,Fintech,Canada,73743,1991,0.027,1.77,3524.07,155,22.74,29721.14,8.43,0.026999172802842305,1.77,22.735935483870968,8.433754153578107,8.271971576948034e-07,0.0,0.004064516129030693,-0.0037541535781073776,2.6999172802842306,1,1,1,1,0,0,0,0,0,0,0,0,0,0,0,0,0
2024-07-28,Google Ads,Shopping,Healthcare,Australia,79189,4315,0.0545,0.92,3969.8,197,20.15,21995.7,5.54,0.054489891272777785,0.92,20.151269035532994,5.540757720791979,1.010872722221473e-05,0.0,-0.0012690355329958436,-0.0007577207919791107,5.448989127277779,1,1,1,1,0,0,0,0,0,0,0,0,0,0,0,0,0
2024-12-13,Meta Ads,Search,Fintech,USA,179943,4174,0.0232,2.2,9182.8,289,31.77,32129.87,3.5,0.023196234363103873,2.1999999999999997,31.774394463667818,3.498918630483077,3.7656368961254405e-06,4.440892098500626e-16,-0.004394463667818371,0.0010813695169229476,2.3196234363103874,1,1,1,1,0,0,0,0,0,0,0,0,0,0,0,0,0
2024-03-08,Google Ads,Search,E-commerce,Canada,22414,472,0.0211,2.51,1184.72,34,34.84,7160.99,6.04,0.021058267154457036,2.5100000000000002,34.84470588235294,6.044457762171652,4.173284554296469e-05,-4.440892098500626e-16,-0.0047058823529368965,-0.004457762171652391,2.1058267154457035,1,1,1,1,0,0,0,0,0,0,0,0,0,0,0,0,0
2024-11-07,Meta Ads,Video,SaaS,Australia,107299,2585,0.0241,1.32,3412.2,110,31.02,23820.26,6.98,0.02409155723725291,1.3199999999999998,31.02,6.980909677041205,8.442762747088578e-06,2.220446049250313e-16,0.0,-0.0009096770412044819,2.409155723725291,1,1,1,1,0,0,0,0,0,0,0,0,0,0,0,0,0
2024-04-03,TikTok Ads,Shopping,SaaS,Australia,68815,3172,0.0461,0.79,2505.88,76,32.97,2602.57,1.04,0.046094601467703264,0.79,32.97210526315789,1.038585247497885,5.3985322967381455e-06,0.0,-0.002105263157893944,0.0014147525021150908,4.609460146770326,1,1,1,1,0,0,0,0,0,0,0,0,0,0,0,0,0
2024-10-24,Google Ads,Display,EdTech,Germany,164457,8321,0.0506,1.76,14644.96,610,24.01,27104.12,1.85,0.05059681254066412,1.7599999999999998,24.008131147540983,1.850747287804132,3.187459335876608e-06,2.220446049250313e-16,0.0018688524590189104,-0.0007472878041319131,5.059681254066413,1,1,1,1,0,0,0,0,0,0,0,0,1,0,0,0,0
2024-11-17,Google Ads,Display,E-commerce,India,105477,6391,0.0606,1.84,11759.44,116,101.37,17001.07,1.45,0.06059140855352352,1.84,101.3744827586207,1.4457380623567109,8.591446476483022e-06,0.0,-0.004482758620696359,0.004261937643289082,6.059140855352352,1,1,1,1,0,0,0,0,0,0,0,0,0,0,0,0,0
2024-12-05,Google Ads,Video,Fintech,UK,160816,9745,0.0606,1.22,11888.9,553,21.5,62922.41,5.29,0.06059720425828276,1.22,21.49891500904159,5.292534212584848,2.795741717243061e-06,0.0,0.0010849909584109696,-0.0025342125848482056,6.059720425828276,1,1,1,1,0,0,0,0,0,0,0,0,1,0,0,0,0
2024-09-02,Google Ads,Display,Healthcare,UK,23904,609,0.0255,1.66,1010.94,35,28.88,7211.31,7.13,0.02547690763052209,1.6600000000000001,28.884,7.133272004273251,2.3092369477908936e-05,-2.220446049250313e-16,-0.004000000000001336,-0.003272004273251028,2.5476907630522088,1,1,1,1,0,0,0,0,0,0,0,0,0,0,0,0,0
2024-12-30,Meta Ads,Display,SaaS,USA,60448,1493,0.0247,2.29,3418.97,89,38.42,24577.78,7.19,0.02469891476971943,2.29,38.41539325842697,7.188650383010088,1.0852302805702818e-06,0.0,0.004606741573034867,0.0013496169899127608,2.469891476971943,1,1,1,1,0,0,0,0,0,0,0,0,0,0,0,0,0
2024-08-24,TikTok Ads,Video,Fintech,UAE,138332,9558,0.0691,0.35,3345.3,195,17.16,26087.06,7.8,0.06909464187606627,0.35000000000000003,17.155384615384616,7.798122739365677,5.35812393372137e-06,-5.551115123125783e-17,0.004615384615384244,0.0018772606343224751,6.909464187606627,1,1,1,1,0,0,0,0,0,0,0,0,0,0,0,0,0
2024-03-12,Google Ads,Video,SaaS,India,112399,3585,0.0319,3.11,11149.35,91,122.52,20140.14,1.81,0.03189530155962242,3.1100000000000003,122.52032967032967,1.8063958885495566,4.6984403775790495e-06,-4.440892098500626e-16,-0.000329670329676901,0.0036041114504434812,3.1895301559622418,1,1,1,1,0,0,0,0,0,0,0,0,0,1,0,0,0
2024-02-16,Google Ads,Video,E-commerce,Germany,180069,5780,0.0321,1.47,8496.6,272,31.24,74348.97,8.75,0.03209880656859315,1.47,31.2375,8.750437822187699,1.193431406844303e-06,0.0,0.0024999999999977263,-0.0004378221876990551,3.2098806568593155,1,1,1,1,0,0,0,0,0,0,0,0,0,0,0,0,0
2024-09-27,Meta Ads,Shopping,Fintech,USA,155354,3371,0.0217,1.27,4281.17,100,42.81,7916.95,1.85,0.021698829769429818,1.27,42.8117,1.8492491538528018,1.1702305701827287e-06,0.0,-0.0016999999999995907,0.0007508461471983363,2.169882976942982,1,1,1,1,0,0,0,0,0,0,0,0,0,0,0,0,0
2024-05-15,Meta Ads,Shopping,Fintech,UAE,163564,1946,0.0119,0.66,1284.36,72,17.84,6787.22,5.28,0.011897483553838253,0.6599999999999999,17.83833333333333,5.2845152449469,2.5164461617474543e-06,1.1102230246251565e-16,0.0016666666666687036,-0.004515244946899699,1.1897483553838253,1,1,1,1,0,0,0,0,0,0,0,0,0,0,0,0,0
2024-01-11,TikTok Ads,Display,Fintech,UK,146587,5995,0.0409,1.52,9112.4,161,56.6,27684.26,3.04,0.04089721462339771,1.52,56.59875776397515,3.038086563364207,2.7853766022892246e-06,0.0,0.0012422360248507403,0.001913436635792909,4.089721462339771,1,1,1,1,0,0,0,0,0,0,0,0,0,0,0,0,0
2024-03-29,Google Ads,Display,Healthcare,USA,79843,2427,0.0304,1.43,3470.61,127,27.33,27833.99,8.02,0.030397154415540497,1.4300000000000002,27.327637795275592,8.019912925969786,2.845584459502948e-06,-2.220446049250313e-16,0.0023622047244060695,8.70740302136852e-05,3.0397154415540495,1,1,1,1,0,0,0,0,0,0,0,0,0,0,0,0,0
2024-10-11,Meta Ads,Video,SaaS,Canada,128245,2949,0.023,1.59,4688.91,85,55.16,8616.72,1.84,0.02299504853990409,1.5899999999999999,55.16364705882353,1.837680825607657,4.951460095908855e-06,2.220446049250313e-16,-0.003647058823531779,0.002319174392342971,2.2995048539904093,1,1,1,1,0,0,0,0,0,0,0,0,0,0,0,0,0
2024-09-26,Google Ads,Shopping,Fintech,Australia,161252,8046,0.0499,3.05,24540.3,550,44.62,130994.6,5.34,0.0498970555403964,3.05,44.61872727272727,5.337938004017881,2.9444596036029558e-06,0.0,0.0012727272727275363,0.0020619959821184253,4.98970555403964,1,1,1,1,0,0,0,0,0,0,0,1,1,0,1,0,0
2024-01-24,TikTok Ads,Shopping,SaaS,Germany,107262,5127,0.0478,1.24,6357.48,343,18.53,93405.13,14.69,0.047798847681378306,1.24,18.534927113702622,14.692162617892626,1.1523186216957915e-06,0.0,-0.004927113702621,-0.002162617892626173,4.779884768137831,1,1,1,1,0,0,0,0,0,0,0,0,0,0,1,0,0
2024-05-24,Meta Ads,Video,SaaS,Germany,22139,458,0.0207,0.43,196.94,8,24.62,2367.39,12.02,0.020687474592348345,0.43,24.6175,12.020869300294505,1.252540765165483e-05,0.0,0.002500000000001279,-0.0008693002945054928,2.0687474592348343,1,1,1,1,0,0,0,0,0,0,0,0,0,0,0,0,0
2024-04-17,Meta Ads,Shopping,SaaS,India,30618,719,0.0235,1.27,913.13,40,22.83,6289.61,6.89,0.02348291854464694,1.27,22.82825,6.887967759245671,1.7081455353059466e-05,0.0,0.0017499999999976978,0.002032240754328285,2.3482918544646942,1,1,1,1,0,0,0,0,0,0,0,0,0,0,0,0,0
2024-12-12,Google Ads,Search,Healthcare,Canada,78606,3914,0.0498,1.23,4814.22,88,54.71,6101.96,1.27,0.04979263669439992,1.23,54.70704545454546,1.2674867372076888,7.363305600076309e-06,0.0,0.0029545454545427674,0.0025132627923112327,4.979263669439992,1,1,1,1,0,0,0,0,0,0,0,0,0,0,0,0,0
2024-02-22,Google Ads,Display,SaaS,Germany,31885,1613,0.0506,1.01,1629.13,67,24.32,19023.45,11.68,0.050588050807589775,1.01,24.31537313432836,11.677060762492864,1.1949192410223852e-05,0.0,0.00462686567163928,0.002939237507135317,5.058805080758978,1,1,1,1,0,0,0,0,0,0,0,0,0,0,0,0,0
2024-08-18,TikTok Ads,Shopping,EdTech,Canada,11713,334,0.0286,1.46,487.64,13,37.51,2344.33,4.81,0.028515324852727737,1.46,37.51076923076923,4.807501435485194,8.467514727226316e-05,0.0,-0.000769230769229523,0.002498564514805679,2.8515324852727737,1,1,1,1,0,0,0,0,0,0,0,0,0,0,0,0,0
2024-04-04,Meta Ads,Shopping,E-commerce,UK,26637,479,0.018,0.83,397.57,35,11.36,1488.52,3.74,0.01798250553741037,0.83,11.359142857142857,3.744045073823478,1.749446258962964e-05,0.0,0.0008571428571428896,-0.0040450738234776296,1.798250553741037,1,1,1,1,0,0,0,0,0,0,0,0,0,0,0,0,0
2024-07-30,Google Ads,Display,EdTech,India,44387,1886,0.0425,2.81,5299.66,112,47.32,16115.2,3.04,0.04248991821929844,2.81,47.318392857142854,3.0407988436994073,1.0081780701561016e-05,0.0,0.0016071428571464708,-0.0007988436994073034,4.248991821929844,1,1,1,1,0,0,0,0,0,0,0,0,0,0,0,0,0
2024-01-03,Meta Ads,Search,E-commerce,UK,91392,2705,0.0296,2.04,5518.2,87,63.43,12147.08,2.2,0.029597776610644257,2.04,63.42758620689655,2.2012757783335144,2.223389355744676e-06,0.0,0.0024137931034502458,-0.0012757783335142214,2.9597776610644257,1,1,1,1,0,0,0,0,0,0,0,0,0,0,0,0,0
2024-09-24,TikTok Ads,Search,EdTech,UK,31727,2233,0.0704,0.46,1027.18,74,13.88,9946.57,9.68,0.07038169382544836,0.46,13.88081081081081,9.683375844545258,1.8306174551646626e-05,0.0,-0.0008108108108100254,-0.0033758445452587438,7.038169382544836,1,1,1,1,0,0,0,0,0,0,0,0,0,0,0,0,0
2024-08-23,Meta Ads,Shopping,SaaS,Germany,154676,1624,0.0105,1.69,2744.56,26,105.56,1813.36,0.66,0.010499366417543768,1.69,105.56,0.6607106421430029,6.335824562324344e-07,0.0,0.0,-0.0007106421430028709,1.0499366417543767,1,1,1,1,0,0,0,0,0,0,0,0,0,0,0,0,0
2024-08-14,Meta Ads,Shopping,E-commerce,UK,122710,5129,0.0418,1.02,5231.58,157,33.32,24344.87,4.65,0.0417977344959661,1.02,33.32216560509554,4.653445039548282,2.265504033899246e-06,0.0,-0.002165605095541423,-0.003445039548281237,4.17977344959661,1,1,1,1,0,0,0,0,0,0,0,0,0,0,0,0,0
2024-12-22,TikTok Ads,Search,EdTech,Canada,194117,16422,0.0846,1.33,21841.26,1133,19.28,121361.12,5.56,0.0845984638130612,1.3299999999999998,19.277369814651365,5.55650727110066,1.536186938794204e-06,2.220446049250313e-16,0.002630185348635905,0.0034927288993396033,8.45984638130612,1,1,1,1,0,0,0,0,1,0,0,1,1,0,1,0,0
2024-02-03,TikTok Ads,Shopping,Healthcare,Australia,23043,1534,0.0666,1.36,2086.24,119,17.53,6284.67,3.01,0.06657119298702426,1.3599999999999999,17.53142857142857,3.012438645601657,2.8807012975751167e-05,2.220446049250313e-16,-0.0014285714285691142,-0.0024386456016571856,6.657119298702425,1,1,1,1,0,0,0,0,0,0,0,0,0,0,0,0,0
2024-02-23,Google Ads,Search,Fintech,USA,21198,703,0.0332,1.96,1377.88,28,49.21,6226.83,4.52,0.033163505991131235,1.9600000000000002,49.21,4.519138096205765,3.649400886876486e-05,-2.220446049250313e-16,0.0,0.0008619037942345642,3.3163505991131235,1,1,1,1,0,0,0,0,0,0,0,0,0,0,0,0,0
2024-06-20,Meta Ads,Display,Healthcare,India,132208,3133,0.0237,1.57,4918.81,183,26.88,53669.78,10.91,0.023697506958731695,1.57,26.87874316939891,10.911130944273106,2.4930412683039915e-06,0.0,0.0012568306010898311,-0.0011309442731057828,2.3697506958731696,1,1,1,1,0,0,0,0,0,0,0,0,0,0,0,0,0
2024-02-16,Meta Ads,Shopping,Fintech,India,19040,784,0.0412,1.93,1513.12,39,38.8,5591.9,3.7,0.041176470588235294,1.93,38.797948717948714,3.695609072644602,2.3529411764706964e-05,0.0,0.002051282051283465,0.004390927355398144,4.117647058823529,1,1,1,1,0,0,0,0,0,0,0,0,0,0,0,0,0
2024-03-15,Google Ads,Display,Healthcare,India,157270,5535,0.0352,1.0,5535.0,356,15.55,86412.59,15.61,0.03519425192344376,1.0,15.547752808988765,15.612030713640468,5.748076556240378e-06,0.0,0.0022471910112358273,-0.0020307136404689174,3.519425192344376,1,1,1,1,0,0,0,0,0,0,0,0,0,0,0,0,0
2024-01-07,Google Ads,Video,E-commerce,UK,33433,1698,0.0508,2.93,4975.14,60,82.92,4216.81,0.85,0.05078814345108127,2.93,82.91900000000001,0.8475761486108934,1.1856548918727505e-05,0.0,0.000999999999990564,0.0024238513891066127,5.078814345108127,1,1,1,1,0,0,0,0,0,0,0,0,0,0,0,0,0
2024-03-27,Meta Ads,Video,Fintech,Germany,94786,2682,0.0283,1.5,4023.0,155,25.95,6510.51,1.62,0.02829531787394763,1.5,25.954838709677418,1.6183221476510068,4.68212605236884e-06,0.0,-0.004838709677418507,0.001677852348993314,2.829531787394763,1,1,1,1,0,0,0,0,0,0,0,0,0,0,0,0,0
2024-04-25,Meta Ads,Display,E-commerce,Australia,144895,2158,0.0149,1.92,4143.36,151,27.44,25541.81,6.16,0.014893543600538321,1.92,27.439470198675494,6.16451623802904,6.4563994616791825e-06,0.0,0.0005298013245074173,-0.004516238029039776,1.4893543600538321,1,1,1,1,0,0,0,0,0,0,0,0,0,0,0,0,0
2024-12-10,Meta Ads,Display,Fintech,Germany,57996,1705,0.0294,2.04,3478.2,127,27.39,26935.06,7.74,0.02939857921235947,2.04,27.38740157480315,7.743965269392215,1.4207876405276931e-06,0.0,0.0025984251968509398,-0.003965269392215198,2.939857921235947,1,1,1,1,0,0,0,0,0,0,0,0,0,0,0,0,0
2024-09-02,Google Ads,Shopping,Healthcare,Canada,154631,4793,0.031,3.14,15050.02,155,97.1,15403.3,1.02,0.030996372008200167,3.14,97.09690322580646,1.0234737229585076,3.6279917998323363e-06,0.0,0.003096774193537044,-0.0034737229585075635,3.0996372008200166,1,1,1,1,0,0,0,0,0,0,0,0,0,0,0,0,0
2024-02-28,Meta Ads,Video,SaaS,Germany,56209,1405,0.025,2.39,3357.95,94,35.72,20195.05,6.01,0.024995997082317777,2.3899999999999997,35.72287234042553,6.014100865111154,4.002917682224827e-06,4.440892098500626e-16,-0.002872340425533082,-0.004100865111154484,2.4995997082317776,1,1,1,1,0,0,0,0,0,0,0,0,0,0,0,0,0
2024-07-06,TikTok Ads,Video,SaaS,Canada,187411,15667,0.0836,0.43,6736.81,996,6.76,51799.95,7.69,0.08359701404933542,0.43000000000000005,6.76386546184739,7.689091721452734,2.985950664571857e-06,-5.551115123125783e-17,-0.003865461847389895,0.0009082785472660504,8.359701404933542,1,1,1,1,0,0,0,0,1,0,0,0,1,0,0,0,0
2024-09-10,Google Ads,Video,Fintech,India,46583,2319,0.0498,2.76,6400.44,50,128.01,11413.39,1.78,0.04978210935319752,2.76,128.00879999999998,1.7832195911531084,1.7890646802479204e-05,0.0,0.0012000000000114142,-0.0032195911531083254,4.978210935319752,1,1,1,1,0,0,0,0,0,0,0,0,0,1,0,0,0
2024-03-09,Meta Ads,Display,E-commerce,Canada,17438,371,0.0213,1.63,604.73,19,31.83,902.7,1.49,0.021275375616469777,1.6300000000000001,31.827894736842108,1.4927322937509302,2.4624383530222338e-05,-2.220446049250313e-16,0.0021052631578903913,-0.0027322937509302037,2.1275375616469776,1,1,1,1,0,0,0,0,0,0,0,0,0,0,0,0,0
2024-03-11,Google Ads,Video,SaaS,UAE,122784,6237,0.0508,2.69,16777.53,134,125.21,15407.61,0.92,0.05079652071931196,2.69,125.20544776119402,0.9183479332178218,3.4792806880359906e-06,0.0,0.004552238805970887,0.0016520667821782187,5.079652071931196,1,1,1,1,0,0,0,0,0,0,0,0,0,1,0,0,0
2024-09-08,Meta Ads,Shopping,EdTech,Germany,151730,2063,0.0136,0.74,1526.62,32,47.71,6146.93,4.03,0.01359652013444935,0.74,47.706875,4.026496443122716,3.4798655506491916e-06,0.0,0.0031250000000042633,0.0035035568772840975,1.359652013444935,1,1,1,1,0,0,0,0,0,0,0,0,0,0,0,0,0
2024-08-20,Google Ads,Search,Fintech,India,83498,3531,0.0423,1.03,3636.93,234,15.54,36561.1,10.05,0.042288438046420275,1.03,15.542435897435897,10.052736786245543,1.156195357972234e-05,0.0,-0.0024358974358982266,-0.0027367862455420777,4.228843804642027,1,1,1,1,0,0,0,0,0,0,0,0,0,0,0,0,0
2024-10-21,TikTok Ads,Shopping,Fintech,UK,194060,11721,0.0604,1.73,20277.33,504,40.23,76238.77,3.76,0.060398845717819234,1.7300000000000002,40.23279761904762,3.759803189078641,1.1542821807680737e-06,-2.220446049250313e-16,-0.002797619047626654,0.00019681092135881428,6.039884571781924,1,1,1,1,0,0,0,0,1,0,0,1,0,0,0,0,0
2024-03-17,Google Ads,Shopping,E-commerce,Germany,30118,951,0.0316,3.28,3119.28,30,103.98,2408.76,0.77,0.031575801846072116,3.2800000000000002,103.97600000000001,0.7722166653843194,2.4198153927887378e-05,-4.440892098500626e-16,0.003999999999990678,-0.002216665384319416,3.1575801846072116,1,1,1,1,0,0,0,0,0,0,0,0,0,0,0,0,0
2024-03-05,Meta Ads,Search,Healthcare,USA,88904,1724,0.0194,1.0,1724.0,59,29.22,8894.16,5.16,0.01939170341042023,1.0,29.220338983050848,5.159025522041763,8.296589579771807e-06,0.0,-0.0003389830508488956,0.0009744779582367968,1.939170341042023,1,1,1,1,0,0,0,0,0,0,0,0,0,0,0,0,0
2024-12-18,Google Ads,Display,Healthcare,Australia,119911,4592,0.0383,2.83,12995.36,163,79.73,24856.01,1.91,0.03829506884272502,2.83,79.72613496932516,1.9126834500929562,4.931157274977449e-06,0.0,0.0038650306748451158,-0.00268345009295623,3.829506884272502,1,1,1,1,0,0,0,0,0,0,0,0,0,0,0,0,0
2024-05-22,Meta Ads,Search,EdTech,UK,184702,5134,0.0278,2.01,10319.34,70,147.42,16883.49,1.64,0.027796125651048716,2.0100000000000002,147.41914285714287,1.6361017274360572,3.874348951281997e-06,-4.440892098500626e-16,0.0008571428571144679,0.0038982725639427063,2.7796125651048715,1,1,1,1,0,0,0,0,0,0,0,0,0,1,0,0,0
2024-04-11,Meta Ads,Video,Fintech,USA,5209,198,0.0381,0.7,138.6,3,46.2,490.6,3.54,0.03801113457477443,0.7,46.199999999999996,3.53968253968254,8.88654252255705e-05,0.0,7.105427357601002e-15,0.0003174603174600499,3.801113457477443,1,1,1,1,0,0,0,0,0,0,0,0,0,0,0,0,0
2024-06-19,Meta Ads,Display,E-commerce,India,88717,816,0.0092,1.87,1525.92,46,33.17,4879.02,3.2,0.009197786219101186,1.87,33.17217391304348,3.197428436615288,2.213780898813536e-06,0.0,-0.0021739130434781373,0.0025715633847123165,0.9197786219101186,1,1,1,1,0,0,0,0,0,0,0,0,0,0,0,0,0
2024-08-06,Google Ads,Shopping,E-commerce,India,146788,6003,0.0409,2.42,14527.26,476,30.52,104420.05,7.19,0.040895713546066435,2.42,30.519453781512606,7.187869563840669,4.286453933563528e-06,0.0,0.0005462184873934461,0.0021304361593310617,4.089571354606644,1,1,1,1,0,0,0,0,0,0,0,0,0,0,1,0,0
2024-01-30,Google Ads,Video,SaaS,Australia,89052,2591,0.0291,3.66,9483.06,190,49.91,12653.72,1.33,0.029095360014373624,3.6599999999999997,49.91084210526316,1.3343498828437235,4.6399856263763806e-06,4.440892098500626e-16,-0.0008421052631604198,-0.004349882843723396,2.9095360014373624,1,1,1,1,0,0,0,0,0,0,0,0,0,0,0,0,0
2024-10-29,Google Ads,Shopping,E-commerce,Germany,46971,2437,0.0519,2.04,4971.48,141,35.26,14817.7,2.98,0.051883076792063186,2.04,35.25872340425531,2.9805410058976407,1.692320793681562e-05,0.0,0.0012765957446845277,-0.0005410058976407228,5.188307679206319,1,1,1,1,0,0,0,0,0,0,0,0,0,0,0,0,0
2024-09-26,Meta Ads,Shopping,E-commerce,UK,185419,7750,0.0418,1.38,10695.0,400,26.74,13470.33,1.26,0.04179722682141528,1.38,26.7375,1.2594978962131838,2.7731785847140422e-06,0.0,0.0024999999999977263,0.0005021037868162548,4.179722682141528,1,1,1,1,0,0,0,0,0,0,0,0,0,0,0,0,0
2024-06-27,Google Ads,Display,EdTech,UAE,36391,1684,0.0463,3.59,6045.56,18,335.86,4868.51,0.81,0.046275177928608725,3.5900000000000003,335.8644444444445,0.8053033962114345,2.482207139127557e-05,-4.440892098500626e-16,-0.00444444444445935,0.004696603788565512,4.627517792860872,1,1,1,1,0,0,0,0,0,0,0,0,0,1,0,0,0
2024-04-03,Google Ads,Display,EdTech,India,169575,3730,0.022,2.71,10108.3,284,35.59,8952.89,0.89,0.021996166887807755,2.71,35.59260563380281,0.885696902545433,3.833112192243304e-06,0.0,-0.002605633802808427,0.004303097454567029,2.1996166887807753,1,1,1,1,0,0,0,0,0,0,0,0,0,0,0,0,0
2024-07-24,Google Ads,Video,E-commerce,UK,146656,5719,0.039,1.75,10008.25,357,28.03,62250.35,6.22,0.03899601789221034,1.75,28.034313725490197,6.219903579546874,3.98210778965874e-06,0.0,-0.004313725490195708,9.64204531257451e-05,3.899601789221034,1,1,1,1,0,0,0,0,0,0,0,0,0,0,0,0,0
2024-05-25,Google Ads,Display,Fintech,Germany,116972,6269,0.0536,2.83,17741.27,83,213.75,8852.61,0.5,0.05359402250111138,2.83,213.75024096385542,0.4989840073455846,5.977498888622146e-06,0.0,-0.00024096385541838572,0.0010159926544153763,5.359402250111138,1,1,1,1,0,0,0,0,0,0,0,0,0,1,0,0,0
2024-11-17,Meta Ads,Search,SaaS,Canada,45664,516,0.0113,1.67,861.72,34,25.34,7132.56,8.28,0.011299929922915206,1.6700000000000002,25.34470588235294,8.277120178248156,7.00770847929938e-08,-2.220446049250313e-16,-0.004705882352940449,0.0028798217518435365,1.1299929922915206,1,1,1,1,0,0,0,0,0,0,0,0,0,0,0,0,0
2024-12-15,Meta Ads,Shopping,SaaS,UK,125759,2804,0.0223,1.75,4907.0,164,29.92,46752.65,9.53,0.022296614953999316,1.75,29.920731707317074,9.52774607703281,3.385046000684011e-06,0.0,-0.0007317073170725052,0.0022539229671885153,2.229661495399932,1,1,1,1,0,0,0,0,0,0,0,0,0,0,0,0,0
2024-03-24,Google Ads,Shopping,EdTech,UAE,26529,1106,0.0417,1.78,1968.68,78,25.24,2995.39,1.52,0.0416902257906442,1.78,25.23948717948718,1.5215220350691834,9.774209355800645e-06,0.0,0.0005128205128173136,-0.0015220350691833584,4.16902257906442,1,1,1,1,0,0,0,0,0,0,0,0,0,0,0,0,0
2024-12-13,TikTok Ads,Shopping,EdTech,India,114863,5766,0.0502,1.63,9398.58,89,105.6,22499.92,2.39,0.05019893264149465,1.63,105.60202247191012,2.393970152937997,1.067358505350835e-06,0.0,-0.0020224719101236133,-0.00397015293799674,5.019893264149465,1,1,1,1,0,0,0,0,0,0,0,0,0,0,0,0,0
2024-10-24,Meta Ads,Display,Healthcare,USA,171353,5534,0.0323,1.86,10293.24,221,46.58,52725.19,5.12,0.03229590377758195,1.8599999999999999,46.57574660633484,5.12231231371269,4.0962224180512985e-06,2.220446049250313e-16,0.004253393665159422,-0.0023123137126894733,3.229590377758195,1,1,1,1,0,0,0,0,0,0,0,0,0,0,0,0,0
2024-12-22,Meta Ads,Shopping,EdTech,UK,49522,1554,0.0314,1.71,2657.34,23,115.54,1909.73,0.72,0.03137999273050361,1.7100000000000002,115.53652173913044,0.7186622712938502,2.0007269496385982e-05,-2.220446049250313e-16,0.003478260869570704,0.0013377287061497878,3.137999273050361,1,1,1,1,0,0,0,0,0,0,0,0,0,1,0,0,0
2024-05-03,Google Ads,Search,Healthcare,India,136135,7936,0.0583,1.36,10792.96,406,26.58,40442.85,3.75,0.05829507474198406,1.3599999999999999,26.583645320197043,3.7471509206000952,4.92525801593785e-06,2.220446049250313e-16,-0.003645320197044555,0.0028490793999047526,5.829507474198406,1,1,1,1,0,0,0,0,0,0,0,0,0,0,0,0,0
2024-05-11,Meta Ads,Video,Healthcare,UK,172108,6109,0.0355,2.28,13928.52,435,32.02,13163.33,0.95,0.035495154205498876,2.2800000000000002,32.019586206896555,0.9450630792072667,4.845794501120992e-06,-4.440892098500626e-16,0.0004137931034478015,0.004936920792733224,3.549515420549888,1,1,1,1,0,0,0,0,0,0,0,0,0,0,0,0,0
2024-10-24,TikTok Ads,Video,EdTech,India,193151,12168,0.063,1.13,13749.84,612,22.47,109401.0,7.96,0.0629973440468856,1.1300000000000001,22.467058823529413,7.956528948700494,2.655953114397147e-06,-2.220446049250313e-16,0.0029411764705855603,0.0034710512995062004,6.29973440468856,1,1,1,1,0,0,0,0,1,0,0,0,1,0,1,0,0
2024-06-21,TikTok Ads,Display,EdTech,Canada,102519,4285,0.0418,1.2,5142.0,137,37.53,26733.75,5.2,0.04179713028804417,1.2,37.53284671532847,5.199095682613769,2.8697119558301898e-06,0.0,-0.002846715328466587,0.0009043173862313125,4.179713028804417,1,1,1,1,0,0,0,0,0,0,0,0,0,0,0,0,0
2024-09-06,Google Ads,Shopping,Healthcare,Germany,36092,1050,0.0291,3.68,3864.0,34,113.65,1685.69,0.44,0.02909231962761831,3.68,113.6470588235294,0.4362551759834369,7.680372381690947e-06,0.0,0.002941176470599771,0.0037448240165631197,2.909231962761831,1,1,1,1,0,0,0,0,0,0,0,0,0,1,0,0,0
2024-09-01,TikTok Ads,Video,EdTech,Australia,6628,261,0.0395,1.28,334.08,11,30.37,2224.48,6.66,0.03937839468919734,1.28,30.37090909090909,6.65852490421456,0.00012160531080265824,0.0,-0.0009090909090900823,0.0014750957854401392,3.937839468919734,1,1,1,1,0,0,0,0,0,0,0,0,0,0,0,0,0
2024-03-23,Meta Ads,Video,SaaS,UK,28593,694,0.0243,1.58,1096.52,7,156.65,2098.0,1.91,0.024271674885461475,1.58,156.6457142857143,1.9133257943311568,2.8325114538523682e-05,0.0,0.004285714285714448,-0.0033257943311568727,2.4271674885461474,1,1,1,1,0,0,0,0,0,0,0,0,0,1,0,0,0
2024-06-03,Meta Ads,Search,EdTech,Germany,186845,4204,0.0225,1.81,7609.24,275,27.67,24004.25,3.15,0.022499933099628035,1.81,27.669963636363637,3.154618595286783,6.69003719644401e-08,0.0,3.6363636365166485e-05,-0.004618595286783211,2.2499933099628033,1,1,1,1,0,0,0,0,0,0,0,0,0,0,0,0,0
2024-08-14,Meta Ads,Search,Fintech,USA,25930,609,0.0235,0.55,334.95,7,47.85,509.29,1.52,0.02348630929425376,0.5499999999999999,47.85,1.5204955963576654,1.3690705746239457e-05,1.1102230246251565e-16,0.0,-0.0004955963576653843,2.348630929425376,1,1,1,1,0,0,0,0,0,0,0,0,0,0,0,0,0
2024-10-26,Google Ads,Display,Fintech,UAE,114914,3803,0.0331,2.69,10230.07,224,45.67,67007.76,6.55,0.03309431400873697,2.69,45.669955357142854,6.550078347459988,5.685991263028323e-06,0.0,4.4642857147891846e-05,-7.83474599881373e-05,3.309431400873697,1,1,1,1,0,0,0,0,0,0,0,0,0,0,0,0,0
2024-09-27,Google Ads,Display,EdTech,Australia,34652,866,0.025,1.57,1359.62,43,31.62,2728.57,2.01,0.02499134249105391,1.5699999999999998,31.619069767441857,2.0068622115002723,8.657508946092324e-06,2.220446049250313e-16,0.0009302325581437287,0.0031377884997274563,2.4991342491053907,1,1,1,1,0,0,0,0,0,0,0,0,0,0,0,0,0
2024-02-21,Google Ads,Display,EdTech,India,136585,5668,0.0415,2.89,16380.52,120,136.5,20065.19,1.22,0.04149796829812937,2.89,136.50433333333334,1.2249421874275053,2.03170187063062e-06,0.0,-0.0043333333333350765,-0.004942187427505296,4.149796829812937,1,1,1,1,0,0,0,0,0,0,0,0,0,1,0,0,0
2024-11-23,Google Ads,Display,Healthcare,Canada,192822,6228,0.0323,3.35,20863.8,87,239.81,18207.05,0.87,0.032299218968789865,3.35,239.81379310344826,0.8726622187712689,7.81031210136951e-07,0.0,-0.0037931034482596715,-0.0026622187712689316,3.2299218968789867,1,1,1,1,0,0,0,0,0,0,0,1,0,1,0,0,0
2024-12-30,Google Ads,Search,Healthcare,UK,63738,1306,0.0205,0.93,1214.58,87,13.96,16951.52,13.96,0.020490131475728764,0.9299999999999999,13.960689655172413,13.956692848556704,9.868524271237217e-06,1.1102230246251565e-16,-0.0006896551724118183,0.0033071514432965188,2.0490131475728766,1,1,1,1,0,0,0,0,0,0,0,0,0,0,0,0,0
2024-02-28,Google Ads,Search,Fintech,India,28267,1769,0.0626,2.59,4581.71,33,138.84,1968.12,0.43,0.06258180917677858,2.59,138.83969696969697,0.4295601423922509,1.8190823221422847e-05,0.0,0.0003030303030300274,0.00043985760774911675,6.2581809176778584,1,1,1,1,0,0,0,0,0,0,0,0,0,1,0,0,0
2024-04-04,Meta Ads,Display,Fintech,Australia,42606,1495,0.0351,0.77,1151.15,96,11.99,14890.27,12.94,0.0350889546073323,0.77,11.991145833333334,12.935125743821395,1.1045392667698162e-05,0.0,-0.0011458333333340676,0.004874256178604597,3.50889546073323,1,1,1,1,0,0,0,0,0,0,0,0,0,0,0,0,0
2024-01-22,TikTok Ads,Display,Healthcare,Canada,120409,8356,0.0694,0.96,8021.76,663,12.1,50787.7,6.33,0.06939680588660316,0.9600000000000001,12.099185520361992,6.331241523057284,3.1941133968454993e-06,-1.1102230246251565e-16,0.0008144796380076258,-0.0012415230572839775,6.939680588660316,1,1,1,1,0,0,0,0,0,0,0,0,1,0,0,0,0
2024-05-04,TikTok Ads,Display,EdTech,Germany,120210,6455,0.0537,1.78,11489.9,289,39.76,23286.47,2.03,0.05369769569919308,1.78,39.75743944636678,2.0266903976535917,2.3043008069156823e-06,0.0,0.0025605536332165,0.0033096023464080915,5.369769569919308,1,1,1,1,0,0,0,0,0,0,0,0,0,0,0,0,0
2024-08-07,Meta Ads,Search,Healthcare,UAE,96360,3247,0.0337,0.43,1396.21,211,6.62,50567.51,36.22,0.03369655458696555,0.43,6.617109004739337,36.21769647832346,3.4454130344516165e-06,0.0,0.002890995260663054,0.002303521676537912,3.369655458696555,1,1,1,1,0,0,0,0,0,0,0,0,0,0,0,1,0
2024-04-22,TikTok Ads,Shopping,EdTech,Canada,186006,9002,0.0484,1.52,13683.04,266,51.44,31194.26,2.28,0.04839628829177554,1.52,51.440000000000005,2.2797755469544776,3.7117082244617072e-06,0.0,-7.105427357601002e-15,0.00022445304552221046,4.8396288291775535,1,1,1,1,0,0,0,0,0,0,0,0,0,0,0,0,0
2024-10-14,Google Ads,Shopping,E-commerce,Germany,34036,2086,0.0613,3.45,7196.7,110,65.42,21503.08,2.99,0.06128804794923023,3.4499999999999997,65.42454545454545,2.9879083468812095,1.1952050769772904e-05,4.440892098500626e-16,-0.004545454545450411,0.0020916531187906706,6.128804794923023,1,1,1,1,0,0,0,0,0,0,0,0,0,0,0,0,0
2024-02-10,TikTok Ads,Shopping,SaaS,USA,116709,6640,0.0569,1.97,13080.8,304,43.03,83458.18,6.38,0.056893641450102395,1.97,43.02894736842105,6.380204574643752,6.358549897604593e-06,0.0,0.0010526315789505247,-0.0002045746437522311,5.68936414501024,1,1,1,1,0,0,0,0,0,0,0,0,0,0,0,0,0
2024-06-05,Meta Ads,Shopping,EdTech,UK,98276,2368,0.0241,1.41,3338.88,115,29.03,21637.86,6.48,0.024095404778379258,1.4100000000000001,29.033739130434782,6.480574324324325,4.59522162074219e-06,-2.220446049250313e-16,-0.003739130434780691,-0.000574324324324138,2.409540477837926,1,1,1,1,0,0,0,0,0,0,0,0,0,0,0,0,0
2024-09-19,Google Ads,Shopping,EdTech,UK,162353,3977,0.0245,1.45,5766.65,57,101.17,15175.48,2.63,0.02449600561738927,1.45,101.16929824561403,2.631593732929864,3.994382610731512e-06,0.0,0.0007017543859717534,-0.001593732929864089,2.449600561738927,1,1,1,1,0,0,0,0,0,0,0,0,0,0,0,0,0
2024-12-05,Meta Ads,Search,SaaS,UK,129790,5697,0.0439,0.52,2962.44,223,13.28,58627.34,19.79,0.04389398258725634,0.52,13.284484304932736,19.79022022386951,6.017412743662687e-06,0.0,-0.004484304932736549,-0.0002202238695119263,4.389398258725634,1,1,1,1,0,0,0,0,0,0,0,0,0,0,0,1,0
2024-12-18,Google Ads,Video,Healthcare,India,184982,4772,0.0258,3.08,14697.76,141,104.24,26098.46,1.78,0.02579710458314863,3.08,104.23943262411348,1.7756760213801286,2.8954168513686818e-06,0.0,0.0005673758865185619,0.004323978619871438,2.5797104583148633,1,1,1,1,0,0,0,0,0,0,0,0,0,0,0,0,0
2024-08-16,Google Ads,Search,Fintech,UK,166673,4733,0.0284,0.84,3975.72,336,11.83,98987.51,24.9,0.028396920917005155,0.84,11.8325,24.898008411055105,3.079082994846688e-06,0.0,-0.0024999999999995026,0.0019915889448931523,2.8396920917005155,1,1,1,1,0,0,0,0,0,0,0,0,0,0,1,1,0
2024-06-05,Google Ads,Video,EdTech,UAE,109148,3951,0.0362,1.79,7072.29,249,28.4,56329.34,7.96,0.0361985560889801,1.79,28.40277108433735,7.9647949956803235,1.4439110199021554e-06,0.0,-0.0027710843373505156,-0.004794995680323488,3.61985560889801,1,1,1,1,0,0,0,0,0,0,0,0,0,0,0,0,0
2024-12-26,Google Ads,Video,EdTech,USA,173700,7208,0.0415,2.29,16506.32,178,92.73,32171.36,1.95,0.041496833621185954,2.29,92.73213483146067,1.9490328552942147,3.166378814048465e-06,0.0,-0.0021348314606655094,0.0009671447057852944,4.149683362118595,1,1,1,1,0,0,0,0,0,0,0,0,0,0,0,0,0
2024-04-27,Meta Ads,Video,EdTech,UAE,173001,3477,0.0201,0.95,3303.15,51,64.77,11186.61,3.39,0.02009814972167791,0.9500000000000001,64.76764705882353,3.3866491076699514,1.8502783220887553e-06,-1.1102230246251565e-16,0.0023529411764684482,0.003350892330048705,2.009814972167791,1,1,1,1,0,0,0,0,0,0,0,0,0,0,0,0,0
2024-01-29,Meta Ads,Search,Fintech,UK,56534,1079,0.0191,0.6,647.4,27,23.98,4508.39,6.96,0.01908585983655853,0.6,23.977777777777778,6.963839975285759,1.4140163441467984e-05,0.0,0.0022222222222225696,-0.0038399752857589675,1.9085859836558532,1,1,1,1,0,0,0,0,0,0,0,0,0,0,0,0,0
2024-12-15,Google Ads,Search,Healthcare,Australia,58520,3604,0.0616,1.48,5333.92,265,20.13,78186.23,14.66,0.061585782638414216,1.48,20.128,14.658305711371748,1.4217361585786015e-05,0.0,0.0019999999999988916,0.0016942886282524938,6.158578263841422,1,1,1,1,0,0,0,0,0,0,0,0,0,0,0,0,0
2024-09-10,Google Ads,Video,Healthcare,Canada,111071,2865,0.0258,2.83,8107.95,39,207.9,8971.28,1.11,0.0257943117465405,2.83,207.89615384615385,1.1064794430158056,5.688253459500137e-06,0.0,0.0038461538461547207,0.0035205569841945117,2.57943117465405,1,1,1,1,0,0,0,0,0,0,0,0,0,1,0,0,0
2024-04-08,Google Ads,Shopping,SaaS,India,153750,4920,0.032,2.98,14661.6,117,125.31,30000.6,2.05,0.032,2.98,125.31282051282052,2.0462023244393515,0.0,0.0,-0.0028205128205200936,0.0037976755606483614,3.2,1,1,1,1,0,0,0,0,0,0,0,0,0,1,0,0,0
2024-05-02,Meta Ads,Display,SaaS,USA,108717,1435,0.0132,1.75,2511.25,108,23.25,22074.54,8.79,0.013199407636340223,1.75,23.252314814814813,8.790259830761574,5.923636597765514e-07,0.0,-0.0023148148148131042,-0.00025983076157487517,1.3199407636340224,1,1,1,1,0,0,0,0,0,0,0,0,0,0,0,0,0
2024-06-13,Google Ads,Shopping,E-commerce,India,141455,2673,0.0189,2.82,7537.86,122,61.79,19810.32,2.63,0.0188964688416811,2.82,61.78573770491803,2.6281093042322357,3.531158318900718e-06,0.0,0.004262295081971956,0.0018906957677642389,1.88964688416811,1,1,1,1,0,0,0,0,0,0,0,0,0,0,0,0,0
2024-12-04,Meta Ads,Search,Healthcare,USA,158742,5778,0.0364,2.17,12538.26,388,32.32,68610.11,5.47,0.03639868465812451,2.17,32.3151030927835,5.472059918999925,1.3153418754949242e-06,0.0,0.004896907216497937,-0.002059918999925081,3.6398684658124507,1,1,1,1,0,0,0,0,0,0,0,0,0,0,0,0,0
2024-04-26,Meta Ads,Search,E-commerce,Germany,26845,528,0.0197,2.08,1098.24,11,99.84,1590.52,1.45,0.019668467126094245,2.08,99.84,1.4482444638694638,3.15328739057541e-05,0.0,0.0,0.0017555361305361394,1.9668467126094245,1,1,1,1,0,0,0,0,0,0,0,0,0,0,0,0,0
2024-10-05,Google Ads,Video,Fintech,USA,92332,5336,0.0578,0.94,5015.84,213,23.55,39347.29,7.84,0.057791448251960316,0.9400000000000001,23.548544600938968,7.844606287281891,8.551748039681284e-06,-1.1102230246251565e-16,0.0014553990610330914,-0.004606287281891497,5.779144825196032,1,1,1,1,0,0,0,0,0,0,0,0,0,0,0,0,0
2024-09-05,Google Ads,Search,E-commerce,India,90953,4365,0.048,3.04,13269.6,73,181.78,19836.75,1.49,0.04799181995096369,3.04,181.77534246575343,1.4949018809911376,8.180049036313197e-06,0.0,0.0046575342465757785,-0.0049018809911376415,4.799181995096369,1,1,1,1,0,0,0,0,0,0,0,0,0,1,0,0,0
2024-09-26,Meta Ads,Shopping,SaaS,Canada,15047,368,0.0245,1.06,390.08,27,14.45,6244.19,16.01,0.024456702332690903,1.06,14.447407407407407,16.007460008203445,4.329766730909804e-05,0.0,0.0025925925925918136,0.0025399917965565066,2.4456702332690905,1,1,1,1,0,0,0,0,0,0,0,0,0,0,0,0,0
2024-04-12,Google Ads,Search,Healthcare,UAE,57632,1256,0.0218,1.75,2198.0,20,109.9,1647.61,0.75,0.02179344808439756,1.75,109.9,0.7495950864422202,6.55191560244156e-06,0.0,0.0,0.00040491355777982907,2.179344808439756,1,1,1,1,0,0,0,0,0,0,0,0,0,0,0,0,0
2024-10-28,TikTok Ads,Shopping,EdTech,UAE,193568,12659,0.0654,1.24,15697.16,366,42.89,17585.84,1.12,0.06539820631509341,1.24,42.88841530054645,1.120319854037291,1.7936849065897098e-06,0.0,0.0015846994535522185,-0.0003198540372908454,6.5398206315093415,1,1,1,1,0,0,0,0,1,0,0,0,0,0,0,0,0
2024-05-21,Google Ads,Video,SaaS,Germany,30343,743,0.0245,3.05,2266.15,39,58.11,7450.31,3.29,0.024486702040009228,3.0500000000000003,58.10641025641026,3.2876508615934514,1.3297959990773295e-05,-4.440892098500626e-16,0.003589743589742511,0.002349138406548601,2.4486702040009227,1,1,1,1,0,0,0,0,0,0,0,0,0,0,0,0,0
2024-08-23,Meta Ads,Display,SaaS,Germany,6903,225,0.0326,1.92,432.0,7,61.71,513.46,1.19,0.03259452411994785,1.92,61.714285714285715,1.188564814814815,5.475880052147053e-06,0.0,-0.004285714285714448,0.0014351851851850395,3.259452411994785,1,1,1,1,0,0,0,0,0,0,0,0,0,0,0,0,0
2024-02-18,TikTok Ads,Display,SaaS,USA,194291,9248,0.0476,1.08,9987.84,669,14.93,34771.85,3.48,0.04759870503523066,1.08,14.929506726457399,3.4814184047802126,1.2949647693466515e-06,0.0,0.0004932735426006474,-0.001418404780212601,4.759870503523065,1,1,1,1,0,0,0,0,0,0,0,0,1,0,0,0,0
2024-08-09,Meta Ads,Shopping,Healthcare,India,25704,616,0.024,1.0,616.0,18,34.22,2381.36,3.87,0.023965141612200435,1.0,34.22222222222222,3.865844155844156,3.485838779956549e-05,0.0,-0.0022222222222225696,0.004155844155844246,2.3965141612200433,1,1,1,1,0,0,0,0,0,0,0,0,0,0,0,0,0
2024-05-31,Google Ads,Display,Healthcare,Germany,18696,327,0.0175,2.61,853.47,8,106.68,1284.99,1.51,0.017490372272143773,2.61,106.68375,1.5056065239551477,9.627727856228313e-06,0.0,-0.0037499999999965894,0.004393476044852296,1.7490372272143773,1,1,1,1,0,0,0,0,0,0,0,0,0,0,0,0,0
2024-02-16,Meta Ads,Video,EdTech,UK,165408,1670,0.0101,1.3,2171.0,80,27.14,9561.0,4.4,0.010096246856258463,1.3,27.1375,4.403961308152925,3.7531437415364716e-06,0.0,0.002500000000001279,-0.003961308152924836,1.0096246856258464,1,1,1,1,0,0,0,0,0,0,0,0,0,0,0,0,0
2024-04-14,Google Ads,Search,E-commerce,Australia,191372,11711,0.0612,2.48,29043.28,335,86.7,75028.42,2.58,0.06119495014944715,2.48,86.69635820895522,2.5833314969934524,5.049850552850399e-06,0.0,0.0036417910447852364,-0.0033314969934523653,6.1194950149447145,1,1,1,1,0,0,0,0,1,0,0,1,0,0,0,0,0
2024-09-06,Meta Ads,Display,EdTech,USA,71247,1888,0.0265,0.47,887.36,57,15.57,9045.86,10.19,0.026499361376619367,0.47000000000000003,15.567719298245613,10.194126397403535,6.386233806325581e-07,-5.551115123125783e-17,0.0022807017543868824,-0.004126397403535265,2.649936137661937,1,1,1,1,0,0,0,0,0,0,0,0,0,0,0,0,0
2024-04-11,TikTok Ads,Search,Fintech,UAE,132294,7527,0.0569,0.9,6774.3,262,25.86,50030.33,7.39,0.056896004353938955,0.9,25.85610687022901,7.385313611738482,3.995646061044633e-06,0.0,0.0038931297709901003,0.004686388261517571,5.689600435393896,1,1,1,1,0,0,0,0,0,0,0,0,0,0,0,0,0
2024-12-29,TikTok Ads,Display,E-commerce,Germany,66086,3317,0.0502,0.33,1094.61,206,5.31,51119.73,46.7,0.050192173834094966,0.32999999999999996,5.313640776699029,46.701318277742764,7.82616590503521e-06,5.551115123125783e-17,-0.003640776699029402,-0.0013182777427616088,5.019217383409496,1,1,1,1,0,0,0,0,0,0,0,0,0,0,0,1,0
2024-12-23,Google Ads,Search,Healthcare,UK,186232,9292,0.0499,2.4,22300.8,265,84.15,67766.02,3.04,0.049894754929335455,2.4,84.15396226415093,3.0387259649878033,5.245070664544604e-06,0.0,-0.003962264150928263,0.0012740350121966948,4.989475492933545,1,1,1,1,0,0,0,0,0,0,0,1,0,0,0,0,0
2024-11-01,TikTok Ads,Shopping,Healthcare,India,145225,5562,0.0383,0.84,4672.08,378,12.36,102053.93,21.84,0.03829919091065588,0.84,12.36,21.8433609869694,8.090893441198288e-07,0.0,0.0,-0.003360986969401125,3.8299190910655883,1,1,1,1,0,0,0,0,0,0,0,0,0,0,1,1,0
2024-05-27,Google Ads,Search,SaaS,Germany,15470,529,0.0342,1.2,634.8,5,126.96,1223.76,1.93,0.03419521654815773,1.2,126.96,1.927788279773157,4.78345184227319e-06,0.0,0.0,0.002211720226843017,3.4195216548157727,1,1,1,1,0,0,0,0,0,0,0,0,0,1,0,0,0
2024-04-05,Google Ads,Display,Healthcare,Australia,91814,2607,0.0284,2.48,6465.36,129,50.12,25405.84,3.93,0.028394362515520508,2.48,50.11906976744186,3.9295321528886253,5.637484479494026e-06,0.0,0.000930232558140176,0.0004678471113748195,2.839436251552051,1,1,1,1,0,0,0,0,0,0,0,0,0,0,0,0,0
2024-03-24,Google Ads,Display,EdTech,Australia,96087,3238,0.0337,3.04,9843.52,45,218.74,7783.0,0.79,0.03369862728568901,3.04,218.7448888888889,0.7906724423783361,1.372714310991785e-06,0.0,-0.004888888888899601,-0.00067244237833608,3.3698627285689007,1,1,1,1,0,0,0,0,0,0,0,0,0,1,0,0,0
2024-03-12,Google Ads,Shopping,Fintech,Germany,92943,5037,0.0542,2.26,11383.62,232,49.07,64994.16,5.71,0.054194506310319225,2.2600000000000002,49.0673275862069,5.709445677209886,5.493689680773073e-06,-4.440892098500626e-16,0.0026724137930997927,0.0005543227901139147,5.419450631031922,1,1,1,1,0,0,0,0,0,0,0,0,0,0,0,0,0
2024-04-10,Meta Ads,Display,SaaS,India,36411,873,0.024,2.03,1772.19,47,37.71,13565.96,7.65,0.023976270907143445,2.0300000000000002,37.70617021276596,7.654912847945197,2.372909285655589e-05,-4.440892098500626e-16,0.0038297872340393724,-0.004912847945196752,2.3976270907143444,1,1,1,1,0,0,0,0,0,0,0,0,0,0,0,0,0
2024-08-17,Meta Ads,Video,EdTech,USA,145170,4688,0.0323,1.75,8204.0,106,77.4,30413.14,3.71,0.03229317352069987,1.75,77.39622641509433,3.7071111652852267,6.826479300135746e-06,0.0,0.003773584905673033,0.002888834714773303,3.2293173520699865,1,1,1,1,0,0,0,0,0,0,0,0,0,0,0,0,0
2024-03-25,Google Ads,Video,E-commerce,Germany,146428,2796,0.0191,2.24,6263.04,164,38.19,33829.22,5.4,0.019094708662277707,2.2399999999999998,38.189268292682925,5.401405707132639,5.291337722292122e-06,4.440892098500626e-16,0.0007317073170725052,-0.0014057071326387671,1.9094708662277706,1,1,1,1,0,0,0,0,0,0,0,0,0,0,0,0,0
2024-08-28,Google Ads,Search,Fintech,Germany,151772,6237,0.0411,1.02,6361.74,302,21.07,77929.21,12.25,0.04109453654165459,1.02,21.065364238410595,12.249669115682188,5.463458345407457e-06,0.0,0.004635761589405263,0.00033088431781180816,4.109453654165459,1,1,1,1,0,0,0,0,0,0,0,0,0,0,0,0,0
2024-01-19,TikTok Ads,Search,E-commerce,USA,179561,8600,0.0479,1.44,12384.0,212,58.42,34386.07,2.78,0.047894587354715114,1.44,58.41509433962264,2.776652939276486,5.412645284884332e-06,0.0,0.004905660377360732,0.0033470607235139838,4.789458735471511,1,1,1,1,0,0,0,0,0,0,0,0,0,0,0,0,0
2024-09-11,Google Ads,Search,EdTech,UAE,100381,5691,0.0567,0.83,4723.53,321,14.72,58283.85,12.34,0.05669399587571353,0.83,14.715046728971961,12.33904516325714,6.004124286466961e-06,0.0,0.004953271028039552,0.0009548367428600102,5.669399587571354,1,1,1,1,0,0,0,0,0,0,0,0,0,0,0,0,0
2024-12-23,TikTok Ads,Display,E-commerce,India,180552,6030,0.0334,1.7,10251.0,383,26.77,23539.41,2.3,0.03339758075235943,1.7,26.765013054830288,2.29630377524144,2.419247640571276e-06,0.0,0.004986945169711987,0.0036962247585599073,3.3397580752359426,1,1,1,1,0,0,0,0,0,0,0,0,0,0,0,0,0
2024-07-03,TikTok Ads,Display,EdTech,USA,163328,4981,0.0305,1.21,6027.01,142,42.44,21158.33,3.51,0.030496914184952977,1.21,42.4437323943662,3.5105848505311923,3.085815047022822e-06,0.0,-0.0037323943662030956,-0.0005848505311925045,3.0496914184952977,1,1,1,1,0,0,0,0,0,0,0,0,0,0,0,0,0
2024-06-03,TikTok Ads,Display,EdTech,USA,93635,4363,0.0466,1.36,5933.68,117,50.72,29999.39,5.06,0.0465958242110322,1.36,50.715213675213676,5.055781572312629,4.175788967802907e-06,0.0,0.004786324786323348,0.004218427687370685,4.65958242110322,1,1,1,1,0,0,0,0,0,0,0,0,0,0,0,0,0
2024-12-29,Google Ads,Display,SaaS,UAE,133526,4633,0.0347,3.07,14223.31,340,41.83,62193.85,4.37,0.034697362311459944,3.07,41.83326470588235,4.372670637144237,2.6376885400580807e-06,0.0,-0.003264705882351393,-0.002670637144237098,3.4697362311459945,1,1,1,1,0,0,0,0,0,0,0,0,0,0,0,0,0
2024-02-06,TikTok Ads,Video,E-commerce,Canada,48475,3160,0.0652,0.76,2401.6,124,19.37,19990.89,8.32,0.06518824136152657,0.76,19.36774193548387,8.3239881745503,1.1758638473427507e-05,0.0,0.0022580645161305313,-0.003988174550299206,6.518824136152657,1,1,1,1,0,0,0,0,0,0,0,0,0,0,0,0,0
2024-11-13,TikTok Ads,Video,Fintech,India,195722,12624,0.0645,2.01,25374.24,755,33.61,129016.77,5.08,0.06449964745915125,2.0100000000000002,33.608264900662256,5.08455701530371,3.5254084874980496e-07,-4.440892098500626e-16,0.0017350993377434065,-0.004557015303709555,6.449964745915125,1,1,1,1,0,0,0,0,1,0,0,1,1,0,1,0,0
2024-05-04,Google Ads,Search,Healthcare,UK,106277,6961,0.0655,2.96,20604.56,180,114.47,42397.44,2.06,0.06549864975488581,2.9600000000000004,114.46977777777778,2.057672670515653,1.3502451141900185e-06,-4.440892098500626e-16,0.00022222222222012533,0.002327329484347107,6.549864975488581,1,1,1,1,0,0,0,0,0,0,0,1,0,1,0,0,0
2024-01-22,Google Ads,Shopping,Fintech,Australia,153953,5095,0.0331,2.86,14571.7,110,132.47,30634.7,2.1,0.03309451585873611,2.8600000000000003,132.47,2.102342211272535,5.484141263889519e-06,-4.440892098500626e-16,0.0,-0.0023422112725350885,3.3094515858736107,1,1,1,1,0,0,0,0,0,0,0,0,0,1,0,0,0
2024-09-07,Meta Ads,Video,Healthcare,Germany,142135,2387,0.0168,1.92,4583.04,98,46.77,25385.35,5.54,0.016793893129770993,1.92,46.76571428571429,5.538976312665828,6.10687022900569e-06,0.0,0.004285714285714448,0.0010236873341717967,1.6793893129770994,1,1,1,1,0,0,0,0,0,0,0,0,0,0,0,0,0
2024-11-25,Google Ads,Shopping,EdTech,Canada,107891,3733,0.0346,2.31,8623.23,148,58.27,15202.91,1.76,0.03459973491764837,2.31,58.26506756756756,1.7630180338457864,2.650823516317513e-07,0.0,0.004932432432440237,-0.003018033845786361,3.4599734917648366,1,1,1,1,0,0,0,0,0,0,0,0,0,0,0,0,0
2024-03-20,TikTok Ads,Video,SaaS,USA,191380,8171,0.0427,0.5,4085.5,572,7.14,155778.92,38.13,0.042695161458877626,0.5,7.1424825174825175,38.12970750214173,4.838541122376139e-06,0.0,-0.002482517482517821,0.0002924978582754534,4.269516145887763,1,1,1,1,0,0,0,0,0,0,0,0,1,0,1,1,0
2024-08-11,Meta Ads,Search,Healthcare,UK,123372,3355,0.0272,2.3,7716.5,224,34.45,57352.38,7.43,0.027194176960736633,2.3,34.448660714285715,7.4324343938314,5.823039263365415e-06,0.0,0.0013392857142875414,-0.0024343938314004276,2.719417696073663,1,1,1,1,0,0,0,0,0,0,0,0,0,0,0,0,0
2024-12-24,Google Ads,Search,E-commerce,UAE,104464,4314,0.0413,2.26,9749.64,82,118.9,10226.11,1.05,0.041296523204166026,2.26,118.8980487804878,1.0488705223987758,3.476795833977364e-06,0.0,0.0019512195122075582,0.0011294776012242824,4.129652320416603,1,1,1,1,0,0,0,0,0,0,0,0,0,1,0,0,0
2024-06-03,Google Ads,Video,SaaS,UK,113502,2235,0.0197,1.21,2704.35,34,79.54,6126.9,2.27,0.01969128297298726,1.21,79.53970588235293,2.2655721337844583,8.717027012737633e-06,0.0,0.0002941176470727669,0.004427866215541698,1.969128297298726,1,1,1,1,0,0,0,0,0,0,0,0,0,0,0,0,0
2024-09-09,Google Ads,Shopping,Healthcare,Australia,95196,3170,0.0333,1.05,3328.5,170,19.58,13047.52,3.92,0.0332997184755662,1.05,19.57941176470588,3.919939912873667,2.8152443379975134e-07,0.0,0.0005882352941171121,6.008712633276403e-05,3.3299718475566205,1,1,1,1,0,0,0,0,0,0,0,0,0,0,0,0,0
2024-01-27,Google Ads,Display,Healthcare,UK,86362,2547,0.0295,1.41,3591.27,164,21.9,33307.3,9.27,0.029492137745767814,1.41,21.89798780487805,9.274518485104156,7.862254232184757e-06,0.0,0.0020121951219493894,-0.004518485104156866,2.9492137745767812,1,1,1,1,0,0,0,0,0,0,0,0,0,0,0,0,0
2024-06-28,Google Ads,Search,E-commerce,USA,78532,4735,0.0603,2.82,13352.7,310,43.07,45765.16,3.43,0.06029389293536393,2.8200000000000003,43.07322580645162,3.4274086888794026,6.107064636072523e-06,-4.440892098500626e-16,-0.003225806451617075,0.002591311120597517,6.029389293536393,1,1,1,1,0,0,0,0,0,0,0,0,0,0,0,0,0
2024-03-19,Google Ads,Shopping,Healthcare,Canada,184081,5135,0.0279,2.18,11194.3,96,116.61,24545.05,2.19,0.02789532868682808,2.1799999999999997,116.60729166666665,2.192638217664347,4.671313171920183e-06,4.440892098500626e-16,0.002708333333345081,-0.002638217664347131,2.7895328686828083,1,1,1,1,0,0,0,0,0,0,0,0,0,1,0,0,0
2024-01-28,Meta Ads,Display,Healthcare,Canada,93966,2104,0.0224,0.97,2040.88,157,13.0,6975.9,3.42,0.022391077623821382,0.9700000000000001,12.99923566878981,3.4180843557680998,8.92237617861752e-06,-1.1102230246251565e-16,0.00076433121019015,0.0019156442319001599,2.239107762382138,1,1,1,1,0,0,0,0,0,0,0,0,0,0,0,0,0
2024-07-23,Google Ads,Video,SaaS,UAE,28667,1338,0.0467,2.9,3880.2,24,161.67,3421.56,0.88,0.046673875885164126,2.9,161.67499999999998,0.8817999072212773,2.6124114835872347e-05,0.0,-0.0049999999999954525,-0.0017999072212773193,4.667387588516412,1,1,1,1,0,0,0,0,0,0,0,0,0,1,0,0,0
2024-01-21,Google Ads,Display,Healthcare,Australia,154239,7465,0.0484,3.2,23888.0,484,49.36,25632.04,1.07,0.04839891337469771,3.2,49.35537190082645,1.073009042196919,1.0866253022864814e-06,0.0,0.004628099173551448,-0.0030090421969188874,4.839891337469771,1,1,1,1,0,0,0,0,0,0,0,1,0,0,0,0,0
2024-04-05,Meta Ads,Video,Fintech,UAE,103576,1263,0.0122,0.47,593.61,22,26.98,5190.25,8.74,0.012193944543137407,0.47000000000000003,26.98227272727273,8.74353531780125,6.055456862594233e-06,-5.551115123125783e-17,-0.0022727272727287584,-0.0035353178012496045,1.2193944543137407,1,1,1,1,0,0,0,0,0,0,0,0,0,0,0,0,0
2024-09-25,TikTok Ads,Video,EdTech,India,111154,5124,0.0461,0.89,4560.36,368,12.39,82164.4,18.02,0.046098206092448316,0.8899999999999999,12.392282608695652,18.01708637037427,1.7939075516865133e-06,1.1102230246251565e-16,-0.0022826086956513336,0.002913629625730607,4.6098206092448315,1,1,1,1,0,0,0,0,0,0,0,0,0,0,0,1,0
2024-10-28,Google Ads,Search,E-commerce,USA,104456,6403,0.0613,2.11,13510.33,440,30.71,111130.68,8.23,0.061298537183120165,2.11,30.705295454545453,8.22560810875826,1.4628168798352936e-06,0.0,0.004704545454547571,0.004391891241739998,6.129853718312017,1,1,1,1,0,0,0,0,0,0,0,0,0,0,1,0,0
2024-10-12,Meta Ads,Display,SaaS,UAE,173307,3292,0.019,1.03,3390.76,74,45.82,21574.44,6.36,0.018995193500551046,1.03,45.82108108108108,6.362715143507649,4.806499448953977e-06,0.0,-0.0010810810810824023,-0.0027151435076486763,1.8995193500551046,1,1,1,1,0,0,0,0,0,0,0,0,0,0,0,0,0
2024-03-10,Google Ads,Display,Fintech,Australia,197459,5667,0.0287,3.56,20174.52,105,192.14,17723.39,0.88,0.02869962878369687,3.56,192.13828571428573,0.8785036769152376,3.71216303130667e-07,0.0,0.0017142857142573575,0.001496323084762441,2.869962878369687,1,1,1,1,0,0,0,0,0,0,0,1,0,1,0,0,0
2024-09-01,TikTok Ads,Video,EdTech,UK,154676,5970,0.0386,1.09,6507.3,107,60.82,14099.39,2.17,0.03859680881326127,1.09,60.81588785046729,2.1667035483226527,3.1911867387351966e-06,0.0,0.004112149532708997,0.0032964516773472674,3.8596808813261267,1,1,1,1,0,0,0,0,0,0,0,0,0,0,0,0,0
2024-04-24,Meta Ads,Video,Fintech,India,138528,3698,0.0267,2.27,8394.46,264,31.8,34788.99,4.14,0.026694964194964196,2.2699999999999996,31.797196969696966,4.144279679693512,5.035805035805835e-06,4.440892098500626e-16,0.002803030303034859,-0.004279679693512506,2.6694964194964195,1,1,1,1,0,0,0,0,0,0,0,0,0,0,0,0,0
2024-08-01,Google Ads,Display,SaaS,Canada,188490,6879,0.0365,2.84,19536.36,279,70.02,18268.77,0.94,0.03649530479070508,2.8400000000000003,70.02279569892474,0.935116367634503,4.695209294920677e-06,-4.440892098500626e-16,-0.002795698924742851,0.004883632365496937,3.6495304790705076,1,1,1,1,0,0,0,0,0,0,0,1,0,0,0,0,0
2024-09-21,TikTok Ads,Display,SaaS,USA,155929,6408,0.0411,0.97,6215.76,481,12.92,51123.92,8.22,0.041095626855812584,0.9700000000000001,12.922577962577963,8.224886417751007,4.373144187413969e-06,-1.1102230246251565e-16,-0.0025779625779627224,-0.004886417751006178,4.109562685581258,1,1,1,1,0,0,0,0,0,0,0,0,0,0,0,0,0
2024-05-31,Google Ads,Display,EdTech,Canada,177220,4607,0.026,2.32,10688.24,114,93.76,9297.03,0.87,0.0259959372531317,2.32,93.75649122807017,0.8698373165273235,4.0627468682989665e-06,0.0,0.0035087719298303455,0.00016268347267645034,2.59959372531317,1,1,1,1,0,0,0,0,0,0,0,0,0,0,0,0,0
2024-10-10,Meta Ads,Video,E-commerce,Canada,188552,6373,0.0338,0.65,4142.45,129,32.11,8973.49,2.17,0.03379969451398023,0.65,32.112015503875966,2.1662277154823837,3.0548601976515544e-07,0.0,-0.0020155038759668287,0.0037722845176162423,3.379969451398023,1,1,1,1,0,0,0,0,0,0,0,0,0,0,0,0,0
2024-09-15,Google Ads,Video,E-commerce,Canada,136460,4462,0.0327,0.88,3926.56,322,12.19,59937.98,15.26,0.03269822658654551,0.88,12.194285714285714,15.264755918666722,1.7734134544894475e-06,0.0,-0.004285714285714448,-0.004755918666722536,3.269822658654551,1,1,1,1,0,0,0,0,0,0,0,0,0,0,0,0,0
2024-10-07,TikTok Ads,Display,Healthcare,Canada,124614,4573,0.0367,0.29,1326.17,240,5.53,46988.2,35.43,0.03669732132826167,0.29000000000000004,5.525708333333333,35.43150576472096,2.67867173833064e-06,-5.551115123125783e-17,0.004291666666667027,-0.001505764720960201,3.669732132826167,1,1,1,1,0,0,0,0,0,0,0,0,0,0,0,1,0
2024-04-15,Meta Ads,Video,SaaS,India,28359,612,0.0216,0.75,459.0,30,15.3,6591.07,14.36,0.021580450650587116,0.75,15.3,14.359629629629628,1.9549349412884692e-05,0.0,0.0,0.0003703703703710204,2.1580450650587117,1,1,1,1,0,0,0,0,0,0,0,0,0,0,0,0,0
2024-06-28,Meta Ads,Search,E-commerce,USA,81759,1316,0.0161,0.9,1184.4,46,25.75,6171.89,5.21,0.01609608728091097,0.9,25.747826086956525,5.2109844647078685,3.912719089029654e-06,0.0,0.0021739130434745846,-0.0009844647078685043,1.609608728091097,1,1,1,1,0,0,0,0,0,0,0,0,0,0,0,0,0
2024-04-05,Meta Ads,Video,E-commerce,Germany,131230,2139,0.0163,2.23,4769.97,105,45.43,24738.73,5.19,0.016299626609769108,2.23,45.428285714285714,5.186349180393168,3.7339023089069667e-07,0.0,0.0017142857142857792,0.003650819606832556,1.629962660976911,1,1,1,1,0,0,0,0,0,0,0,0,0,0,0,0,0
2024-06-01,TikTok Ads,Search,E-commerce,Canada,49659,2413,0.0486,1.45,3498.85,191,18.32,38157.72,10.91,0.04859139330232184,1.45,18.318586387434554,10.90578904497192,8.60669767815958e-06,0.0,0.001413612565446698,0.004210955028080221,4.859139330232184,1,1,1,1,0,0,0,0,0,0,0,0,0,0,0,0,0
2024-02-07,TikTok Ads,Display,Fintech,Germany,103029,6830,0.0663,0.52,3551.6,148,24.0,14545.74,4.1,0.06629201486959982,0.52,23.997297297297298,4.095545669557382,7.985130400178786e-06,0.0,0.002702702702702453,0.004454330442617227,6.629201486959982,1,1,1,1,0,0,0,0,0,0,0,0,0,0,0,0,0
2024-06-01,TikTok Ads,Shopping,Healthcare,Canada,52368,3351,0.064,0.61,2044.11,117,17.47,12829.28,6.28,0.06398945921173235,0.61,17.47102564102564,6.276218011750836,1.0540788267648926e-05,0.0,-0.0010256410256417325,0.003781988249164314,6.398945921173235,1,1,1,1,0,0,0,0,0,0,0,0,0,0,0,0,0
2024-06-15,TikTok Ads,Video,EdTech,Canada,144585,8357,0.0578,0.52,4345.64,412,10.55,78373.31,18.03,0.05779991008749179,0.52,10.547669902912622,18.03492926243315,8.991250820961083e-08,0.0,0.0023300970873787463,-0.004929262433147841,5.779991008749179,1,1,1,1,0,0,0,0,0,0,0,0,0,0,0,1,0
2024-03-22,TikTok Ads,Shopping,Fintech,UK,40308,3853,0.0956,1.09,4199.77,291,14.43,33059.93,7.87,0.09558896496973306,1.09,14.432199312714777,7.871842981877578,1.1035030266948187e-05,0.0,-0.0021993127147776903,-0.0018429818775782536,9.558896496973306,1,1,1,1,0,0,0,0,0,1,0,0,0,0,0,0,0
2024-08-08,TikTok Ads,Search,E-commerce,Germany,43635,2469,0.0566,1.21,2987.49,133,22.46,19667.27,6.58,0.05658301821931935,1.21,22.462330827067667,6.583208646723504,1.6981780680644376e-05,0.0,-0.002330827067666519,-0.0032086467235039606,5.658301821931936,1,1,1,1,0,0,0,0,0,0,0,0,0,0,0,0,0
2024-08-08,Meta Ads,Search,EdTech,India,164074,6152,0.0375,0.95,5844.4,360,16.23,47241.24,8.08,0.03749527652156954,0.95,16.234444444444442,8.083163370063652,4.72347843046006e-06,0.0,-0.0044444444444415865,-0.003163370063651527,3.749527652156954,1,1,1,1,0,0,0,0,0,0,0,0,0,0,0,0,0
2024-08-13,Meta Ads,Shopping,Healthcare,Canada,107300,2693,0.0251,0.57,1535.01,153,10.03,18121.16,11.81,0.02509785647716682,0.57,10.032745098039216,11.805239053817239,2.143522833179118e-06,0.0,-0.0027450980392167423,0.004760946182761572,2.509785647716682,1,1,1,1,0,0,0,0,0,0,0,0,0,0,0,0,0
2024-11-04,Meta Ads,Display,EdTech,India,177443,4400,0.0248,2.17,9548.0,231,41.33,43094.26,4.51,0.02479669527679311,2.17,41.333333333333336,4.513433179723503,3.3047232068893206e-06,0.0,-0.003333333333337407,-0.003433179723502988,2.479669527679311,1,1,1,1,0,0,0,0,0,0,0,0,0,0,0,0,0
2024-04-20,TikTok Ads,Shopping,EdTech,UAE,141268,7402,0.0524,1.24,9178.48,335,27.4,31326.97,3.41,0.05239686270068239,1.24,27.398447761194028,3.4130890953621953,3.1372993176126407e-06,0.0,0.0015522388059707737,-0.003089095362195149,5.239686270068239,1,1,1,1,0,0,0,0,0,0,0,0,0,0,0,0,0
2024-05-26,TikTok Ads,Display,EdTech,Germany,145631,4194,0.0288,0.84,3522.96,59,59.71,15427.34,4.38,0.02879881343944627,0.84,59.71118644067797,4.379084633376479,1.1865605537286772e-06,0.0,-0.0011864406779693581,0.0009153666235208746,2.879881343944627,1,1,1,1,0,0,0,0,0,0,0,0,0,0,0,0,0
2024-11-22,TikTok Ads,Search,EdTech,Canada,191041,7393,0.0387,0.53,3918.29,446,8.79,15789.02,4.03,0.03869849927502473,0.53,8.785403587443946,4.029569021180158,1.500724975268819e-06,0.0,0.004596412556052698,0.0004309788198426645,3.869849927502473,1,1,1,1,0,0,0,0,0,0,0,0,0,0,0,0,0
2024-11-13,TikTok Ads,Video,Healthcare,UK,72145,3058,0.0424,0.77,2354.66,78,30.19,7543.67,3.2,0.042386859796243674,0.7699999999999999,30.187948717948718,3.203719432954227,1.3140203756326074e-05,1.1102230246251565e-16,0.002051282051283465,-0.003719432954226942,4.238685979624368,1,1,1,1,0,0,0,0,0,0,0,0,0,0,0,0,0
2024-03-04,Meta Ads,Video,SaaS,UAE,113447,1826,0.0161,1.73,3158.98,24,131.62,4477.79,1.42,0.016095621744074324,1.73,131.62416666666667,1.4174796928122368,4.378255925675811e-06,0.0,-0.004166666666662877,0.0025203071877630823,1.6095621744074324,1,1,1,1,0,0,0,0,0,0,0,0,0,1,0,0,0
2024-12-12,TikTok Ads,Search,Healthcare,India,195512,8328,0.0426,1.63,13574.64,198,68.56,14486.58,1.07,0.042595850894062766,1.63,68.55878787878788,1.0671796821131168,4.149105937233111e-06,0.0,0.0012121212121201097,0.0028203178868833056,4.259585089406277,1,1,1,1,0,0,0,0,0,0,0,0,0,0,0,0,0
2024-06-19,Meta Ads,Search,SaaS,USA,149446,6456,0.0432,2.19,14138.64,397,35.61,118768.88,8.4,0.043199550339252976,2.19,35.613702770780854,8.400304414003045,4.49660747026126e-07,0.0,-0.0037027707808547916,-0.0003044140030450393,4.3199550339252974,1,1,1,1,0,0,0,0,0,0,0,0,0,0,1,0,0
2024-09-03,TikTok Ads,Video,SaaS,Germany,154307,9212,0.0597,1.3,11975.6,700,17.11,61706.24,5.15,0.05969917113287149,1.3,17.108,5.152663749624236,8.288671285161531e-07,0.0,0.0019999999999988916,-0.002663749624235656,5.969917113287149,1,1,1,1,0,0,0,0,0,0,0,0,1,0,0,0,0
2024-11-26,Meta Ads,Display,Healthcare,India,149675,3143,0.021,1.55,4871.65,147,33.14,33184.47,6.81,0.02099883080006681,1.5499999999999998,33.140476190476186,6.811751665246888,1.1691999331903125e-06,2.220446049250313e-16,-0.0004761904761849678,-0.001751665246888301,2.099883080006681,1,1,1,1,0,0,0,0,0,0,0,0,0,0,0,0,0
2024-04-05,TikTok Ads,Shopping,Healthcare,UAE,184065,6350,0.0345,1.34,8509.0,273,31.17,39093.51,4.59,0.03449868253062777,1.34,31.168498168498168,4.5943718415795045,1.3174693722362019e-06,0.0,0.0015018315018338058,-0.004371841579504654,3.4498682530627764,1,1,1,1,0,0,0,0,0,0,0,0,0,0,0,0,0
2024-10-04,TikTok Ads,Search,EdTech,Germany,64484,2966,0.046,1.25,3707.5,227,16.33,27232.61,7.35,0.04599590596116866,1.25,16.33259911894273,7.345275792312879,4.094038831337077e-06,0.0,-0.002599118942733014,0.004724207687120341,4.599590596116866,1,1,1,1,0,0,0,0,0,0,0,0,0,0,0,0,0
2024-07-28,Meta Ads,Video,EdTech,UAE,148088,4561,0.0308,1.36,6202.96,173,35.86,48056.97,7.75,0.030799254497325915,1.36,35.85526011560694,7.74742542270142,7.455026740862958e-07,0.0,0.004739884393060834,0.0025745772985796833,3.0799254497325914,1,1,1,1,0,0,0,0,0,0,0,0,0,0,0,0,0
2024-09-09,Google Ads,Display,SaaS,India,28068,990,0.0353,1.01,999.9,28,35.71,5661.1,5.66,0.03527148353997435,1.01,35.71071428571428,5.661666166616662,2.8516460025648782e-05,0.0,-0.0007142857142810044,-0.0016661666166619682,3.527148353997435,1,1,1,1,0,0,0,0,0,0,0,0,0,0,0,0,0
2024-03-23,TikTok Ads,Search,Healthcare,USA,131385,6910,0.0526,0.34,2349.4,206,11.4,6729.96,2.86,0.05259352285268486,0.34,11.404854368932039,2.864544138929088,6.477147315143983e-06,0.0,-0.004854368932038611,-0.004544138929088337,5.259352285268486,1,1,1,1,0,0,0,0,0,0,0,0,0,0,0,0,0
2024-05-16,TikTok Ads,Search,EdTech,UAE,77882,3029,0.0389,0.47,1423.63,228,6.24,44433.62,31.21,0.038892170206209394,0.47000000000000003,6.2439912280701755,31.211494559681938,7.829793790603556e-06,-5.551115123125783e-17,-0.003991228070175268,-0.0014945596819373463,3.8892170206209395,1,1,1,1,0,0,0,0,0,0,0,0,0,0,0,1,0
2024-09-10,TikTok Ads,Shopping,Healthcare,UAE,90066,6025,0.0669,1.77,10664.25,417,25.57,40275.46,3.78,0.06689538782670486,1.77,25.573741007194243,3.776680029069086,4.612173295143185e-06,0.0,-0.0037410071942431955,0.0033199709309137404,6.6895387826704855,1,1,1,1,0,0,0,0,0,0,0,0,0,0,0,0,0
2024-07-25,Meta Ads,Shopping,E-commerce,India,186775,2409,0.0129,0.69,1662.21,107,15.53,10079.71,6.06,0.012897871770847277,0.6900000000000001,15.534672897196263,6.064041246292586,2.128229152723385e-06,-1.1102230246251565e-16,-0.004672897196263293,-0.004041246292586287,1.2897871770847276,1,1,1,1,0,0,0,0,0,0,0,0,0,0,0,0,0
2024-04-15,Google Ads,Video,Fintech,India,57328,2161,0.0377,1.53,3306.33,99,33.4,17903.97,5.42,0.03769536701088473,1.53,33.39727272727273,5.415058388001198,4.632989115266328e-06,0.0,0.002727272727270247,0.004941611998801498,3.769536701088473,1,1,1,1,0,0,0,0,0,0,0,0,0,0,0,0,0
2024-02-22,Google Ads,Video,SaaS,India,87570,3415,0.039,2.57,8776.55,236,37.19,46705.85,5.32,0.03899737352974763,2.57,37.188771186440675,5.321663979581954,2.6264702523703942e-06,0.0,0.0012288135593223615,-0.0016639795819539671,3.8997373529747628,1,1,1,1,0,0,0,0,0,0,0,0,0,0,0,0,0
2024-06-18,Meta Ads,Video,SaaS,UAE,54864,1876,0.0342,1.52,2851.52,121,23.57,23640.39,8.29,0.034193642461358996,1.52,23.566280991735535,8.290452109751993,6.3575386410053e-06,0.0,0.003719008264464918,-0.0004521097519933903,3.4193642461358995,1,1,1,1,0,0,0,0,0,0,0,0,0,0,0,0,0
2024-11-04,Google Ads,Display,SaaS,Australia,91861,2535,0.0276,1.24,3143.4,137,22.94,8299.82,2.64,0.02759604184583229,1.24,22.944525547445256,2.64039574982503,3.9581541677082e-06,0.0,-0.004525547445254574,-0.0003957498250297675,2.759604184583229,1,1,1,1,0,0,0,0,0,0,0,0,0,0,0,0,0
2024-06-04,Meta Ads,Search,E-commerce,Australia,16920,389,0.023,1.23,478.47,15,31.9,3222.58,6.74,0.022990543735224585,1.23,31.898000000000003,6.735176709093569,9.456264775414835e-06,0.0,0.001999999999995339,0.00482329090643141,2.2990543735224587,1,1,1,1,0,0,0,0,0,0,0,0,0,0,0,0,0
2024-08-16,Meta Ads,Shopping,Healthcare,India,117421,3428,0.0292,0.61,2091.08,99,21.12,25079.21,11.99,0.02919409645634086,0.61,21.122020202020202,11.993424450523175,5.903543659140087e-06,0.0,-0.002020202020201367,-0.003424450523175082,2.919409645634086,1,1,1,1,0,0,0,0,0,0,0,0,0,0,0,0,0
2024-06-29,Google Ads,Display,EdTech,UK,146332,7184,0.0491,2.8,20115.2,366,54.96,40775.67,2.03,0.04909384140174398,2.8000000000000003,54.95956284153006,2.0271073615972,6.158598256020276e-06,-4.440892098500626e-16,0.00043715846994274443,0.00289263840279963,4.909384140174398,1,1,1,1,0,0,0,0,0,0,0,1,0,0,0,0,0
2024-01-11,Meta Ads,Shopping,SaaS,USA,144993,2783,0.0192,1.47,4091.01,120,34.09,10562.14,2.58,0.019194030056623422,1.47,34.091750000000005,2.5817927602230255,5.9699433765762755e-06,0.0,-0.0017500000000012506,-0.0017927602230254358,1.9194030056623421,1,1,1,1,0,0,0,0,0,0,0,0,0,0,0,0,0
2024-07-28,Google Ads,Display,Fintech,Canada,35702,999,0.028,1.58,1578.42,15,105.23,2820.45,1.79,0.027981625679233655,1.58,105.22800000000001,1.786881818527388,1.8374320766345598e-05,0.0,0.001999999999995339,0.0031181814726120027,2.7981625679233657,1,1,1,1,0,0,0,0,0,0,0,0,0,0,0,0,0
2024-09-01,Google Ads,Shopping,Healthcare,Germany,184976,6270,0.0339,2.66,16678.2,412,40.48,40433.91,2.42,0.03389628924833492,2.66,40.48106796116505,2.4243569449940643,3.710751665081391e-06,0.0,-0.0010679611650559195,-0.00435694499406436,3.3896289248334917,1,1,1,1,0,0,0,0,0,0,0,0,0,0,0,0,0
2024-06-10,Google Ads,Search,E-commerce,UAE,119235,5258,0.0441,1.1,5783.8,141,41.02,24150.02,4.18,0.04409779007841657,1.1,41.01985815602837,4.175459040769044,2.2099215834306407e-06,0.0,0.00014184397163319318,0.0045409592309555435,4.4097790078416566,1,1,1,1,0,0,0,0,0,0,0,0,0,0,0,0,0
2024-08-14,Google Ads,Shopping,EdTech,India,127211,3968,0.0312,2.63,10435.84,194,53.79,37337.18,3.58,0.031192271108630543,2.63,53.79298969072165,3.577783867901386,7.728891369455926e-06,0.0,-0.0029896907216482305,0.002216132098614043,3.1192271108630543,1,1,1,1,0,0,0,0,0,0,0,0,0,0,0,0,0
2024-12-16,TikTok Ads,Video,Fintech,USA,27584,1561,0.0566,0.94,1467.34,93,15.78,19425.98,13.24,0.05659077726218097,0.94,15.777849462365591,13.238908501097225,9.22273781902433e-06,0.0,0.0021505376344084226,0.0010914989027757116,5.659077726218097,1,1,1,1,0,0,0,0,0,0,0,0,0,0,0,0,0
2024-05-25,Google Ads,Shopping,SaaS,Germany,194928,9161,0.047,1.88,17222.68,571,30.16,17839.23,1.04,0.04699683985881967,1.8800000000000001,30.16231173380035,1.0357987258661254,3.1601411803333646e-06,-2.220446049250313e-16,-0.002311733800350879,0.004201274133874611,4.699683985881967,1,1,1,1,0,0,0,0,0,0,0,0,1,0,0,0,0
2024-10-26,Google Ads,Search,E-commerce,Australia,90349,5420,0.06,3.02,16368.4,105,155.89,16913.07,1.03,0.05998959590034201,3.02,155.8895238095238,1.0332757019623175,1.0404099657988775e-05,0.0,0.00047619047617786237,-0.003275701962317523,5.998959590034201,1,1,1,1,0,0,0,0,0,0,0,0,0,1,0,0,0
2024-07-08,TikTok Ads,Video,EdTech,Germany,170011,10149,0.0597,0.55,5581.95,110,50.74,29617.76,5.31,0.05969613730876237,0.5499999999999999,50.745,5.305988050770788,3.862691237629945e-06,1.1102230246251565e-16,-0.0049999999999954525,0.004011949229211886,5.969613730876238,1,1,1,1,0,0,0,0,0,0,0,0,0,0,0,0,0
2024-08-06,Google Ads,Display,Healthcare,USA,54158,3374,0.0623,0.81,2732.94,55,49.69,5839.17,2.14,0.06229919864101333,0.81,49.68981818181818,2.1365891677094995,8.013589866684434e-07,0.0,0.00018181818181517428,0.003410832290500654,6.229919864101333,1,1,1,1,0,0,0,0,0,0,0,0,0,0,0,0,0
2024-01-02,Meta Ads,Display,SaaS,UK,143485,3945,0.0275,0.71,2800.95,187,14.98,30765.32,10.98,0.027494163152942817,0.71,14.978342245989303,10.983887609561043,5.8368470571834585e-06,0.0,0.0016577540106972322,-0.0038876095610422823,2.749416315294282,1,1,1,1,0,0,0,0,0,0,0,0,0,0,0,0,0
2024-02-18,Google Ads,Video,Fintech,Canada,165470,4136,0.025,0.82,3391.52,56,60.56,12113.24,3.57,0.024995467456336497,0.82,60.56285714285714,3.5716257017502477,4.53254366350464e-06,0.0,-0.0028571428571382285,-0.0016257017502478988,2.4995467456336495,1,1,1,1,0,0,0,0,0,0,0,0,0,0,0,0,0
2024-05-11,Meta Ads,Search,EdTech,USA,112596,2668,0.0237,1.2,3201.6,39,82.09,10899.61,3.4,0.023695335535898254,1.2,82.09230769230768,3.4044259120439784,4.664464101744592e-06,0.0,-0.0023076923076814637,-0.004425912043978464,2.369533553589825,1,1,1,1,0,0,0,0,0,0,0,0,0,0,0,0,0
2024-07-03,Google Ads,Video,EdTech,Canada,82604,5146,0.0623,2.88,14820.48,75,197.61,11977.45,0.81,0.06229722531596533,2.88,197.6064,0.8081688312389343,2.7746840346731805e-06,0.0,0.0036000000000058208,0.0018311687610657046,6.229722531596533,1,1,1,1,0,0,0,0,0,0,0,0,0,1,0,0,0
2024-06-25,Google Ads,Display,Healthcare,UAE,162454,4337,0.0267,1.57,6809.09,329,20.7,13568.06,1.99,0.026696788013837763,1.57,20.696322188449848,1.992639251353705,3.2119861622381674e-06,0.0,0.003677811550151233,-0.002639251353705019,2.6696788013837764,1,1,1,1,0,0,0,0,0,0,0,0,0,0,0,0,0
2024-10-20,TikTok Ads,Shopping,E-commerce,UK,143667,6852,0.0477,1.13,7742.76,142,54.53,19589.64,2.53,0.04769362484077763,1.1300000000000001,54.52647887323944,2.530059048711312,6.375159222367366e-06,-2.220446049250313e-16,0.003521126760560378,-5.90487113121263e-05,4.769362484077763,1,1,1,1,0,0,0,0,0,0,0,0,0,0,0,0,0
2024-02-16,Google Ads,Video,Healthcare,Australia,83702,3900,0.0466,2.18,8502.0,60,141.7,11812.78,1.39,0.04659386872476166,2.18,141.7,1.3894119030816279,6.131275238345502e-06,0.0,0.0,0.0005880969183720275,4.659386872476166,1,1,1,1,0,0,0,0,0,0,0,0,0,1,0,0,0
2024-02-12,TikTok Ads,Video,Fintech,USA,41497,3299,0.0795,0.65,2144.35,112,19.15,6822.75,3.18,0.07949972287153288,0.65,19.145982142857143,3.1817333924032924,2.7712846711880346e-07,0.0,0.004017857142855519,-0.0017333924032922887,7.9499722871532885,1,1,1,1,0,0,0,0,0,0,0,0,0,0,0,0,0
2024-05-26,Google Ads,Search,Fintech,UAE,88442,2485,0.0281,2.89,7181.65,69,104.08,12989.18,1.81,0.028097510232694873,2.8899999999999997,104.08188405797101,1.8086623547513456,2.4897673051270386e-06,4.440892098500626e-16,-0.0018840579710115435,0.0013376452486544288,2.809751023269487,1,1,1,1,0,0,0,0,0,0,0,0,0,0,0,0,0
2024-02-23,Google Ads,Shopping,SaaS,UAE,143723,4254,0.0296,1.14,4849.56,281,17.26,41783.61,8.62,0.029598602868016948,1.1400000000000001,17.258220640569398,8.615958973597603,1.3971319830531626e-06,-2.220446049250313e-16,0.0017793594306034777,0.0040410264023957865,2.9598602868016948,1,1,1,1,0,0,0,0,0,0,0,0,0,0,0,0,0
2024-10-15,Meta Ads,Search,SaaS,UK,30392,1325,0.0436,1.31,1735.75,101,17.19,3539.63,2.04,0.0435969992103185,1.31,17.185643564356436,2.039251044217197,3.000789681496807e-06,0.0,0.0043564356435652485,0.0007489557828028737,4.35969992103185,1,1,1,1,0,0,0,0,0,0,0,0,0,0,0,0,0
2024-05-10,Google Ads,Video,E-commerce,India,94412,4786,0.0507,1.29,6173.94,343,18.0,93767.6,15.19,0.05069270855399737,1.2899999999999998,17.999825072886296,15.18764354690846,7.291446002630209e-06,2.220446049250313e-16,0.00017492711370437064,0.0023564530915400894,5.069270855399737,1,1,1,1,0,0,0,0,0,0,0,0,0,0,1,0,0
2024-05-21,Google Ads,Video,EdTech,UK,56305,1644,0.0292,1.65,2712.6,126,21.53,24269.48,8.95,0.029198117396323595,1.65,21.52857142857143,8.94694389146944,1.8826036764056642e-06,0.0,0.001428571428572667,0.003056108530559598,2.9198117396323595,1,1,1,1,0,0,0,0,0,0,0,0,0,0,0,0,0
2024-09-29,TikTok Ads,Display,SaaS,Germany,142456,9943,0.0698,0.91,9048.13,266,34.02,72736.17,8.04,0.06979698994777335,0.9099999999999999,34.01552631578947,8.038806913693769,3.010052226651294e-06,1.1102230246251565e-16,0.004473684210530848,0.0011930863062303843,6.979698994777335,1,1,1,1,0,0,0,0,0,0,0,0,0,0,0,0,0
2024-12-26,Meta Ads,Display,EdTech,Australia,27169,546,0.0201,1.08,589.68,15,39.31,1578.78,2.68,0.020096433435165078,1.0799999999999998,39.312,2.6773504273504276,3.566564834921876e-06,2.220446049250313e-16,-0.001999999999995339,0.0026495726495725513,2.0096433435165078,1,1,1,1,0,0,0,0,0,0,0,0,0,0,0,0,0
2024-09-15,Google Ads,Video,SaaS,Germany,127179,5125,0.0403,2.22,11377.5,87,130.78,5905.23,0.52,0.040297533397809386,2.22,130.77586206896552,0.519027027027027,2.466602190616396e-06,0.0,0.004137931034478015,0.0009729729729730519,4.029753339780939,1,1,1,1,0,0,0,0,0,0,0,0,0,1,0,0,0
2024-07-18,Google Ads,Shopping,Fintech,USA,20797,846,0.0407,1.08,913.68,56,16.32,11660.97,12.76,0.040678944078472855,1.0799999999999998,16.315714285714286,12.762641187286578,2.105592152714525e-05,2.220446049250313e-16,0.004285714285714448,-0.0026411872865779173,4.067894407847286,1,1,1,1,0,0,0,0,0,0,0,0,0,0,0,0,0
2024-08-13,Meta Ads,Shopping,E-commerce,USA,188201,5627,0.0299,1.88,10578.76,77,137.39,14242.93,1.35,0.02989888470305684,1.8800000000000001,137.3864935064935,1.3463704630788487,1.115296943160482e-06,-2.220446049250313e-16,0.0035064935064781366,0.0036295369211514217,2.989888470305684,1,1,1,1,0,0,0,0,0,0,0,0,0,1,0,0,0
2024-06-03,TikTok Ads,Shopping,E-commerce,Canada,77726,2557,0.0329,0.49,1252.93,37,33.86,2932.31,2.34,0.03289761469778452,0.49000000000000005,33.862972972972976,2.340362191024239,2.385302215475449e-06,-5.551115123125783e-17,-0.0029729729729766063,-0.0003621910242390669,3.2897614697784525,1,1,1,1,0,0,0,0,0,0,0,0,0,0,0,0,0
2024-03-10,Meta Ads,Search,EdTech,Australia,23123,286,0.0124,1.21,346.06,3,115.35,585.7,1.69,0.012368637287549193,1.21,115.35333333333334,1.692481072646362,3.136271245080674e-05,0.0,-0.0033333333333445125,-0.0024810726463619925,1.2368637287549193,1,1,1,1,0,0,0,0,0,0,0,0,0,1,0,0,0
2024-04-06,Google Ads,Search,SaaS,Canada,86689,3727,0.043,1.16,4323.32,276,15.66,76876.24,17.78,0.042992767248439825,1.16,15.664202898550723,17.78176031383289,7.2327515601711134e-06,0.0,-0.004202898550722978,-0.0017603138328894374,4.299276724843983,1,1,1,1,0,0,0,0,0,0,0,0,0,0,0,1,0
2024-05-17,Google Ads,Search,Healthcare,USA,159251,9172,0.0576,2.84,26048.48,407,64.0,30602.6,1.17,0.05759461479048797,2.84,64.00117936117935,1.1748324662321947,5.385209512029365e-06,0.0,-0.0011793611793535774,-0.004832466232194799,5.759461479048797,1,1,1,1,0,0,0,0,0,0,0,1,0,0,0,0,0
2024-01-13,Meta Ads,Display,E-commerce,UK,70180,736,0.0105,1.4,1030.4,45,22.9,2168.72,2.1,0.01048731832430892,1.4000000000000001,22.89777777777778,2.10473602484472,1.2681675691079974e-05,-2.220446049250313e-16,0.002222222222219017,-0.0047360248447199105,1.048731832430892,1,1,1,1,0,0,0,0,0,0,0,0,0,0,0,0,0
2024-09-16,Google Ads,Video,Fintech,Canada,83466,4089,0.049,2.26,9241.14,108,85.57,12521.2,1.35,0.0489900079074114,2.26,85.56611111111111,1.3549410570557314,9.992092588603785e-06,0.0,0.003888888888880615,-0.004941057055731335,4.89900079074114,1,1,1,1,0,0,0,0,0,0,0,0,0,0,0,0,0
2024-11-13,Meta Ads,Display,SaaS,India,137602,2641,0.0192,0.59,1558.19,179,8.7,52473.54,33.68,0.019193034984956614,0.59,8.704972067039106,33.67595736078398,6.965015043384343e-06,0.0,-0.004972067039107131,0.004042639216017108,1.9193034984956614,1,1,1,1,0,0,0,0,0,0,0,0,0,0,0,1,0
2024-09-03,TikTok Ads,Video,SaaS,UAE,64222,2067,0.0322,1.89,3906.63,68,57.45,14851.97,3.8,0.03218523247485285,1.8900000000000001,57.45044117647059,3.801734487269078,1.4767525147146854e-05,-2.220446049250313e-16,-0.00044117647058783405,-0.001734487269078322,3.2185232474852854,1,1,1,1,0,0,0,0,0,0,0,0,0,0,0,0,0
2024-07-08,TikTok Ads,Shopping,Healthcare,India,116739,4319,0.037,0.34,1468.46,306,4.8,46873.98,31.92,0.03699706182167056,0.34,4.798888888888889,31.920501750132793,2.9381783294354924e-06,0.0,0.0011111111111103966,-0.000501750132791301,3.6997061821670565,1,1,1,1,0,0,0,0,0,0,0,0,0,0,0,1,0
2024-12-30,Meta Ads,Shopping,Healthcare,USA,50869,890,0.0175,1.08,961.2,61,15.76,16803.54,17.48,0.01749592089484755,1.08,15.757377049180329,17.48183520599251,4.0791051524532995e-06,0.0,0.0026229508196706774,-0.0018352059925099695,1.7495920894847548,1,1,1,1,0,0,0,0,0,0,0,0,0,0,0,1,0
2024-12-02,Meta Ads,Search,EdTech,Germany,127155,3089,0.0243,1.25,3861.25,95,40.64,23894.64,6.19,0.0242931854822854,1.25,40.64473684210526,6.188317254775008,6.8145177145977065e-06,0.0,-0.004736842105259598,0.0016827452249925656,2.42931854822854,1,1,1,1,0,0,0,0,0,0,0,0,0,0,0,0,0
2024-03-26,Google Ads,Video,EdTech,Germany,162883,8974,0.0551,2.38,21358.12,292,73.14,80812.08,3.78,0.055094761270359706,2.38,73.14424657534246,3.783670098304533,5.238729640297257e-06,0.0,-0.004246575342463643,-0.0036700983045330204,5.5094761270359704,1,1,1,1,0,0,0,0,0,0,0,1,0,0,0,0,0
2024-01-17,TikTok Ads,Search,SaaS,Canada,115716,7394,0.0639,1.16,8577.04,242,35.44,49142.56,5.73,0.06389781879774621,1.1600000000000001,35.44231404958678,5.7295477227575,2.18120225378704e-06,-2.220446049250313e-16,-0.0023140495867792765,0.0004522772425001875,6.389781879774621,1,1,1,1,0,0,0,0,0,0,0,0,0,0,0,0,0
2024-06-14,Google Ads,Video,EdTech,USA,40306,1176,0.0292,0.85,999.6,41,24.38,11838.48,11.84,0.029176797499131643,0.85,24.38048780487805,11.843217286914765,2.320250086835715e-05,0.0,-0.00048780487805188955,-0.003217286914765083,2.917679749913164,1,1,1,1,0,0,0,0,0,0,0,0,0,0,0,0,0
2024-02-29,TikTok Ads,Search,Fintech,Canada,138025,9192,0.0666,0.64,5882.88,420,14.01,38810.35,6.6,0.06659663104510052,0.64,14.006857142857143,6.597168393711923,3.3689548994825236e-06,0.0,0.00314285714285667,0.002831606288076216,6.659663104510052,1,1,1,1,0,0,0,0,0,0,0,0,0,0,0,0,0
2024-02-05,Meta Ads,Video,SaaS,India,145510,5805,0.0399,1.04,6037.2,166,36.37,30713.7,5.09,0.03989416534946052,1.04,36.36867469879518,5.08740806996621,5.834650539479624e-06,0.0,0.0013253012048153323,0.002591930033790213,3.9894165349460518,1,1,1,1,0,0,0,0,0,0,0,0,0,0,0,0,0
2024-09-07,TikTok Ads,Display,Fintech,USA,168297,10535,0.0626,1.4,14749.0,561,26.29,30094.65,2.04,0.06259766959601182,1.4,26.29055258467023,2.0404535900739034,2.330403988184959e-06,0.0,-0.0005525846702312265,-0.0004535900739033316,6.259766959601182,1,1,1,1,0,0,0,0,0,0,0,0,1,0,0,0,0
2024-12-14,Meta Ads,Search,E-commerce,Australia,66157,1687,0.0255,1.3,2193.1,41,53.49,5082.94,2.32,0.025499947095545445,1.3,53.49024390243902,2.317696411472345,5.290445455330417e-08,0.0,-0.000243902439017063,0.0023035885276549983,2.5499947095545443,1,1,1,1,0,0,0,0,0,0,0,0,0,0,0,0,0
2024-03-26,Meta Ads,Shopping,Fintech,India,115003,2921,0.0254,0.4,1168.4,36,32.46,4203.19,3.6,0.02539933740858934,0.4,32.455555555555556,3.5973895926052717,6.625914106585251e-07,0.0,0.004444444444445139,0.002610407394728398,2.539933740858934,1,1,1,1,0,0,0,0,0,0,0,0,0,0,0,0,0
2024-01-19,Meta Ads,Shopping,Healthcare,USA,173292,7330,0.0423,1.88,13780.4,355,38.82,66981.68,4.86,0.04229854811531981,1.88,38.818028169014084,4.860648457229107,1.4518846801897523e-06,0.0,0.001971830985915801,-0.0006484572291070023,4.229854811531981,1,1,1,1,0,0,0,0,0,0,0,0,0,0,0,0,0
2024-01-07,Meta Ads,Video,EdTech,Germany,94440,2219,0.0235,1.93,4282.67,156,27.45,39424.24,9.21,0.023496399830580262,1.93,27.45301282051282,9.205528326954912,3.600169419738092e-06,0.0,-0.0030128205128221452,0.004471673045088664,2.3496399830580263,1,1,1,1,0,0,0,0,0,0,0,0,0,0,0,0,0
2024-06-24,Meta Ads,Video,Healthcare,India,93003,1283,0.0138,1.76,2258.08,49,46.08,1614.11,0.71,0.013795253916540327,1.76,46.08326530612245,0.714815241266917,4.746083459673117e-06,0.0,-0.003265306122450795,-0.004815241266917014,1.3795253916540327,1,1,1,1,0,0,0,0,0,0,0,0,0,0,0,0,0
2024-02-02,TikTok Ads,Video,E-commerce,USA,112294,9039,0.0805,0.99,8948.61,99,90.39,20435.34,2.28,0.08049406023474094,0.9900000000000001,90.39,2.2836328770613536,5.939765259060925e-06,-1.1102230246251565e-16,0.0,-0.0036328770613538452,8.049406023474095,1,1,1,1,0,0,0,0,0,0,0,0,0,0,0,0,0
2024-05-22,Meta Ads,Display,SaaS,USA,165321,4447,0.0269,1.56,6937.32,301,23.05,23975.23,3.46,0.026899184011710552,1.5599999999999998,23.047574750830563,3.4559786776449695,8.159882894480386e-07,2.220446049250313e-16,0.002425249169437649,0.004021322355030499,2.689918401171055,1,1,1,1,0,0,0,0,0,0,0,0,0,0,0,0,0
2024-11-11,TikTok Ads,Video,Healthcare,USA,137895,5901,0.0428,1.34,7907.34,379,20.86,86835.97,10.98,0.04279342978353095,1.34,20.863693931398416,10.98169169404629,6.570216469048429e-06,0.0,-0.003693931398416339,-0.0016916940462898822,4.279342978353095,1,1,1,1,0,0,0,0,0,0,0,0,0,0,1,0,0
2024-02-27,TikTok Ads,Display,E-commerce,Germany,7978,557,0.0699,0.61,339.77,34,9.99,6686.61,19.68,0.06981699674103785,0.61,9.993235294117646,19.67981281455102,8.300325896215544e-05,0.0,-0.0032352941176458927,0.0001871854489792213,6.981699674103785,1,1,1,1,0,0,0,0,0,0,0,0,0,0,0,1,0
2024-02-08,TikTok Ads,Display,Fintech,Germany,113994,4320,0.0379,0.77,3326.4,142,23.43,25985.24,7.81,0.037896731406916156,0.77,23.425352112676055,7.811820586820587,3.268593083846638e-06,0.0,0.0046478873239443885,-0.0018205868205871667,3.7896731406916158,1,1,1,1,0,0,0,0,0,0,0,0,0,0,0,0,0
2024-02-16,Google Ads,Search,EdTech,UAE,90794,5638,0.0621,3.1,17477.8,217,80.54,54642.18,3.13,0.06209661431372117,3.1,80.54285714285714,3.1263763173854833,3.3856862788339548e-06,0.0,-0.0028571428571382285,0.003623682614516621,6.209661431372117,1,1,1,1,0,0,0,0,0,0,0,0,0,0,0,0,0
2024-12-20,Meta Ads,Display,Healthcare,Australia,118694,2338,0.0197,2.26,5283.88,76,69.52,6774.6,1.28,0.019697710078015736,2.2600000000000002,69.52473684210527,1.282126013459806,2.289921984262311e-06,-4.440892098500626e-16,-0.0047368421052738086,-0.0021260134598060088,1.9697710078015735,1,1,1,1,0,0,0,0,0,0,0,0,0,0,0,0,0
2024-07-17,Google Ads,Shopping,Healthcare,UAE,99805,1936,0.0194,1.4,2710.4,112,24.2,29346.97,10.83,0.019397825760232454,1.4000000000000001,24.2,10.827542060212515,2.174239767546715e-06,-2.220446049250313e-16,0.0,0.002457939787484875,1.9397825760232454,1,1,1,1,0,0,0,0,0,0,0,0,0,0,0,0,0
2024-01-30,Google Ads,Search,Fintech,Canada,187156,3986,0.0213,2.39,9526.54,269,35.41,34393.23,3.61,0.021297740922011584,2.39,35.414646840148706,3.6102540901523534,2.25907798841532e-06,0.0,-0.004646840148708975,-0.0002540901523535588,2.1297740922011585,1,1,1,1,0,0,0,0,0,0,0,0,0,0,0,0,0
2024-08-04,TikTok Ads,Video,EdTech,UAE,120152,4613,0.0384,0.97,4474.61,108,41.43,27205.77,6.08,0.03839303548838138,0.97,41.43157407407407,6.0800315558227425,6.964511618613722e-06,0.0,-0.0015740740740710635,-3.155582274239066e-05,3.839303548838138,1,1,1,1,0,0,0,0,0,0,0,0,0,0,0,0,0
2024-12-16,Google Ads,Search,Fintech,UK,117458,6824,0.0581,2.01,13716.24,251,54.65,12200.18,0.89,0.05809736246147559,2.01,54.64637450199203,0.8894697088998151,2.637538524405403e-06,0.0,0.003625498007970407,0.0005302911001848765,5.809736246147559,1,1,1,1,0,0,0,0,0,0,0,0,0,0,0,0,0
2024-06-22,Meta Ads,Video,EdTech,Australia,35398,1044,0.0295,0.45,469.8,20,23.49,1596.24,3.4,0.02949319170574609,0.45,23.490000000000002,3.3977011494252873,6.808294253909941e-06,0.0,-3.552713678800501e-15,0.0022988505747125743,2.9493191705746087,1,1,1,1,0,0,0,0,0,0,0,0,0,0,0,0,0
2024-03-30,TikTok Ads,Video,Healthcare,India,98386,7556,0.0768,0.35,2644.6,385,6.87,43735.3,16.54,0.07679954465066167,0.35,6.869090909090909,16.537586024351512,4.5534933831858915e-07,0.0,0.0009090909090909705,0.00241397564848711,7.679954465066167,1,1,1,1,0,0,0,0,0,0,0,0,0,0,0,0,0
2024-08-06,Meta Ads,Video,E-commerce,Canada,70133,2293,0.0327,1.04,2384.72,75,31.8,14249.95,5.98,0.03269502231474484,1.0399999999999998,31.796266666666664,5.975523331879635,4.9776852551614015e-06,2.220446049250313e-16,0.003733333333336475,0.004476668120365623,3.2695022314744837,1,1,1,1,0,0,0,0,0,0,0,0,0,0,0,0,0
2024-06-26,Google Ads,Video,SaaS,USA,30169,1523,0.0505,1.44,2193.12,34,64.5,8282.71,3.78,0.050482283138320795,1.44,64.5035294117647,3.776678886700226,1.7716861679208107e-05,0.0,-0.0035294117647026724,0.0033211132997736925,5.048228313832079,1,1,1,1,0,0,0,0,0,0,0,0,0,0,0,0,0
2024-01-25,Google Ads,Search,EdTech,Germany,122959,3553,0.0289,1.67,5933.51,133,44.61,11079.66,1.87,0.028895810798721524,1.6700000000000002,44.612857142857145,1.86730282750008,4.189201278474719e-06,-2.220446049250313e-16,-0.002857142857145334,0.0026971724999200752,2.889581079872152,1,1,1,1,0,0,0,0,0,0,0,0,0,0,0,0,0
2024-04-12,Meta Ads,Search,Healthcare,Australia,73083,3040,0.0416,0.6,1824.0,203,8.99,29701.35,16.28,0.04159654091922882,0.6,8.985221674876847,16.283634868421053,3.4590807711787352e-06,0.0,0.0047783251231532375,-0.0036348684210523174,4.1596540919228815,1,1,1,1,0,0,0,0,0,0,0,0,0,0,0,0,0
2024-05-02,Meta Ads,Display,Fintech,India,113889,4623,0.0406,1.19,5501.37,362,15.2,19216.96,3.49,0.04059215551984827,1.19,15.197154696132596,3.4931226221832015,7.844480151723843e-06,0.0,0.002845303867403004,-0.0031226221832012513,4.059215551984828,1,1,1,1,0,0,0,0,0,0,0,0,0,0,0,0,0
2024-06-23,Meta Ads,Search,Healthcare,Australia,57203,1029,0.018,0.87,895.23,11,81.38,1505.4,1.68,0.01798856703319756,0.87,81.38454545454546,1.6815790355551088,1.143296680243891e-05,0.0,-0.004545454545464622,-0.0015790355551088542,1.798856703319756,1,1,1,1,0,0,0,0,0,0,0,0,0,0,0,0,0
2024-07-12,TikTok Ads,Display,SaaS,UAE,36562,1257,0.0344,0.43,540.51,74,7.3,11838.52,21.9,0.03437995733274985,0.43,7.304189189189189,21.902499491221256,2.004266725014886e-05,0.0,-0.00418918918918898,-0.002499491221257699,3.437995733274985,1,1,1,1,0,0,0,0,0,0,0,0,0,0,0,1,0
2024-12-01,Google Ads,Search,EdTech,USA,177256,4059,0.0229,2.19,8889.21,138,64.41,32140.46,3.62,0.02289908381098524,2.19,64.4145652173913,3.615671133880289,9.16189014758817e-07,0.0,-0.004565217391302667,0.004328866119711172,2.2899083810985243,1,1,1,1,0,0,0,0,0,0,0,0,0,0,0,0,0
2024-02-23,TikTok Ads,Shopping,SaaS,India,179036,11046,0.0617,0.87,9610.02,787,12.21,127296.84,13.25,0.06169708885363837,0.87,12.210952986022873,13.246261714335661,2.911146361625483e-06,0.0,-0.0009529860228720821,0.0037382856643386475,6.169708885363837,1,1,1,1,0,0,0,0,0,0,0,0,1,0,1,0,0
2024-07-02,Google Ads,Display,EdTech,Germany,87481,4181,0.0478,2.88,12041.28,104,115.78,28643.42,2.38,0.047793235102479396,2.8800000000000003,115.78153846153847,2.3787687023306487,6.764897520605828e-06,-4.440892098500626e-16,-0.001538461538473257,0.0012312976693511501,4.77932351024794,1,1,1,1,0,0,0,0,0,0,0,0,0,1,0,0,0
2024-06-22,TikTok Ads,Shopping,E-commerce,India,130645,8243,0.0631,0.95,7830.85,356,22.0,16420.6,2.1,0.06309464579585901,0.9500000000000001,21.99676966292135,2.096911574094766,5.354204140994856e-06,-1.1102230246251565e-16,0.0032303370786515018,0.003088425905234171,6.309464579585901,1,1,1,1,0,0,0,0,0,0,0,0,0,0,0,0,0
2024-11-24,Google Ads,Search,SaaS,India,121089,3499,0.0289,0.93,3254.07,185,17.59,28042.42,8.62,0.028896101214808942,0.93,17.589567567567567,8.617644979978918,3.898785191056714e-06,0.0,0.0004324324324329609,0.0023550200210813443,2.889610121480894,1,1,1,1,0,0,0,0,0,0,0,0,0,0,0,0,0
2024-05-07,Google Ads,Search,EdTech,Canada,15589,285,0.0183,1.18,336.3,10,33.63,1359.76,4.04,0.018282122009108986,1.18,33.63,4.043294677371394,1.787799089101455e-05,0.0,0.0,-0.0032946773713939947,1.8282122009108985,1,1,1,1,0,0,0,0,0,0,0,0,0,0,0,0,0
2024-08-11,TikTok Ads,Search,Fintech,Germany,101411,9370,0.0924,0.81,7589.7,523,14.51,26633.21,3.51,0.092396288371084,0.8099999999999999,14.511854684512429,3.509125525383085,3.7116289159921934e-06,1.1102230246251565e-16,-0.0018546845124287614,0.0008744746169147,9.2396288371084,1,1,1,1,0,0,0,0,0,1,0,0,0,0,0,0,0
2024-03-25,Google Ads,Shopping,E-commerce,UK,142045,9161,0.0645,2.39,21894.79,525,41.7,131680.16,6.01,0.06449364637966841,2.39,41.7043619047619,6.014223475082428,6.353620331592258e-06,0.0,-0.004361904761900348,-0.004223475082428152,6.449364637966841,1,1,1,1,0,0,0,0,0,0,0,1,0,0,1,0,0
2024-07-05,Meta Ads,Shopping,Healthcare,UK,42236,1013,0.024,1.43,1448.59,29,49.95,4720.08,3.26,0.023984278814281654,1.43,49.95137931034483,3.2583960955135685,1.5721185718346742e-05,0.0,-0.0013793103448236366,0.001603904486431329,2.3984278814281654,1,1,1,1,0,0,0,0,0,0,0,0,0,0,0,0,0
2024-05-23,Meta Ads,Shopping,E-commerce,Canada,75628,794,0.0105,0.5,397.0,49,8.1,3639.22,9.17,0.01049875707409954,0.5,8.10204081632653,9.166801007556675,1.2429259004607257e-06,0.0,-0.0020408163265308588,0.0031989924433251105,1.049875707409954,1,1,1,1,0,0,0,0,0,0,0,0,0,0,0,0,0
2024-12-08,TikTok Ads,Video,Fintech,Germany,116184,4089,0.0352,0.34,1390.26,263,5.29,54249.41,39.02,0.03519417475728155,0.34,5.28615969581749,39.021053615870414,5.825242718450474e-06,0.0,0.0038403041825096906,-0.0010536158704113063,3.5194174757281553,1,1,1,1,0,0,0,0,0,0,0,0,0,0,0,1,0
2024-10-19,Google Ads,Video,E-commerce,USA,121465,5575,0.0459,1.64,9143.0,273,33.49,28769.59,3.15,0.04589799530729016,1.64,33.49084249084249,3.1466247402384337,2.004692709840772e-06,0.0,-0.0008424908424871091,0.003375259761566163,4.5897995307290165,1,1,1,1,0,0,0,0,0,0,0,0,0,0,0,0,0
2024-01-09,Google Ads,Video,Fintech,UK,108510,3721,0.0343,1.41,5246.61,116,45.23,23480.01,4.48,0.03429177034374712,1.41,45.229396551724136,4.47527260459611,8.229656252876916e-06,0.0,0.0006034482758607851,0.00472739540389,3.429177034374712,1,1,1,1,0,0,0,0,0,0,0,0,0,0,0,0,0
2024-03-12,Meta Ads,Shopping,Healthcare,Canada,199650,4152,0.0208,0.78,3238.56,165,19.63,10558.75,3.26,0.020796393688955674,0.78,19.627636363636363,3.2603224890074602,3.606311044325461e-06,0.0,0.0023636363636363455,-0.00032248900746045805,2.079639368895567,1,1,1,1,0,0,0,0,0,0,0,0,0,0,0,0,0
2024-07-10,Google Ads,Shopping,SaaS,USA,73734,1990,0.027,0.82,1631.8,143,11.41,16954.02,10.39,0.026988906067757074,0.82,11.411188811188811,10.389765902684154,1.109393224292543e-05,0.0,-0.0011888111888112007,0.00023409731584678184,2.6988906067757075,1,1,1,1,0,0,0,0,0,0,0,0,0,0,0,0,0
2024-03-10,Meta Ads,Shopping,E-commerce,Canada,149532,5069,0.0339,2.39,12114.91,397,30.52,95392.09,7.87,0.03389909852071797,2.39,30.516146095717883,7.873941283922043,9.014792820283279e-07,0.0,0.003853904282117071,-0.0039412839220425155,3.389909852071797,1,1,1,1,0,0,0,0,0,0,0,0,0,0,1,0,0
2024-01-27,Google Ads,Search,Fintech,India,79432,4130,0.052,2.29,9457.7,311,30.41,59366.41,6.28,0.05199415852553127,2.29,30.410610932475887,6.2770451589709975,5.841474468727681e-06,0.0,-0.0006109324758867274,0.002954841029002786,5.199415852553127,1,1,1,1,0,0,0,0,0,0,0,0,0,0,0,0,0
2024-10-07,TikTok Ads,Display,Fintech,Canada,192583,11285,0.0586,1.63,18394.55,562,32.73,124224.31,6.75,0.058598110944372034,1.63,32.73051601423487,6.753321500118242,1.8890556279654858e-06,0.0,-0.0005160142348756835,-0.003321500118241616,5.8598110944372035,1,1,1,1,0,0,0,0,0,0,0,1,1,0,1,0,0
2024-03-09,Meta Ads,Video,SaaS,Australia,79266,2425,0.0306,0.72,1746.0,104,16.79,20287.27,11.62,0.030593192541568896,0.72,16.78846153846154,11.619284077892326,6.807458431103142e-06,0.0,0.001538461538459046,0.0007159221076733502,3.0593192541568897,1,1,1,1,0,0,0,0,0,0,0,0,0,0,0,0,0
2024-02-25,Google Ads,Video,Fintech,Australia,33695,1277,0.0379,2.88,3677.76,89,41.32,25041.09,6.81,0.03789879804125241,2.8800000000000003,41.323146067415735,6.808788501696685,1.2019587475944893e-06,-4.440892098500626e-16,-0.0031460674157344215,0.0012114983033146842,3.789879804125241,1,1,1,1,0,0,0,0,0,0,0,0,0,0,0,0,0
2024-03-19,TikTok Ads,Search,Fintech,India,92030,6267,0.0681,0.58,3634.86,136,26.73,11204.78,3.08,0.0680973595566663,0.5800000000000001,26.726911764705882,3.082589150613779,2.6404433336874034e-06,-1.1102230246251565e-16,0.003088235294118391,-0.0025891506137787346,6.809735955666631,1,1,1,1,0,0,0,0,0,0,0,0,0,0,0,0,0
2024-11-02,Google Ads,Search,Healthcare,India,26259,669,0.0255,1.41,943.29,22,42.88,2731.41,2.9,0.025476979321375527,1.41,42.87681818181818,2.895620646884839,2.3020678624471186e-05,0.0,0.0031818181818223934,0.0043793531151608,2.547697932137553,1,1,1,1,0,0,0,0,0,0,0,0,0,0,0,0,0
2024-04-15,Google Ads,Video,Fintech,UK,99447,5917,0.0595,1.05,6212.85,195,31.86,28481.71,4.58,0.05949902963387533,1.05,31.860769230769233,4.584322814811237,9.703661246682205e-07,0.0,-0.0007692307692330758,-0.004322814811237308,5.949902963387533,1,1,1,1,0,0,0,0,0,0,0,0,0,0,0,0,0
2024-11-17,Meta Ads,Shopping,Healthcare,UAE,170910,3315,0.0194,0.5,1657.5,167,9.93,41334.16,24.94,0.019396173424609444,0.5,9.925149700598803,24.937653092006034,3.826575390556558e-06,0.0,0.004850299401196523,0.0023469079939673065,1.9396173424609444,1,1,1,1,0,0,0,0,0,0,0,0,0,0,0,1,0
2024-03-04,Meta Ads,Video,Healthcare,USA,180259,2072,0.0115,1.37,2838.64,136,20.87,10032.66,3.53,0.011494571699610006,1.3699999999999999,20.87235294117647,3.534319251472536,5.428300389994159e-06,2.220446049250313e-16,-0.0023529411764684482,-0.004319251472536312,1.1494571699610006,1,1,1,1,0,0,0,0,0,0,0,0,0,0,0,0,0
2024-02-23,Meta Ads,Video,Healthcare,UAE,146964,5246,0.0357,1.99,10439.54,131,79.69,7261.59,0.7,0.035695816662584035,1.9900000000000002,79.69114503816795,0.6955852460932186,4.183337415968047e-06,-2.220446049250313e-16,-0.001145038167948087,0.004414753906781366,3.5695816662584035,1,1,1,1,0,0,0,0,0,0,0,0,0,0,0,0,0
2024-09-10,Meta Ads,Display,EdTech,Germany,153057,2969,0.0194,2.24,6650.56,148,44.94,28216.02,4.24,0.01939800205152329,2.24,44.936216216216216,4.24265325025261,1.997948476710476e-06,0.0,0.0037837837837813026,-0.0026532502526102064,1.939800205152329,1,1,1,1,0,0,0,0,0,0,0,0,0,0,0,0,0
2024-12-08,Google Ads,Search,SaaS,UK,78635,2587,0.0329,2.35,6079.45,106,57.35,21303.72,3.5,0.03289883639600687,2.35,57.35330188679245,3.504218309222052,1.1636039931317566e-06,0.0,-0.003301886792449693,-0.004218309222051797,3.2898836396006867,1,1,1,1,0,0,0,0,0,0,0,0,0,0,0,0,0
2024-11-12,Meta Ads,Display,Healthcare,UAE,54031,2215,0.041,1.66,3676.9,157,23.42,22778.62,6.2,0.04099498436082989,1.6600000000000001,23.419745222929937,6.195061056868557,5.015639170109776e-06,-2.220446049250313e-16,0.0002547770700651597,0.004938943131443274,4.099498436082989,1,1,1,1,0,0,0,0,0,0,0,0,0,0,0,0,0
2024-09-17,Google Ads,Video,SaaS,Germany,162743,8723,0.0536,1.77,15439.71,106,145.66,20056.78,1.3,0.05359984761249332,1.7699999999999998,145.65764150943394,1.2990386477466223,1.523875066827829e-07,2.220446049250313e-16,0.002358490566052751,0.0009613522533777896,5.359984761249332,1,1,1,1,0,0,0,0,0,0,0,0,0,1,0,0,0
2024-08-04,Google Ads,Display,Healthcare,Canada,144494,8409,0.0582,3.04,25563.36,93,274.87,20233.22,0.79,0.05819618807701358,3.04,274.8748387096774,0.791492980578453,3.8119229864228e-06,0.0,-0.004838709677414954,-0.0014929805784529293,5.8196188077013575,1,1,1,1,0,0,0,0,0,0,0,1,0,1,0,0,0
2024-11-09,Google Ads,Search,Fintech,Australia,112549,6640,0.059,3.67,24368.8,374,65.16,21696.69,0.89,0.05899652595758292,3.67,65.1572192513369,0.8903470831555103,3.474042417080103e-06,0.0,0.002780748663099075,-0.0003470831555102416,5.899652595758291,1,1,1,1,0,0,0,0,0,0,0,1,0,0,0,0,0
2024-12-23,Google Ads,Search,E-commerce,USA,148994,7509,0.0504,3.46,25981.14,588,44.19,82753.51,3.19,0.05039800260413171,3.46,44.18561224489796,3.1851377576195654,1.997395868293117e-06,0.0,0.004387755102037261,0.004862242380434534,5.039800260413171,1,1,1,1,0,0,0,0,0,0,0,1,1,0,0,0,0
2024-11-24,Google Ads,Display,Fintech,Canada,87373,3643,0.0417,1.05,3825.15,289,13.24,35842.03,9.37,0.04169480274226592,1.05,13.235813148788928,9.370097904657333,5.197257734082528e-06,0.0,0.004186851211072096,-9.790465733416909e-05,4.169480274226592,1,1,1,1,0,0,0,0,0,0,0,0,0,0,0,0,0
2024-04-01,TikTok Ads,Shopping,E-commerce,Australia,41200,1763,0.0428,1.78,3138.14,101,31.07,27614.2,8.8,0.04279126213592233,1.78,31.07069306930693,8.799543678739637,8.737864077665303e-06,0.0,-0.0006930693069300276,0.0004563212603638789,4.279126213592233,1,1,1,1,0,0,0,0,0,0,0,0,0,0,0,0,0
2024-12-23,Google Ads,Search,Fintech,India,51986,1996,0.0384,1.53,3053.88,82,37.24,20819.66,6.82,0.038394952487208096,1.53,37.242439024390244,6.8174453482127655,5.047512791900299e-06,0.0,-0.002439024390241684,0.0025546517872347962,3.8394952487208096,1,1,1,1,0,0,0,0,0,0,0,0,0,0,0,0,0
2024-10-15,Meta Ads,Search,Fintech,Germany,190392,6016,0.0316,2.29,13776.64,165,83.49,35908.75,2.61,0.03159796630110509,2.29,83.49478787878788,2.6064954880144944,2.033698894912672e-06,0.0,-0.004787878787880118,0.0035045119855054985,3.159796630110509,1,1,1,1,0,0,0,0,0,0,0,0,0,0,0,0,0
2024-12-06,TikTok Ads,Shopping,E-commerce,Germany,137817,8654,0.0628,1.52,13154.08,392,33.56,54000.95,4.11,0.062793414455401,1.52,33.556326530612246,4.105262397674333,6.585544598994297e-06,0.0,0.0036734693877562563,0.004737602325667112,6.2793414455401,1,1,1,1,0,0,0,0,0,0,0,0,0,0,0,0,0
2024-01-20,TikTok Ads,Video,Fintech,USA,153145,7197,0.047,1.02,7340.94,89,82.48,6214.05,0.85,0.04699467824610663,1.02,82.48247191011235,0.8464924110536254,5.321753893366976e-06,0.0,-0.0024719101123480414,0.0035075889463745957,4.699467824610664,1,1,1,1,0,0,0,0,0,0,0,0,0,0,0,0,0
2024-03-07,Google Ads,Shopping,E-commerce,USA,20718,426,0.0206,2.65,1128.9,22,51.31,1505.14,1.33,0.020561830292499274,2.6500000000000004,51.31363636363637,1.333280184250155,3.8169707500725764e-05,-4.440892098500626e-16,-0.0036363636363674345,-0.0032801842501548606,2.0561830292499272,1,1,1,1,0,0,0,0,0,0,0,0,0,0,0,0,0
2024-01-22,TikTok Ads,Shopping,Fintech,Germany,5059,415,0.0822,0.73,302.95,4,75.74,798.87,2.64,0.0820320221387626,0.73,75.7375,2.6369697969962043,0.00016797786123740055,0.0,0.0024999999999977263,0.0030302030037958616,8.20320221387626,1,1,1,1,0,0,0,0,0,0,0,0,0,0,0,0,0
2024-02-28,TikTok Ads,Search,SaaS,USA,96045,5820,0.0606,0.31,1804.2,235,7.68,47063.54,26.09,0.06059659534593159,0.31,7.677446808510639,26.0855448398182,3.404654068409063e-06,0.0,0.002553191489361062,0.00445516018179859,6.059659534593159,1,1,1,1,0,0,0,0,0,0,0,0,0,0,0,1,0
2024-05-19,Google Ads,Display,E-commerce,UAE,12644,572,0.0453,2.22,1269.84,36,35.27,7362.94,5.8,0.04523884846567542,2.2199999999999998,35.27333333333333,5.798321048321048,6.115153432457998e-05,4.440892098500626e-16,-0.0033333333333303017,0.0016789516789517123,4.523884846567542,1,1,1,1,0,0,0,0,0,0,0,0,0,0,0,0,0
2024-07-16,Google Ads,Video,EdTech,Canada,91901,3326,0.0362,2.58,8581.08,261,32.88,77117.41,8.99,0.03619111870382259,2.58,32.877701149425285,8.986911903862918,8.881296177411235e-06,0.0,0.0022988505747179033,0.0030880961370822746,3.6191118703822593,1,1,1,1,0,0,0,0,0,0,0,0,0,0,0,0,0
2024-03-30,Google Ads,Search,Fintech,Canada,120431,6262,0.052,2.77,17345.74,188,92.26,8830.89,0.51,0.051996578953923824,2.7700000000000005,92.26457446808512,0.5091100177911118,3.4210460761741057e-06,-4.440892098500626e-16,-0.004574468085110084,0.0008899822088882514,5.199657895392383,1,1,1,1,0,0,0,0,0,0,0,0,0,0,0,0,0
2024-01-23,Google Ads,Search,Fintech,Germany,7948,289,0.0364,2.07,598.23,6,99.7,1368.08,2.29,0.03636134876698541,2.0700000000000003,99.705,2.286879628236631,3.865123301459439e-05,-4.440892098500626e-16,-0.0049999999999954525,0.00312037176336899,3.6361348766985406,1,1,1,1,0,0,0,0,0,0,0,0,0,0,0,0,0
2024-08-14,Meta Ads,Video,E-commerce,UAE,108924,2134,0.0196,0.41,874.94,85,10.29,7418.36,8.48,0.019591641878741142,0.41000000000000003,10.293411764705883,8.478707111344777,8.358121258857099e-06,-5.551115123125783e-17,-0.0034117647058842238,0.0012928886552234786,1.9591641878741142,1,1,1,1,0,0,0,0,0,0,0,0,0,0,0,0,0
2024-03-30,Google Ads,Search,SaaS,Germany,66402,2695,0.0406,1.86,5012.7,199,25.19,14266.46,2.85,0.040586126923887834,1.8599999999999999,25.189447236180904,2.8460629999800506,1.3873076112162763e-05,2.220446049250313e-16,0.0005527638190976347,0.003937000019949455,4.058612692388784,1,1,1,1,0,0,0,0,0,0,0,0,0,0,0,0,0
2024-08-29,Google Ads,Display,EdTech,Canada,96676,5326,0.0551,1.67,8894.42,355,25.05,14113.5,1.59,0.05509123257064835,1.67,25.05470422535211,1.5867813752892264,8.767429351651257e-06,0.0,-0.004704225352110569,0.003218624710773721,5.509123257064835,1,1,1,1,0,0,0,0,0,0,0,0,0,0,0,0,0
2024-04-10,Meta Ads,Search,Fintech,USA,10108,320,0.0317,0.51,163.2,8,20.4,624.2,3.82,0.031658092599920855,0.51,20.4,3.8247549019607847,4.1907400079144175e-05,0.0,0.0,-0.004754901960784874,3.1658092599920855,1,1,1,1,0,0,0,0,0,0,0,0,0,0,0,0,0
2024-03-30,Google Ads,Search,SaaS,UK,23936,1211,0.0506,2.7,3269.7,49,66.73,7236.18,2.21,0.0505932486631016,2.6999999999999997,66.72857142857143,2.213102119460501,6.751336898397353e-06,4.440892098500626e-16,0.0014285714285762197,-0.003102119460501207,5.05932486631016,1,1,1,1,0,0,0,0,0,0,0,0,0,0,0,0,0
2024-05-21,Meta Ads,Display,SaaS,India,157455,3810,0.0242,1.24,4724.4,244,19.36,55928.06,11.84,0.02419738973039916,1.24,19.36229508196721,11.838129709592753,2.610269600838294e-06,0.0,-0.0022950819672118428,0.001870290407246955,2.419738973039916,1,1,1,1,0,0,0,0,0,0,0,0,0,0,0,0,0
2024-03-29,Google Ads,Shopping,Fintech,Australia,165805,9832,0.0593,2.76,27136.32,509,53.31,143237.84,5.28,0.059298573625644585,2.76,53.313005893909626,5.278454853126732,1.42637435541354e-06,0.0,-0.0030058939096235804,0.0015451468732683438,5.929857362564459,1,1,1,1,0,0,0,0,0,0,0,1,0,0,1,0,0
2024-10-27,Meta Ads,Search,Fintech,USA,69385,2650,0.0382,1.7,4505.0,160,28.16,32080.73,7.12,0.03819269294516106,1.7,28.15625,7.121138734739179,7.3070548389370105e-06,0.0,0.003750000000000142,-0.0011387347391789149,3.819269294516106,1,1,1,1,0,0,0,0,0,0,0,0,0,0,0,0,0
2024-04-27,TikTok Ads,Video,Healthcare,Australia,89944,2644,0.0294,0.31,819.64,80,10.25,12715.09,15.51,0.029396068664947077,0.31,10.2455,15.513017910302084,3.931335052921592e-06,0.0,0.0045000000000001705,-0.0030179103020842035,2.939606866494708,1,1,1,1,0,0,0,0,0,0,0,0,0,0,0,0,0
2024-04-03,Meta Ads,Search,SaaS,India,62603,1396,0.0223,1.5,2094.0,17,123.18,2988.24,1.43,0.02229925083462454,1.5,123.17647058823529,1.4270487106017191,7.491653754611305e-07,0.0,0.0035294117647168832,0.002951289398280821,2.229925083462454,1,1,1,1,0,0,0,0,0,0,0,0,0,1,0,0,0
2024-01-10,Meta Ads,Shopping,EdTech,USA,62284,1413,0.0227,1.06,1497.78,88,17.02,10561.64,7.05,0.02268640421295999,1.06,17.020227272727272,7.051529597137096,1.3595787040011215e-05,0.0,-0.00022727272727252057,-0.0015295971370958839,2.268640421295999,1,1,1,1,0,0,0,0,0,0,0,0,0,0,0,0,0
2024-11-09,Meta Ads,Video,EdTech,USA,172812,2972,0.0172,0.99,2942.28,178,16.53,47180.83,16.04,0.017197879776867347,0.9900000000000001,16.529662921348315,16.035465693271885,2.1202231326525323e-06,-1.1102230246251565e-16,0.00033707865168608464,0.004534306728114501,1.7197879776867349,1,1,1,1,0,0,0,0,0,0,0,0,0,0,0,0,0
2024-01-19,Google Ads,Search,Healthcare,UAE,82764,2276,0.0275,0.91,2071.16,130,15.93,22792.2,11.0,0.027499879174520323,0.9099999999999999,15.931999999999999,11.004557832325847,1.208254796769559e-07,1.1102230246251565e-16,-0.0019999999999988916,-0.0045578323258474995,2.7499879174520325,1,1,1,1,0,0,0,0,0,0,0,0,0,0,0,0,0
2024-04-14,Meta Ads,Search,E-commerce,India,133260,2611,0.0196,2.08,5430.88,108,50.29,16755.51,3.09,0.01959327630196608,2.08,50.28592592592593,3.085229281442418,6.723698033919007e-06,0.0,0.00407407407406879,0.004770718557582043,1.959327630196608,1,1,1,1,0,0,0,0,0,0,0,0,0,0,0,0,0
2024-07-08,Google Ads,Search,Fintech,Australia,188420,9364,0.0497,2.65,24814.6,324,76.59,68719.44,2.77,0.04969748434348795,2.65,76.58827160493827,2.769314838844874,2.5156565120476593e-06,0.0,0.0017283950617326127,0.0006851611551259573,4.969748434348795,1,1,1,1,0,0,0,0,0,0,0,1,0,0,0,0,0
2024-02-20,Google Ads,Shopping,Fintech,UK,89431,3300,0.0369,1.47,4851.0,56,86.62,9891.88,2.04,0.03689995639096063,1.47,86.625,2.0391424448567306,4.36090393726718e-08,0.0,-0.0049999999999954525,0.0008575551432694617,3.689995639096063,1,1,1,1,0,0,0,0,0,0,0,0,0,0,0,0,0
2024-01-04,Google Ads,Display,E-commerce,USA,52897,1883,0.0356,2.77,5215.91,108,48.3,5473.28,1.05,0.03559748189878443,2.77,48.295462962962965,1.0493432593737237,2.5181012155706117e-06,0.0,0.004537037037032121,0.0006567406262762976,3.559748189878443,1,1,1,1,0,0,0,0,0,0,0,0,0,0,0,0,0
2024-06-09,Google Ads,Shopping,SaaS,UK,83334,3341,0.0401,1.73,5779.93,256,22.58,32514.9,5.63,0.040091679266565865,1.73,22.5778515625,5.625483353604628,8.320733434132033e-06,0.0,0.002148437499997158,0.004516646395371637,4.009167926656587,1,1,1,1,0,0,0,0,0,0,0,0,0,0,0,0,0
2024-10-17,TikTok Ads,Shopping,SaaS,USA,180721,9379,0.0519,1.3,12192.7,286,42.63,52558.42,4.31,0.051897676529014336,1.3,42.63181818181818,4.310646534401732,2.3234709856656544e-06,0.0,-0.0018181818181801646,-0.000646534401732346,5.189767652901434,1,1,1,1,0,0,0,0,0,0,0,0,0,0,0,0,0
2024-12-09,TikTok Ads,Display,Healthcare,Australia,195759,7262,0.0371,0.47,3413.14,75,45.51,16681.83,4.89,0.03709663412665574,0.47,45.50853333333333,4.887531715663584,3.3658733442631927e-06,0.0,0.001466666666665617,0.0024682843364161045,3.7096634126655736,1,1,1,1,0,0,0,0,0,0,0,0,0,0,0,0,0
2024-07-10,Google Ads,Video,SaaS,USA,158514,4565,0.0288,2.14,9769.1,235,41.57,15388.32,1.58,0.028798718094300818,2.14,41.57063829787234,1.5752034476052041,1.2819056991811295e-06,0.0,-0.0006382978723422639,0.004796552394795928,2.8798718094300817,1,1,1,1,0,0,0,0,0,0,0,0,0,0,0,0,0
2024-05-17,Meta Ads,Video,SaaS,USA,82948,2347,0.0283,2.31,5421.57,65,83.41,10510.94,1.94,0.028294835318512804,2.31,83.40876923076922,1.9387262361271738,5.164681487195011e-06,0.0,0.0012307692307729212,0.0012737638728261835,2.8294835318512805,1,1,1,1,0,0,0,0,0,0,0,0,0,0,0,0,0
2024-02-02,Google Ads,Video,SaaS,Canada,44420,1066,0.024,3.64,3880.24,44,88.19,2655.91,0.68,0.023998199009455202,3.6399999999999997,88.18727272727273,0.6844705482135126,1.8009905447986807e-06,4.440892098500626e-16,0.002727272727270247,-0.00447054821351256,2.3998199009455203,1,1,1,1,0,0,0,0,0,0,0,0,0,0,0,0,0
2024-02-25,TikTok Ads,Search,Fintech,UAE,57006,2981,0.0523,1.1,3279.1,192,17.08,40566.37,12.37,0.052292741114970356,1.0999999999999999,17.078645833333333,12.371190265621665,7.258885029642892e-06,2.220446049250313e-16,0.001354166666665435,-0.0011902656216662422,5.229274111497036,1,1,1,1,0,0,0,0,0,0,0,0,0,0,0,0,0
2024-08-15,Meta Ads,Video,SaaS,USA,37588,1191,0.0317,1.96,2334.36,48,48.63,13381.03,5.73,0.03168564435458125,1.9600000000000002,48.6325,5.732204972669169,1.4355645418746843e-05,-2.220446049250313e-16,-0.0024999999999977263,-0.0022049726691681926,3.168564435458125,1,1,1,1,0,0,0,0,0,0,0,0,0,0,0,0,0
2024-02-02,TikTok Ads,Shopping,Healthcare,Australia,196605,14922,0.0759,1.76,26262.72,757,34.69,181823.28,6.92,0.075898374914168,1.76,34.6931571994716,6.923246335490002,1.6250858319993844e-06,0.0,-0.003157199471601757,-0.0032463354900018615,7.5898374914168,1,1,1,1,0,0,0,0,1,0,0,1,1,0,1,0,0
2024-04-01,Meta Ads,Video,Fintech,Germany,59376,564,0.0095,0.64,360.96,25,14.44,4065.83,11.26,0.009498787388843978,0.64,14.4384,11.263935062056738,1.2126111560220587e-06,0.0,0.0015999999999998238,-0.0039350620567386585,0.9498787388843978,1,1,1,1,0,0,0,0,0,0,0,0,0,0,0,0,0
2024-05-21,Meta Ads,Video,E-commerce,India,15865,528,0.0333,1.88,992.64,39,25.45,3165.22,3.19,0.03328080680743776,1.88,25.45230769230769,3.188688749194068,1.919319256224461e-05,0.0,-0.002307692307692122,0.0013112508059318628,3.328080680743776,1,1,1,1,0,0,0,0,0,0,0,0,0,0,0,0,0
2024-11-26,Google Ads,Video,EdTech,UAE,80511,3622,0.045,3.32,12025.04,140,85.89,31780.44,2.64,0.04498764144030008,3.3200000000000003,85.89314285714286,2.6428552420615645,1.2358559699915395e-05,-4.440892098500626e-16,-0.003142857142861999,-0.0028552420615644003,4.498764144030008,1,1,1,1,0,0,0,0,0,0,0,0,0,0,0,0,0
2024-06-26,Google Ads,Shopping,E-commerce,UK,143944,7873,0.0547,2.11,16612.03,513,32.38,65899.82,3.97,0.0546948813427444,2.11,32.38212475633528,3.966993799072119,5.118657255595571e-06,0.0,-0.0021247563352773113,0.003006200927881064,5.469488134274441,1,1,1,1,0,0,0,0,0,0,0,0,0,0,0,0,0
2024-07-08,Meta Ads,Search,SaaS,UK,44612,811,0.0182,2.0,1622.0,23,70.52,1008.1,0.62,0.018178965300815923,2.0,70.52173913043478,0.6215166461159063,2.1034699184078326e-05,0.0,-0.001739130434785352,-0.001516646115906295,1.8178965300815924,1,1,1,1,0,0,0,0,0,0,0,0,0,0,0,0,0
2024-11-13,Google Ads,Display,E-commerce,Australia,17299,479,0.0277,1.94,929.26,30,30.98,3163.73,3.4,0.02768946181860223,1.94,30.97533333333333,3.404569227126961,1.0538181397769242e-05,0.0,0.004666666666668817,-0.004569227126961284,2.768946181860223,1,1,1,1,0,0,0,0,0,0,0,0,0,0,0,0,0
2024-10-29,TikTok Ads,Shopping,Healthcare,UAE,71514,3354,0.0469,1.31,4393.74,165,26.63,17363.87,3.95,0.046899907710378386,1.3099999999999998,26.62872727272727,3.9519566474119996,9.228962161156318e-08,2.220446049250313e-16,0.0012727272727275363,-0.0019566474119994126,4.689990771037839,1,1,1,1,0,0,0,0,0,0,0,0,0,0,0,0,0
2024-03-14,Google Ads,Video,E-commerce,India,37135,1006,0.0271,1.92,1931.52,62,31.15,17772.87,9.2,0.027090346034738116,1.92,31.153548387096773,9.201494160039761,9.653965261882669e-06,0.0,-0.003548387096774519,-0.0014941600397619936,2.7090346034738118,1,1,1,1,0,0,0,0,0,0,0,0,0,0,0,0,0
2024-11-23,Google Ads,Display,EdTech,UAE,80542,4236,0.0526,2.15,9107.4,104,87.57,15932.35,1.75,0.052593677832683566,2.15,87.57115384615385,1.7493851154006632,6.32216731643459e-06,0.0,-0.0011538461538549427,0.0006148845993367846,5.259367783268357,1,1,1,1,0,0,0,0,0,0,0,0,0,0,0,0,0
2024-04-03,Google Ads,Shopping,E-commerce,Australia,112992,2802,0.0248,3.0,8406.0,124,67.79,7395.68,0.88,0.0247982158028887,3.0,67.79032258064517,0.8798096597668332,1.784197111300706e-06,0.0,-0.00032258064516099694,0.00019034023316677473,2.4798215802888697,1,1,1,1,0,0,0,0,0,0,0,0,0,0,0,0,0
2024-06-09,Meta Ads,Search,SaaS,UK,119863,1114,0.0093,1.23,1370.22,75,18.27,21180.36,15.46,0.009293943919307877,1.23,18.2696,15.457634540438761,6.056080692122198e-06,0.0,0.00039999999999906777,0.002365459561239902,0.9293943919307877,1,1,1,1,0,0,0,0,0,0,0,0,0,0,0,0,0
2024-02-07,TikTok Ads,Search,Fintech,Germany,108806,5070,0.0466,0.36,1825.2,279,6.54,26787.94,14.68,0.04659669503520027,0.36,6.541935483870968,14.676714880561033,3.3049647997357434e-06,0.0,-0.001935483870967758,0.0032851194389671434,4.659669503520027,1,1,1,1,0,0,0,0,0,0,0,0,0,0,0,0,0
2024-11-30,TikTok Ads,Shopping,Healthcare,UK,7234,496,0.0687,0.71,352.16,10,35.22,399.8,1.14,0.06856510920652474,0.7100000000000001,35.216,1.1352794184461608,0.00013489079347525634,-1.1102230246251565e-16,0.003999999999997783,0.004720581553839143,6.856510920652474,1,1,1,1,0,0,0,0,0,0,0,0,0,0,0,0,0
2024-05-03,Meta Ads,Shopping,Fintech,Australia,143541,1980,0.0138,1.41,2791.8,152,18.37,42063.3,15.07,0.01379396827387297,1.4100000000000001,18.367105263157896,15.066731141199226,6.031726127030124e-06,-2.220446049250313e-16,0.002894736842105061,0.0032688588007747654,1.379396827387297,1,1,1,1,0,0,0,0,0,0,0,0,0,0,0,0,0
2024-03-21,TikTok Ads,Video,EdTech,India,5497,231,0.0422,1.38,318.78,18,17.71,4467.32,14.01,0.04202292159359651,1.38,17.709999999999997,14.013802622498275,0.00017707840640349137,0.0,3.552713678800501e-15,-0.003802622498275454,4.202292159359651,1,1,1,1,0,0,0,0,0,0,0,0,0,0,0,0,0
2024-03-03,Meta Ads,Display,EdTech,UK,160478,4413,0.0275,1.02,4501.26,82,54.89,13362.88,2.97,0.027499096449357545,1.02,54.893414634146346,2.9686976535458958,9.035506424552586e-07,0.0,-0.0034146341463454633,0.0013023464541044305,2.7499096449357543,1,1,1,1,0,0,0,0,0,0,0,0,0,0,0,0,0
2024-10-14,Google Ads,Video,E-commerce,UK,116011,2726,0.0235,1.96,5342.96,127,42.07,4188.78,0.78,0.023497771763022472,1.96,42.07055118110236,0.7839811639989818,2.228236977527831e-06,0.0,-0.0005511811023595214,-0.0039811639989817404,2.349777176302247,1,1,1,1,0,0,0,0,0,0,0,0,0,0,0,0,0
2024-09-17,Meta Ads,Search,EdTech,Germany,166243,1895,0.0114,0.92,1743.4,51,34.18,5887.21,3.38,0.01139897619749403,0.92,34.1843137254902,3.376855569576689,1.0238025059707e-06,0.0,-0.0043137254901992605,0.0031444304233110287,1.139897619749403,1,1,1,1,0,0,0,0,0,0,0,0,0,0,0,0,0
2024-01-16,TikTok Ads,Video,E-commerce,Australia,62868,2715,0.0432,1.6,4344.0,180,24.13,35590.01,8.19,0.043185722466119486,1.6,24.133333333333333,8.192912062615102,1.4277533880516224e-05,0.0,-0.0033333333333338544,-0.002912062615102684,4.318572246611948,1,1,1,1,0,0,0,0,0,0,0,0,0,0,0,0,0
2024-12-15,Google Ads,Video,EdTech,UAE,132953,8163,0.0614,2.76,22529.88,130,173.31,16572.4,0.74,0.06139763675885463,2.7600000000000002,173.30676923076925,0.7355742684825662,2.3632411453727853e-06,-4.440892098500626e-16,0.003230769230754049,0.004425731517433751,6.1397636758854635,1,1,1,1,0,0,0,0,0,0,0,1,0,1,0,0,0
2024-03-11,Meta Ads,Display,Healthcare,UAE,107326,2436,0.0227,0.77,1875.72,84,22.33,5936.35,3.16,0.02269720291448484,0.77,22.330000000000002,3.164838035527691,2.797085515159753e-06,0.0,-3.552713678800501e-15,-0.004838035527690909,2.269720291448484,1,1,1,1,0,0,0,0,0,0,0,0,0,0,0,0,0
2024-03-28,TikTok Ads,Search,E-commerce,Australia,24854,1106,0.0445,1.14,1260.84,38,33.18,8735.32,6.93,0.04449987929508328,1.14,33.18,6.928174867548619,1.2070491671456463e-07,0.0,0.0,0.0018251324513807177,4.449987929508328,1,1,1,1,0,0,0,0,0,0,0,0,0,0,0,0,0
2024-04-05,Google Ads,Display,Healthcare,India,175949,7108,0.0404,2.44,17343.52,75,231.25,22062.99,1.27,0.04039806989525374,2.44,231.24693333333335,1.2721171942027916,1.9301047462574883e-06,0.0,0.0030666666666547826,-0.0021171942027915502,4.039806989525374,1,1,1,1,0,0,0,0,0,0,0,0,0,1,0,0,0
2024-12-27,TikTok Ads,Shopping,EdTech,USA,131956,7772,0.0589,0.29,2253.88,211,10.68,23120.58,10.26,0.05889842068568311,0.29000000000000004,10.681895734597157,10.25812376878982,1.5793143168935098e-06,-5.551115123125783e-17,-0.001895734597157528,0.0018762312101792133,5.889842068568311,1,1,1,1,0,0,0,0,0,0,0,0,0,0,0,0,0
2024-11-11,Google Ads,Video,Healthcare,UAE,90096,4784,0.0531,3.17,15165.28,310,48.92,81015.37,5.34,0.05309891671106375,3.17,48.92025806451613,5.342161173417173,1.0832889362488718e-06,0.0,-0.0002580645161316397,-0.0021611734171731456,5.309891671106375,1,1,1,1,0,0,0,0,0,0,0,0,0,0,0,0,0
2024-02-13,Google Ads,Video,E-commerce,UK,48766,1731,0.0355,1.04,1800.24,44,40.91,12477.84,6.93,0.0354960423245704,1.04,40.914545454545454,6.9312091721103855,3.957675429600016e-06,0.0,-0.004545454545457517,-0.0012091721103857367,3.54960423245704,1,1,1,1,0,0,0,0,0,0,0,0,0,0,0,0,0
2024-04-24,Meta Ads,Display,Fintech,USA,68989,2952,0.0428,1.79,5284.08,169,31.27,14776.11,2.8,0.04278943019901724,1.79,31.266745562130176,2.79634486987328,1.0569800982761224e-05,0.0,0.003254437869824045,0.0036551301267198077,4.278943019901724,1,1,1,1,0,0,0,0,0,0,0,0,0,0,0,0,0
2024-10-13,Google Ads,Search,E-commerce,India,197557,4326,0.0219,1.18,5104.68,259,19.71,39016.05,7.64,0.021897477689983146,1.1800000000000002,19.70918918918919,7.643192129575214,2.522310016853796e-06,-2.220446049250313e-16,0.0008108108108118017,-0.0031921295752139756,2.1897477689983145,1,1,1,1,0,0,0,0,0,0,0,0,0,0,0,0,0
2024-05-14,Google Ads,Video,E-commerce,Canada,96178,4328,0.045,3.36,14542.08,275,52.88,37193.1,2.56,0.04499989602611824,3.36,52.88029090909091,2.5576189926062844,1.0397388176125455e-07,0.0,-0.000290909090907121,0.002381007393715606,4.499989602611824,1,1,1,1,0,0,0,0,0,0,0,0,0,0,0,0,0
2024-09-10,TikTok Ads,Shopping,Healthcare,India,144940,5333,0.0368,1.31,6986.23,148,47.2,32610.09,4.67,0.036794535669932384,1.3099999999999998,47.204256756756756,4.66776644914353,5.4643300676157636e-06,2.220446049250313e-16,-0.004256756756753077,0.0022335508564701456,3.6794535669932382,1,1,1,1,0,0,0,0,0,0,0,0,0,0,0,0,0
2024-04-12,TikTok Ads,Shopping,SaaS,UAE,152322,13678,0.0898,0.41,5607.98,813,6.9,103237.84,18.41,0.08979661506545344,0.41,6.897884378843788,18.40909561018406,3.384934546560303e-06,0.0,0.002115621156212555,0.0009043898159397656,8.979661506545344,1,1,1,1,0,0,0,0,1,1,0,0,1,0,1,1,0
2024-08-22,Google Ads,Display,EdTech,Australia,89124,2664,0.0299,1.24,3303.36,198,16.68,52262.98,15.82,0.029890938467752794,1.24,16.683636363636364,15.821157851399787,9.061532247205822e-06,0.0,-0.003636363636363882,-0.0011578513997871909,2.9890938467752792,1,1,1,1,0,0,0,0,0,0,0,0,0,0,0,0,0
2024-12-13,Google Ads,Video,Fintech,India,126404,2073,0.0164,0.92,1907.16,24,79.47,3807.61,2.0,0.01639979747476346,0.92,79.465,1.9964816795654272,2.025252365429886e-07,0.0,0.0049999999999954525,0.003518320434572786,1.6399797474763458,1,1,1,1,0,0,0,0,0,0,0,0,0,0,0,0,0
2024-11-20,Meta Ads,Search,Healthcare,Canada,84654,2937,0.0347,1.84,5404.08,104,51.96,30747.28,5.69,0.03469416684385853,1.84,51.96230769230769,5.689641900193927,5.833156141471507e-06,0.0,-0.002307692307688569,0.00035809980607304226,3.469416684385853,1,1,1,1,0,0,0,0,0,0,0,0,0,0,0,0,0
2024-06-20,Meta Ads,Video,EdTech,Germany,95987,1919,0.02,1.71,3281.49,124,26.46,28533.79,8.7,0.01999229062268849,1.71,26.463629032258062,8.695376185818029,7.709377311510002e-06,0.0,-0.0036290322580612155,0.0046238141819703316,1.999229062268849,1,1,1,1,0,0,0,0,0,0,0,0,0,0,0,0,0
2024-06-01,Google Ads,Shopping,SaaS,UAE,154088,9106,0.0591,3.24,29503.44,294,100.35,42565.78,1.44,0.05909610092933908,3.2399999999999998,100.35183673469388,1.44273955850572,3.8990706609232095e-06,4.440892098500626e-16,-0.0018367346938816809,-0.0027395585057201632,5.9096100929339075,1,1,1,1,0,0,0,0,0,0,0,1,0,0,0,0,0
2024-02-29,TikTok Ads,Search,EdTech,Australia,71883,2077,0.0289,1.71,3551.67,87,40.82,12811.32,3.61,0.028894175257014872,1.71,40.823793103448274,3.607125662012518,5.824742985126308e-06,0.0,-0.0037931034482738823,0.002874337987481823,2.889417525701487,1,1,1,1,0,0,0,0,0,0,0,0,0,0,0,0,0
2024-07-22,Meta Ads,Shopping,E-commerce,UAE,133716,1617,0.0121,0.85,1374.45,48,28.63,3570.09,2.6,0.01209279368213228,0.85,28.634375000000002,2.597468078140347,7.206317867719178e-06,0.0,-0.004375000000003126,0.002531921859652897,1.2092793682132281,1,1,1,1,0,0,0,0,0,0,0,0,0,0,0,0,0
2024-12-26,TikTok Ads,Display,Fintech,Germany,43319,2534,0.0585,1.66,4206.44,111,37.9,10456.87,2.49,0.05849627184376371,1.66,37.89585585585585,2.48591920959291,3.7281562362961873e-06,0.0,0.004144144144149209,0.004080790407090085,5.849627184376371,1,1,1,1,0,0,0,0,0,0,0,0,0,0,0,0,0
2024-09-03,Google Ads,Search,E-commerce,India,144911,7897,0.0545,1.63,12872.11,555,23.19,21004.5,1.63,0.05449551793859679,1.6300000000000001,23.192990990990992,1.6317837557323547,4.482061403209003e-06,-2.220446049250313e-16,-0.0029909909909910937,-0.001783755732354786,5.449551793859679,1,1,1,1,0,0,0,0,0,0,0,0,1,0,0,0,0
2024-10-22,Google Ads,Search,Fintech,UAE,180634,7821,0.0433,2.21,17284.41,581,29.75,136556.31,7.9,0.043297496595325356,2.21,29.749414802065406,7.90054795043626,2.5034046746419403e-06,0.0,0.0005851979345941061,-0.0005479504362595478,4.329749659532536,1,1,1,1,0,0,0,0,0,0,0,0,1,0,1,0,0
2024-02-03,Meta Ads,Display,EdTech,Australia,76095,2031,0.0267,1.49,3026.19,135,22.42,33172.87,10.96,0.026690321308890205,1.49,22.416222222222224,10.961925721782176,9.678691109796939e-06,0.0,0.0037777777777776578,-0.0019257217821753159,2.6690321308890206,1,1,1,1,0,0,0,0,0,0,0,0,0,0,0,0,0
2024-07-11,TikTok Ads,Video,E-commerce,Germany,180128,10555,0.0586,0.84,8866.2,707,12.54,200566.9,22.62,0.058597219754841,0.8400000000000001,12.540594059405942,22.62151767386253,2.780245158998107e-06,-1.1102230246251565e-16,-0.000594059405942815,-0.001517673862529989,5.8597219754841,1,1,1,1,0,0,0,0,0,0,0,0,1,0,1,1,0
2024-06-23,Meta Ads,Display,EdTech,Australia,169849,5927,0.0349,0.94,5571.38,437,12.75,105321.92,18.9,0.034895701476016935,0.9400000000000001,12.749153318077804,18.904099163941428,4.298523983065072e-06,-1.1102230246251565e-16,0.0008466819221961686,-0.004099163941429396,3.4895701476016936,1,1,1,1,0,0,0,0,0,0,0,0,0,0,1,1,0
2024-03-01,Meta Ads,Video,Fintech,Australia,122974,2939,0.0239,1.85,5437.15,91,59.75,26004.98,4.78,0.02389936084050287,1.8499999999999999,59.748901098901094,4.782832917980928,6.391594971309755e-07,2.220446049250313e-16,0.001098901098906424,-0.0028329179809274407,2.3899360840502872,1,1,1,1,0,0,0,0,0,0,0,0,0,0,0,0,0
2024-08-02,Google Ads,Search,E-commerce,USA,28553,850,0.0298,2.06,1751.0,51,34.33,13010.72,7.43,0.0297692011347319,2.06,34.333333333333336,7.430451170759565,3.0798865268098774e-05,0.0,-0.003333333333337407,-0.00045117075956557784,2.97692011347319,1,1,1,1,0,0,0,0,0,0,0,0,0,0,0,0,0
2024-01-29,Meta Ads,Display,EdTech,UK,77447,906,0.0117,1.15,1041.9,29,35.93,8284.13,7.95,0.01169832272392733,1.1500000000000001,35.92758620689656,7.9509837796333604,1.6772760726702085e-06,-2.220446049250313e-16,0.0024137931034431404,-0.000983779633360271,1.169832272392733,1,1,1,1,0,0,0,0,0,0,0,0,0,0,0,0,0
