ad_id,xyz_campaign_id,fb_campaign_id,age,gender,interest,Impressions,Clicks,Spent,Total_Conversion,Approved_Conversion,CTR_%,Click_to_Total_Conversion_%,Click_to_Approved_Conversion_%,Total_to_Approved_Conversion_%,CPC,Cost_per_Approved_Conversion,Total_Conversion_Greater_Than_Clicks_Flag,Approved_Greater_Than_Total_Flag,Negative_Value_Flag,Impressions_IQR_Outlier_Flag,Clicks_IQR_Outlier_Flag,Spent_IQR_Outlier_Flag,Total_Conversion_IQR_Outlier_Flag,Approved_Conversion_IQR_Outlier_Flag,Missing_Value_Flag,Duplicate_Row_Flag
708746,916,103916,30-34,M,15,7350,1,1.429999948,2,1,0.013605442176870748,200.0,100.0,50.0,1.429999948,1.429999948,1,0,0,0,0,0,0,0,0,0
708749,916,103917,30-34,M,16,17861,2,1.820000023,2,0,0.011197581322434353,100.0,0.0,0.0,0.9100000115,,0,0,0,0,0,0,0,0,1,0
708771,916,103920,30-34,M,20,693,0,0.0,1,0,0.0,,,0.0,,,1,0,0,0,0,0,0,0,1,0
708815,916,103928,30-34,M,28,4259,1,1.25,1,0,0.023479690068091103,100.0,0.0,0.0,1.25,,0,0,0,0,0,0,0,0,1,0
708818,916,103928,30-34,M,28,4133,1,1.289999962,1,1,0.024195499637067505,100.0,100.0,100.0,1.289999962,1.289999962,0,0,0,0,0,0,0,0,0,0
708820,916,103929,30-34,M,29,1915,0,0.0,1,1,0.0,,,100.0,,0.0,1,0,0,0,0,0,0,0,1,0
708889,916,103940,30-34,M,15,15615,3,4.769999981,1,0,0.01921229586935639,33.33333333333333,0.0,0.0,1.5899999936666667,,0,0,0,0,0,0,0,0,1,0
708895,916,103941,30-34,M,16,10951,1,1.269999981,1,1,0.009131586156515388,100.0,100.0,100.0,1.269999981,1.269999981,0,0,0,0,0,0,0,0,0,0
708953,916,103951,30-34,M,27,2355,1,1.5,1,0,0.042462845010615716,100.0,0.0,0.0,1.5,,0,0,0,0,0,0,0,0,1,0
708958,916,103952,30-34,M,28,9502,3,3.159999967,1,0,0.03157230056830141,33.33333333333333,0.0,0.0,1.0533333223333334,,0,0,0,0,0,0,0,0,1,0
708979,916,103955,30-34,M,31,1224,0,0.0,1,0,0.0,,,0.0,,,1,0,0,0,0,0,0,0,1,0
709023,916,103962,30-34,M,7,735,0,0.0,1,0,0.0,,,0.0,,,1,0,0,0,0,0,0,0,1,0
709038,916,103965,30-34,M,16,5117,0,0.0,1,0,0.0,,,0.0,,,1,0,0,0,0,0,0,0,1,0
709040,916,103965,30-34,M,16,5120,0,0.0,1,0,0.0,,,0.0,,,1,0,0,0,0,0,0,0,1,0
709059,916,103968,30-34,M,20,14669,7,10.28000021,1,1,0.0477196809598473,14.285714285714285,14.285714285714285,100.0,1.4685714585714287,10.28000021,0,0,0,0,0,0,0,0,0,0
709105,916,103976,30-34,M,28,1241,0,0.0,1,1,0.0,,,100.0,,0.0,1,0,0,0,0,0,0,0,1,0
709115,916,103978,30-34,M,30,2305,1,0.569999993,1,0,0.04338394793926247,100.0,0.0,0.0,0.569999993,,0,0,0,0,0,0,0,0,1,0
709124,916,103979,30-34,M,31,1024,0,0.0,1,1,0.0,,,100.0,,0.0,1,0,0,0,0,0,0,0,1,0
709179,916,103988,35-39,M,15,4627,1,1.690000057,1,0,0.02161227577263886,100.0,0.0,0.0,1.690000057,,0,0,0,0,0,0,0,0,1,0
709183,916,103989,35-39,M,16,21026,4,4.630000114,2,1,0.019024065442785124,50.0,25.0,50.0,1.1575000285,4.630000114,0,0,0,0,0,0,0,0,0,0
709320,916,104012,35-39,M,15,1422,0,0.0,1,1,0.0,,,100.0,,0.0,1,0,0,0,0,0,0,0,1,0
709323,916,104012,35-39,M,15,7132,2,2.609999895,1,0,0.028042624789680313,50.0,0.0,0.0,1.3049999475,,0,0,0,0,0,0,0,0,1,0
709326,916,104013,35-39,M,16,12190,2,3.049999952,1,0,0.016406890894175553,50.0,0.0,0.0,1.524999976,,0,0,0,0,0,0,0,0,1,0
709327,916,104013,35-39,M,16,12193,2,3.059999943,1,1,0.01640285409661281,50.0,50.0,100.0,1.5299999715,3.059999943,0,0,0,0,0,0,0,0,0,0
709328,916,104013,35-39,M,16,3332,0,0.0,1,1,0.0,,,100.0,,0.0,1,0,0,0,0,0,0,0,1,0
709455,916,104034,35-39,M,7,559,0,0.0,1,0,0.0,,,0.0,,,1,0,0,0,0,0,0,0,1,0
709544,916,104049,35-39,M,29,7440,2,2.980000019,1,1,0.026881720430107527,50.0,50.0,100.0,1.4900000095,2.980000019,0,0,0,0,0,0,0,0,0,0
709614,916,104061,40-44,M,16,19113,4,5.5200001,1,0,0.020928164076806362,25.0,0.0,0.0,1.380000025,,0,0,0,0,0,0,0,0,1,0
709756,916,104085,40-44,M,16,10976,2,1.690000057,1,1,0.018221574344023325,50.0,50.0,100.0,0.8450000285,1.690000057,0,0,0,0,0,0,0,0,0,0
709761,916,104085,40-44,M,16,2861,0,0.0,1,0,0.0,,,0.0,,,1,0,0,0,0,0,0,0,1,0
709899,916,104108,40-44,M,15,1398,0,0.0,1,1,0.0,,,100.0,,0.0,1,0,0,0,0,0,0,0,1,0
709901,916,104109,40-44,M,16,23817,7,8.470000148,1,1,0.02939077129781249,14.285714285714285,14.285714285714285,100.0,1.2100000211428572,8.470000148,0,0,0,0,0,0,0,0,0,0
710045,916,104133,45-49,M,16,47224,12,15.82000017,1,0,0.025410808063696423,8.333333333333332,0.0,0.0,1.3183333475,,0,0,0,0,0,0,0,0,1,0
710088,916,104140,45-49,M,24,2283,1,1.470000029,1,0,0.043802014892685065,100.0,0.0,0.0,1.470000029,,0,0,0,0,0,0,0,0,1,0
710360,916,104185,45-49,M,21,2182,1,1.529999971,1,1,0.045829514207149404,100.0,100.0,100.0,1.529999971,1.529999971,0,0,0,0,0,0,0,0,0,0
710477,916,104205,30-34,F,16,2654,0,0.0,1,1,0.0,,,100.0,,0.0,1,0,0,0,0,0,0,0,1,0
710480,916,104205,30-34,F,16,57665,14,18.06999969,1,1,0.024278158328275384,7.142857142857142,7.142857142857142,100.0,1.2907142635714286,18.06999969,0,0,0,0,0,0,0,0,0,0
710571,916,104220,30-34,F,32,3091,1,1.610000014,1,1,0.03235198964736331,100.0,100.0,100.0,1.610000014,1.610000014,0,0,0,0,0,0,0,0,0,0
710617,916,104228,30-34,F,15,5014,1,1.190000057,1,0,0.01994415636218588,100.0,0.0,0.0,1.190000057,,0,0,0,0,0,0,0,0,1,0
710623,916,104229,30-34,F,16,38726,7,9.220000267,1,0,0.018075711408356142,14.285714285714285,0.0,0.0,1.3171428952857143,,0,0,0,0,0,0,0,0,1,0
710628,916,104230,30-34,F,18,1473,0,0.0,1,0,0.0,,,0.0,,,1,0,0,0,0,0,0,0,1,0
710682,916,104239,30-34,F,27,1186,0,0.0,1,0,0.0,,,0.0,,,1,0,0,0,0,0,0,0,1,0
710763,916,104252,30-34,F,15,5369,1,1.50999999,1,0,0.018625442354255912,100.0,0.0,0.0,1.50999999,,0,0,0,0,0,0,0,0,1,0
710836,916,104265,30-34,F,29,22221,7,9.430000067,1,1,0.03150173259529274,14.285714285714285,14.285714285714285,100.0,1.3471428667142857,9.430000067,0,0,0,0,0,0,0,0,0,0
710867,916,104270,30-34,F,63,1185,0,0.0,1,0,0.0,,,0.0,,,1,0,0,0,0,0,0,0,1,0
710880,916,104272,30-34,F,65,13019,5,6.960000038,1,0,0.038405407481373374,20.0,0.0,0.0,1.3920000076,,0,0,0,0,0,0,0,0,1,0
710961,916,104285,35-39,F,25,2508,1,1.220000029,1,0,0.03987240829346093,100.0,0.0,0.0,1.220000029,,0,0,0,0,0,0,0,0,1,0
710968,916,104287,35-39,F,27,5864,2,2.799999952,1,1,0.034106412005457026,50.0,50.0,100.0,1.399999976,2.799999952,0,0,0,0,0,0,0,0,0,0
711217,916,104328,35-39,F,20,2783,1,1.600000024,1,0,0.035932446999640676,100.0,0.0,0.0,1.600000024,,0,0,0,0,0,0,0,0,1,0
711623,916,104396,40-44,F,15,3812,1,1.129999995,2,1,0.026232948583420776,200.0,100.0,50.0,1.129999995,1.129999995,1,0,0,0,0,0,0,0,0,0
711764,916,104419,45-49,F,10,11199,4,5.730000019,1,1,0.035717474774533436,25.0,25.0,100.0,1.43250000475,5.730000019,0,0,0,0,0,0,0,0,0,0
711785,916,104423,45-49,F,19,292,0,0.0,1,0,0.0,,,0.0,,,1,0,0,0,0,0,0,0,1,0
711877,916,104438,45-49,F,63,17572,7,9.379999995,1,0,0.03983610289096289,14.285714285714285,0.0,0.0,1.3399999992857143,,0,0,0,0,0,0,0,0,1,0
712052,916,104467,45-49,F,10,1448,0,0.0,1,1,0.0,,,100.0,,0.0,1,0,0,0,0,0,0,0,1,0
734209,936,108654,30-34,M,10,1772,0,0.0,1,1,0.0,,,100.0,,0.0,1,0,0,0,0,0,0,0,1,0
734210,936,108654,30-34,M,10,13329,4,5.629999995,1,1,0.030009753169780176,25.0,25.0,100.0,1.40749999875,5.629999995,0,0,0,0,0,0,0,0,0,0
734215,936,108655,30-34,M,15,13659,3,3.840000033,1,0,0.021963540522732264,33.33333333333333,0.0,0.0,1.280000011,,0,0,0,0,0,0,0,0,1,0
734243,936,108660,30-34,M,21,739,0,0.0,1,1,0.0,,,100.0,,0.0,1,0,0,0,0,0,0,0,1,0
734266,936,108664,30-34,M,25,605,0,0.0,1,0,0.0,,,0.0,,,1,0,0,0,0,0,0,0,1,0
734272,936,108665,30-34,M,26,1030,0,0.0,1,0,0.0,,,0.0,,,1,0,0,0,0,0,0,0,1,0
734290,936,108668,30-34,M,29,5374,1,1.039999962,4,0,0.018608113137327877,400.0,0.0,0.0,1.039999962,,1,0,0,0,0,0,0,0,1,0
734313,936,108672,30-34,M,36,790,0,0.0,1,1,0.0,,,100.0,,0.0,1,0,0,0,0,0,0,0,1,0
734314,936,108672,30-34,M,36,962,0,0.0,1,0,0.0,,,0.0,,,1,0,0,0,0,0,0,0,1,0
734352,936,108678,35-39,M,10,4423,1,1.460000038,1,1,0.022609088853719195,100.0,100.0,100.0,1.460000038,1.460000038,0,0,0,0,0,0,0,0,0,0
734361,936,108680,35-39,M,16,12382,2,2.839999914,1,1,0.016152479405588758,50.0,50.0,100.0,1.419999957,2.839999914,0,0,0,0,0,0,0,0,0,0
734381,936,108683,35-39,M,20,2938,1,1.350000024,1,1,0.03403675970047651,100.0,100.0,100.0,1.350000024,1.350000024,0,0,0,0,0,0,0,0,0,0
734399,936,108686,35-39,M,23,239,0,0.0,1,0,0.0,,,0.0,,,1,0,0,0,0,0,0,0,1,0
734418,936,108689,35-39,M,26,591,0,0.0,1,0,0.0,,,0.0,,,1,0,0,0,0,0,0,0,1,0
734421,936,108690,35-39,M,27,10332,4,5.75,1,0,0.03871467286101432,25.0,0.0,0.0,1.4375,,0,0,0,0,0,0,0,0,1,0
734427,936,108691,35-39,M,28,8259,3,3.980000019,1,0,0.03632401017072285,33.33333333333333,0.0,0.0,1.326666673,,0,0,0,0,0,0,0,0,1,0
734433,936,108692,35-39,M,29,12158,3,4.449999928,1,0,0.024675111037999672,33.33333333333333,0.0,0.0,1.4833333093333334,,0,0,0,0,0,0,0,0,1,0
734582,936,108716,40-44,M,29,7709,2,1.320000052,2,0,0.02594370216629913,100.0,0.0,0.0,0.660000026,,0,0,0,0,0,0,0,0,1,0
734605,936,108720,40-44,M,36,834,0,0.0,1,0,0.0,,,0.0,,,1,0,0,0,0,0,0,0,1,0
734660,936,108729,45-49,M,18,1299,0,0.0,2,0,0.0,,,0.0,,,1,0,0,0,0,0,0,0,1,0
734666,936,108730,45-49,M,19,371,0,0.0,1,0,0.0,,,0.0,,,1,0,0,0,0,0,0,0,1,0
734726,936,108740,45-49,M,29,10466,3,4.090000033,1,0,0.02866424613032677,33.33333333333333,0.0,0.0,1.3633333443333333,,0,0,0,0,0,0,0,0,1,0
734737,936,108742,45-49,M,31,839,0,0.0,1,0,0.0,,,0.0,,,1,0,0,0,0,0,0,0,1,0
734785,936,108750,30-34,F,10,5576,1,1.529999971,1,1,0.01793400286944046,100.0,100.0,100.0,1.529999971,1.529999971,0,0,0,0,0,0,0,0,0,0
734794,936,108752,30-34,F,16,4010,0,0.0,1,0,0.0,,,0.0,,,1,0,0,0,0,0,0,0,1,0
734796,936,108752,30-34,F,16,39337,7,10.03000009,1,1,0.017794951318097465,14.285714285714285,14.285714285714285,100.0,1.4328571557142857,10.03000009,0,0,0,0,0,0,0,0,0,0
734800,936,108753,30-34,F,18,1635,0,0.0,1,0,0.0,,,0.0,,,1,0,0,0,0,0,0,0,1,0
734803,936,108753,30-34,F,18,1631,0,0.0,1,0,0.0,,,0.0,,,1,0,0,0,0,0,0,0,1,0
734852,936,108761,30-34,F,26,13479,3,4.25,1,0,0.022256843979523704,33.33333333333333,0.0,0.0,1.4166666666666667,,0,0,0,0,0,0,0,0,1,0
734854,936,108762,30-34,F,27,57022,13,20.29000032,3,3,0.02279821823155975,23.076923076923077,23.076923076923077,100.0,1.5607692553846155,6.76333344,0,0,0,0,0,0,0,1,0,0
734856,936,108762,30-34,F,27,5453,1,1.389999986,1,1,0.018338529249954154,100.0,100.0,100.0,1.389999986,1.389999986,0,0,0,0,0,0,0,0,0,0
734866,936,108764,30-34,F,29,11803,3,4.440000057,1,0,0.02541726679657714,33.33333333333333,0.0,0.0,1.480000019,,0,0,0,0,0,0,0,0,1,0
734881,936,108766,30-34,F,31,4259,1,1.570000052,1,1,0.023479690068091103,100.0,100.0,100.0,1.570000052,1.570000052,0,0,0,0,0,0,0,0,0,0
734901,936,108770,30-34,F,64,1554,0,0.0,1,0,0.0,,,0.0,,,1,0,0,0,0,0,0,0,1,0
734903,936,108770,30-34,F,64,5323,1,1.289999962,1,1,0.0187863986473793,100.0,100.0,100.0,1.289999962,1.289999962,0,0,0,0,0,0,0,0,0,0
734925,936,108774,35-39,F,10,5024,1,1.409999967,1,1,0.019904458598726117,100.0,100.0,100.0,1.409999967,1.409999967,0,0,0,0,0,0,0,0,0,0
734939,936,108776,35-39,F,16,104648,24,33.33000004,4,2,0.022934026450577173,16.666666666666664,8.333333333333332,50.0,1.3887500016666667,16.66500002,0,0,0,0,0,0,0,0,0,0
734968,936,108781,35-39,F,22,8504,3,3.340000093,1,1,0.03527751646284102,33.33333333333333,33.33333333333333,100.0,1.1133333643333334,3.340000093,0,0,0,0,0,0,0,0,0,0
734999,936,108786,35-39,F,27,20277,6,8.050000072,1,0,0.029590176061547565,16.666666666666664,0.0,0.0,1.3416666786666667,,0,0,0,0,0,0,0,0,1,0
735014,936,108788,35-39,F,29,12403,4,5.210000038,1,1,0.032250262033379024,25.0,25.0,100.0,1.3025000095,5.210000038,0,0,0,0,0,0,0,0,0,0
735032,936,108791,35-39,F,32,498,0,0.0,1,1,0.0,,,100.0,,0.0,1,0,0,0,0,0,0,0,1,0
735033,936,108792,35-39,F,36,652,0,0.0,0,0,0.0,,,,,,0,0,0,0,0,0,0,0,1,0
735043,936,108793,35-39,F,63,1357,0,0.0,1,1,0.0,,,100.0,,0.0,1,0,0,0,0,0,0,0,1,0
735048,936,108794,35-39,F,64,1393,0,0.0,1,0,0.0,,,0.0,,,1,0,0,0,0,0,0,0,1,0
735065,936,108797,40-44,F,7,648,0,0.0,1,0,0.0,,,0.0,,,1,0,0,0,0,0,0,0,1,0
735109,936,108804,40-44,F,21,708,0,0.0,1,1,0.0,,,100.0,,0.0,1,0,0,0,0,0,0,0,1,0
735140,936,108809,40-44,F,26,6907,2,2.349999964,1,0,0.02895613146083683,50.0,0.0,0.0,1.174999982,,0,0,0,0,0,0,0,0,1,0
735143,936,108810,40-44,F,27,39035,13,19.32999957,1,0,0.03330344562572051,7.6923076923076925,0.0,0.0,1.4869230438461538,,0,0,0,0,0,0,0,0,1,0
735151,936,108811,40-44,F,28,926,0,0.0,1,0,0.0,,,0.0,,,1,0,0,0,0,0,0,0,1,0
735184,936,108817,40-44,F,63,4412,1,1.450000048,1,0,0.022665457842248413,100.0,0.0,0.0,1.450000048,,0,0,0,0,0,0,0,0,1,0
735189,936,108818,40-44,F,64,9965,3,4.050000072,1,0,0.030105368790767684,33.33333333333333,0.0,0.0,1.3500000239999999,,0,0,0,0,0,0,0,0,1,0
735213,936,108822,45-49,F,10,73634,23,32.97999978,1,0,0.03123557052448597,4.3478260869565215,0.0,0.0,1.4339130339130435,,0,0,0,0,0,0,0,0,1,0
735220,936,108823,45-49,F,15,69708,20,31.28999949,1,0,0.02869111149365926,5.0,0.0,0.0,1.5644999745,,0,0,0,0,0,0,0,0,1,0
735242,936,108826,45-49,F,19,530,0,0.0,1,0,0.0,,,0.0,,,1,0,0,0,0,0,0,0,1,0
735247,936,108827,45-49,F,20,14257,6,8.789999962,1,0,0.04208459002595216,16.666666666666664,0.0,0.0,1.4649999936666667,,0,0,0,0,0,0,0,0,1,0
735289,936,108834,45-49,F,27,20362,5,9.119999886,1,1,0.02455554464198016,20.0,20.0,100.0,1.8239999772000002,9.119999886,0,0,0,0,0,0,0,0,0,0
735290,936,108834,45-49,F,27,12215,4,6.26000011,1,0,0.03274662300450266,25.0,0.0,0.0,1.5650000275,,0,0,0,0,0,0,0,0,1,0
735298,936,108836,45-49,F,29,85412,28,38.63999999,2,1,0.03278227883669742,7.142857142857142,3.571428571428571,50.0,1.3799999996428571,38.63999999,0,0,0,0,0,0,0,0,0,0
736869,936,109448,30-34,M,2,2338,1,0.239999995,1,0,0.0427715996578272,100.0,0.0,0.0,0.239999995,,0,0,0,0,0,0,0,0,1,0
736890,936,109451,30-34,M,15,2522,0,0.0,1,0,0.0,,,0.0,,,1,0,0,0,0,0,0,0,1,0
736893,936,109452,30-34,M,16,3587,0,0.0,1,0,0.0,,,0.0,,,1,0,0,0,0,0,0,0,1,0
736977,936,109470,30-34,M,27,1273,0,0.0,1,0,0.0,,,0.0,,,1,0,0,0,0,0,0,0,1,0
736988,936,109472,30-34,M,28,3891,1,1.090000033,1,0,0.02570033410434336,100.0,0.0,0.0,1.090000033,,0,0,0,0,0,0,0,0,1,0
736995,936,109473,30-34,M,29,1888,0,0.0,1,0,0.0,,,0.0,,,1,0,0,0,0,0,0,0,1,0
736997,936,109473,30-34,M,29,1895,0,0.0,1,0,0.0,,,0.0,,,1,0,0,0,0,0,0,0,1,0
737097,936,109498,35-39,M,7,715,0,0.0,1,0,0.0,,,0.0,,,1,0,0,0,0,0,0,0,1,0
737130,936,109507,35-39,M,16,11199,2,2.680000067,1,0,0.017858737387266718,50.0,0.0,0.0,1.3400000335,,0,0,0,0,0,0,0,0,1,0
737320,936,109553,35-39,M,63,5676,2,3.00999999,1,0,0.035236081747709654,50.0,0.0,0.0,1.504999995,,0,0,0,0,0,0,0,0,1,0
737375,936,109565,40-44,M,10,1415,0,0.0,1,0,0.0,,,0.0,,,1,0,0,0,0,0,0,0,1,0
737524,936,109601,40-44,M,30,2148,1,1.580000043,1,1,0.04655493482309125,100.0,100.0,100.0,1.580000043,1.580000043,0,0,0,0,0,0,0,0,0,0
737644,936,109629,45-49,M,16,45401,10,14.06000042,1,0,0.022025946565053633,10.0,0.0,0.0,1.406000042,,0,0,0,0,0,0,0,0,1,0
737657,936,109633,45-49,M,18,7478,2,2.900000095,1,1,0.02674511901577962,50.0,50.0,100.0,1.4500000475,2.900000095,0,0,0,0,0,0,0,0,0,0
737658,936,109633,45-49,M,18,4919,1,1.590000033,1,0,0.020329335230737954,100.0,0.0,0.0,1.590000033,,0,0,0,0,0,0,0,0,1,0
737674,936,109637,45-49,M,20,533,0,0.0,1,1,0.0,,,100.0,,0.0,1,0,0,0,0,0,0,0,1,0
737766,936,109659,45-49,M,29,1447,0,0.0,1,1,0.0,,,100.0,,0.0,1,0,0,0,0,0,0,0,1,0
737896,936,109689,30-34,F,16,17553,3,4.590000153,1,0,0.017091095539224065,33.33333333333333,0.0,0.0,1.530000051,,0,0,0,0,0,0,0,0,1,0
737931,936,109698,30-34,F,20,3343,1,0.540000021,1,0,0.029913251570445706,100.0,0.0,0.0,0.540000021,,0,0,0,0,0,0,0,0,1,0
737961,936,109706,30-34,F,23,523,0,0.0,1,0,0.0,,,0.0,,,1,0,0,0,0,0,0,0,1,0
737995,936,109714,30-34,F,26,1873,0,0.0,1,0,0.0,,,0.0,,,1,0,0,0,0,0,0,0,1,0
738006,936,109717,30-34,F,27,34740,7,13.41000009,1,1,0.020149683362118594,14.285714285714285,14.285714285714285,100.0,1.9157142985714286,13.41000009,0,0,0,0,0,0,0,0,0,0
738067,936,109731,30-34,F,32,658,0,0.0,1,0,0.0,,,0.0,,,1,0,0,0,0,0,0,0,1,0
738098,936,109738,30-34,F,64,1539,0,0.0,1,0,0.0,,,0.0,,,1,0,0,0,0,0,0,0,1,0
738307,936,109788,35-39,F,31,3010,1,0.860000014,1,1,0.03322259136212625,100.0,100.0,100.0,0.860000014,0.860000014,0,0,0,0,0,0,0,0,0,0
738389,936,109808,40-44,F,10,27081,9,10.77000046,1,1,0.03323363243602526,11.11111111111111,11.11111111111111,100.0,1.1966667177777779,10.77000046,0,0,0,0,0,0,0,0,0,0
738408,936,109813,40-44,F,16,20233,4,5.590000153,3,0,0.019769683190826868,75.0,0.0,0.0,1.39750003825,,0,0,0,0,0,0,0,0,1,0
738413,936,109813,40-44,F,16,147159,36,58.16000044,3,1,0.024463335575805763,8.333333333333332,2.7777777777777777,33.33333333333333,1.6155555677777778,58.16000044,0,0,0,0,0,0,0,0,0,0
738423,936,109816,40-44,F,18,21664,7,10.61999977,1,1,0.03231166912850812,14.285714285714285,14.285714285714285,100.0,1.5171428242857143,10.61999977,0,0,0,0,0,0,0,0,0,0
738436,936,109820,40-44,F,19,9112,4,5.460000038,1,1,0.043898156277436345,25.0,25.0,100.0,1.3650000095,5.460000038,0,0,0,0,0,0,0,0,0,0
738463,936,109826,40-44,F,21,542,0,0.0,1,0,0.0,,,0.0,,,1,0,0,0,0,0,0,0,1,0
738528,936,109839,40-44,F,30,402,0,0.0,1,1,0.0,,,100.0,,0.0,1,0,0,0,0,0,0,0,1,0
738560,936,109844,40-44,F,64,1338,0,0.0,1,0,0.0,,,0.0,,,1,0,0,0,0,0,0,0,1,0
738582,936,109848,45-49,F,10,46150,15,20.17999983,1,1,0.03250270855904659,6.666666666666667,6.666666666666667,100.0,1.3453333219999999,20.17999983,0,0,0,0,0,0,0,0,0,0
738592,936,109850,45-49,F,16,493821,116,176.3799977,4,1,0.02349029304140569,3.4482758620689653,0.8620689655172413,25.0,1.520517221551724,176.3799977,0,0,0,0,1,1,0,0,0,0
738593,936,109850,45-49,F,16,92011,27,34.39000046,2,1,0.029344317527252174,7.4074074074074066,3.7037037037037033,50.0,1.273703720740741,34.39000046,0,0,0,0,0,0,0,0,0,0
738598,936,109851,45-49,F,18,12956,4,5.49000001,1,1,0.030873726458783574,25.0,25.0,100.0,1.3725000025,5.49000001,0,0,0,0,0,0,0,0,0,0
738606,936,109852,45-49,F,19,529,0,0.0,1,0,0.0,,,0.0,,,1,0,0,0,0,0,0,0,1,0
738637,936,109857,45-49,F,24,944,1,1.419999957,1,0,0.1059322033898305,100.0,0.0,0.0,1.419999957,,0,0,0,0,0,0,0,0,1,0
738648,936,109859,45-49,F,26,111090,38,51.97000027,5,1,0.03420649923485462,13.157894736842104,2.631578947368421,20.0,1.3676315860526316,51.97000027,0,0,0,0,0,0,0,0,0,0
747212,936,110836,30-34,M,10,7208,2,3.190000057,1,0,0.02774694783573807,50.0,0.0,0.0,1.5950000285,,0,0,0,0,0,0,0,0,1,0
747213,936,110836,30-34,M,10,1746,0,0.0,1,0,0.0,,,0.0,,,1,0,0,0,0,0,0,0,1,0
747220,936,110837,30-34,M,15,2474,0,0.0,2,2,0.0,,,100.0,,0.0,1,0,0,0,0,0,0,0,1,0
747222,936,110838,30-34,M,16,12489,2,1.960000038,1,0,0.016014092401313153,50.0,0.0,0.0,0.980000019,,0,0,0,0,0,0,0,0,1,0
747223,936,110838,30-34,M,16,8032,1,0.600000024,2,0,0.01245019920318725,200.0,0.0,0.0,0.600000024,,1,0,0,0,0,0,0,0,1,0
747248,936,110842,30-34,M,21,472,0,0.0,1,1,0.0,,,100.0,,0.0,1,0,0,0,0,0,0,0,1,0
747332,936,110856,30-34,M,64,792,0,0.0,1,1,0.0,,,100.0,,0.0,1,0,0,0,0,0,0,0,1,0
747362,936,110861,35-39,M,15,4607,1,1.149999976,1,1,0.021706099413935316,100.0,100.0,100.0,1.149999976,1.149999976,0,0,0,0,0,0,0,0,0,0
747369,936,110862,35-39,M,16,13355,2,3.180000067,1,1,0.014975664545114188,50.0,50.0,100.0,1.5900000335,3.180000067,0,0,0,0,0,0,0,0,0,0
747370,936,110862,35-39,M,16,2936,0,0.0,1,0,0.0,,,0.0,,,1,0,0,0,0,0,0,0,1,0
747401,936,110867,35-39,M,22,2793,1,0.980000019,1,1,0.03580379520229145,100.0,100.0,100.0,0.980000019,0.980000019,0,0,0,0,0,0,0,0,0,0
747435,936,110873,35-39,M,28,1032,0,0.0,1,0,0.0,,,0.0,,,1,0,0,0,0,0,0,0,1,0
747439,936,110874,35-39,M,29,1662,0,0.0,1,1,0.0,,,100.0,,0.0,1,0,0,0,0,0,0,0,1,0
747489,936,110882,40-44,M,2,4016,2,1.480000049,1,1,0.049800796812749,50.0,50.0,100.0,0.7400000245,1.480000049,0,0,0,0,0,0,0,0,0,0
747514,936,110886,40-44,M,16,14843,3,2.939999938,1,1,0.02021154753082261,33.33333333333333,33.33333333333333,100.0,0.9799999793333334,2.939999938,0,0,0,0,0,0,0,0,0,0
747645,936,110908,45-49,M,10,9674,3,4.600000024,1,1,0.03101095720487906,33.33333333333333,33.33333333333333,100.0,1.5333333413333332,4.600000024,0,0,0,0,0,0,0,0,0,0
747659,936,110910,45-49,M,16,12186,2,2.669999957,1,0,0.016412276382734285,50.0,0.0,0.0,1.3349999785,,0,0,0,0,0,0,0,0,1,0
747675,936,110913,45-49,M,20,673,0,0.0,1,0,0.0,,,0.0,,,1,0,0,0,0,0,0,0,1,0
747678,936,110914,45-49,M,21,370,0,0.0,1,1,0.0,,,100.0,,0.0,1,0,0,0,0,0,0,0,1,0
747712,936,110919,45-49,M,26,450,0,0.0,1,1,0.0,,,100.0,,0.0,1,0,0,0,0,0,0,0,1,0
747790,936,110932,30-34,F,10,2077,0,0.0,1,1,0.0,,,100.0,,0.0,1,0,0,0,0,0,0,0,1,0
747791,936,110932,30-34,F,10,31393,8,10.96000051,1,1,0.025483388016436785,12.5,12.5,100.0,1.37000006375,10.96000051,0,0,0,0,0,0,0,0,0,0
747795,936,110933,30-34,F,15,8410,2,2.359999895,1,1,0.023781212841854936,50.0,50.0,100.0,1.1799999475,2.359999895,0,0,0,0,0,0,0,0,0,0
747798,936,110934,30-34,F,16,25884,5,7.350000143,1,0,0.019316952557564517,20.0,0.0,0.0,1.4700000286,,0,0,0,0,0,0,0,0,1,0
747824,936,110938,30-34,F,21,608,0,0.0,1,1,0.0,,,100.0,,0.0,1,0,0,0,0,0,0,0,1,0
747828,936,110939,30-34,F,22,28488,10,9.340000033,1,0,0.035102499297950014,10.0,0.0,0.0,0.9340000033000001,,0,0,0,0,0,0,0,0,1,0
747852,936,110943,30-34,F,26,10126,3,4.619999886,1,0,0.02962670353545329,33.33333333333333,0.0,0.0,1.5399999619999998,,0,0,0,0,0,0,0,0,1,0
747859,936,110944,30-34,F,27,22572,5,8.5,1,0,0.022151337940811627,20.0,0.0,0.0,1.7,,0,0,0,0,0,0,0,0,1,0
747863,936,110944,30-34,F,27,1955,0,0.0,1,1,0.0,,,100.0,,0.0,1,0,0,0,0,0,0,0,1,0
747879,936,110947,30-34,F,30,493,0,0.0,1,0,0.0,,,0.0,,,1,0,0,0,0,0,0,0,1,0
747903,936,110951,30-34,F,63,1491,0,0.0,1,1,0.0,,,100.0,,0.0,1,0,0,0,0,0,0,0,1,0
747911,936,110952,30-34,F,64,1495,0,0.0,1,1,0.0,,,100.0,,0.0,1,0,0,0,0,0,0,0,1,0
747968,936,110962,35-39,F,21,512,0,0.0,0,0,0.0,,,,,,0,0,0,0,0,0,0,0,1,0
747991,936,110966,35-39,F,25,4868,2,2.420000076,1,0,0.041084634346754315,50.0,0.0,0.0,1.210000038,,0,0,0,0,0,0,0,0,1,0
748000,936,110967,35-39,F,26,6585,2,2.950000048,1,0,0.030372057706909643,50.0,0.0,0.0,1.475000024,,0,0,0,0,0,0,0,0,1,0
748007,936,110968,35-39,F,27,10164,2,3.720000029,1,1,0.01967729240456513,50.0,50.0,100.0,1.8600000145,3.720000029,0,0,0,0,0,0,0,0,0,0
748014,936,110970,35-39,F,29,11182,4,4.449999809,1,0,0.03577177606868181,25.0,0.0,0.0,1.11249995225,,0,0,0,0,0,0,0,0,1,0
748045,936,110975,35-39,F,63,1238,0,0.0,1,0,0.0,,,0.0,,,1,0,0,0,0,0,0,0,1,0
748086,936,110982,40-44,F,16,34127,8,13.07000017,1,0,0.023441849561930433,12.5,0.0,0.0,1.63375002125,,0,0,0,0,0,0,0,0,1,0
748087,936,110982,40-44,F,16,29466,7,10.84999967,2,0,0.02375619357904025,28.57142857142857,0.0,0.0,1.5499999528571429,,0,0,0,0,0,0,0,0,1,0
748089,936,110982,40-44,F,16,38759,9,10.84999967,1,0,0.023220413323357156,11.11111111111111,0.0,0.0,1.205555518888889,,0,0,0,0,0,0,0,0,1,0
748091,936,110982,40-44,F,16,41720,10,12.06000006,1,1,0.023969319271332692,10.0,10.0,100.0,1.206000006,12.06000006,0,0,0,0,0,0,0,0,0,0
748225,936,111005,45-49,F,15,18602,5,8.860000134,1,0,0.026878830233308247,20.0,0.0,0.0,1.7720000268,,0,0,0,0,0,0,0,0,1,0
748230,936,111006,45-49,F,16,83929,21,27.72999954,4,1,0.025021148828176194,19.047619047619047,4.761904761904762,25.0,1.3204761685714286,27.72999954,0,0,0,0,0,0,0,0,0,0
748231,936,111006,45-49,F,16,25194,6,7.349999905,1,0,0.023815194093831864,16.666666666666664,0.0,0.0,1.2249999841666666,,0,0,0,0,0,0,0,0,1,0
748233,936,111006,45-49,F,16,78627,19,26.53000045,1,0,0.0241647271293576,5.263157894736842,0.0,0.0,1.3963158131578948,,0,0,0,0,0,0,0,0,1,0
748235,936,111006,45-49,F,16,102695,25,39.42999983,3,0,0.024343931057987246,12.0,0.0,0.0,1.5771999932,,0,0,0,0,0,0,0,0,1,0
748294,936,111016,45-49,F,27,82827,24,47.93000031,3,0,0.028976058531638236,12.5,0.0,0.0,1.99708334625,,0,0,0,0,0,0,0,0,1,0
748295,936,111016,45-49,F,27,9240,3,6.039999962,1,0,0.032467532467532464,33.33333333333333,0.0,0.0,2.0133333206666664,,0,0,0,0,0,0,0,0,1,0
748303,936,111018,45-49,F,29,7706,2,2.369999886,1,0,0.02595380223202699,50.0,0.0,0.0,1.184999943,,0,0,0,0,0,0,0,0,1,0
748314,936,111020,45-49,F,31,7821,4,6.340000153,1,1,0.0511443549418233,25.0,25.0,100.0,1.58500003825,6.340000153,0,0,0,0,0,0,0,0,0,0
748341,936,111024,45-49,F,64,1363,0,0.0,1,1,0.0,,,100.0,,0.0,1,0,0,0,0,0,0,0,1,0
776318,936,115484,45-49,F,15,3569,0,0.0,1,1,0.0,,,100.0,,0.0,1,0,0,0,0,0,0,0,1,0
776322,936,115485,45-49,F,16,119063,34,53.21999949,1,0,0.02855631052468021,2.941176470588235,0.0,0.0,1.5652941026470588,,0,0,0,0,0,0,0,0,1,0
776323,936,115485,45-49,F,16,99078,23,35.79999948,2,0,0.023214033387835845,8.695652173913043,0.0,0.0,1.556521716521739,,0,0,0,0,0,0,0,0,1,0
776325,936,115485,45-49,F,16,452398,114,180.2200012,1,0,0.025199050393679902,0.8771929824561403,0.0,0.0,1.5808772035087721,,0,0,0,0,1,1,0,0,1,0
776334,936,115487,45-49,F,10,191223,48,76.41000056,1,0,0.025101582968575953,2.083333333333333,0.0,0.0,1.5918750116666667,,0,0,0,0,0,0,0,0,1,0
776336,936,115487,45-49,F,10,22216,6,9.549999952,1,0,0.02700756211739287,16.666666666666664,0.0,0.0,1.5916666586666668,,0,0,0,0,0,0,0,0,1,0
776338,936,115487,45-49,F,10,48291,11,18.01999998,1,0,0.022778571576484233,9.090909090909092,0.0,0.0,1.6381818163636366,,0,0,0,0,0,0,0,0,1,0
776353,936,115490,40-44,F,63,27559,8,13.37,1,0,0.0290286294858304,12.5,0.0,0.0,1.67125,,0,0,0,0,0,0,0,0,1,0
776373,936,115493,45-49,F,25,10194,4,4.590000033,2,1,0.039238767902687856,50.0,25.0,50.0,1.14750000825,4.590000033,0,0,0,0,0,0,0,0,0,0
776383,936,115495,45-49,F,23,1168,0,0.0,1,1,0.0,,,100.0,,0.0,1,0,0,0,0,0,0,0,1,0
776405,936,115498,45-49,F,21,40126,16,25.86000001,1,0,0.03987439565369087,6.25,0.0,0.0,1.616250000625,,0,0,0,0,0,0,0,0,1,0
776416,936,115500,45-49,F,19,3659,1,0.49000001,1,1,0.027329871549603715,100.0,100.0,100.0,0.49000001,0.49000001,0,0,0,0,0,0,0,0,0,0
776430,936,115503,30-34,M,10,3200,0,0.0,1,0,0.0,,,0.0,,,1,0,0,0,0,0,0,0,1,0
776464,936,115508,45-49,F,29,7550,1,1.679999948,1,1,0.013245033112582781,100.0,100.0,100.0,1.679999948,1.679999948,0,0,0,0,0,0,0,0,0,0
776469,936,115509,45-49,F,28,45397,15,25.41999936,1,1,0.03304183095799282,6.666666666666667,6.666666666666667,100.0,1.694666624,25.41999936,0,0,0,0,0,0,0,0,0,0
776473,936,115510,30-34,M,16,23086,2,3.310000062,1,1,0.008663259118080222,50.0,50.0,100.0,1.655000031,3.310000062,0,0,0,0,0,0,0,0,0,0
776475,936,115510,30-34,M,16,16425,1,1.549999952,1,0,0.0060882800608828,100.0,0.0,0.0,1.549999952,,0,0,0,0,0,0,0,0,1,0
776476,936,115510,30-34,M,16,43756,5,5.439999938,0,0,0.011427004296553616,0.0,0.0,,1.0879999876,,0,0,0,0,0,0,0,0,1,0
776477,936,115510,30-34,M,16,9982,0,0.0,1,0,0.0,,,0.0,,,1,0,0,0,0,0,0,0,1,0
776489,936,115512,45-49,F,26,175389,55,81.60999787,1,0,0.031358865151178236,1.8181818181818181,0.0,0.0,1.4838181430909092,,0,0,0,0,0,0,0,0,1,0
776494,936,115513,30-34,M,15,7015,0,0.0,1,0,0.0,,,0.0,,,1,0,0,0,0,0,0,0,1,0
776515,936,115517,45-49,F,65,12706,3,4.98999989,1,1,0.023610892491736188,33.33333333333333,33.33333333333333,100.0,1.6633332966666667,4.98999989,0,0,0,0,0,0,0,0,0,0
776519,936,115517,45-49,F,65,70702,20,31.7099998,1,0,0.028287742920992336,5.0,0.0,0.0,1.58549999,,0,0,0,0,0,0,0,0,1,0
776533,936,115520,45-49,F,63,63927,16,25.52000046,2,0,0.025028548187776684,12.5,0.0,0.0,1.59500002875,,0,0,0,0,0,0,0,0,1,0
776534,936,115520,45-49,F,63,15105,3,4.25999999,1,0,0.019860973187686197,33.33333333333333,0.0,0.0,1.4199999966666665,,0,0,0,0,0,0,0,0,1,0
776538,936,115521,30-34,F,15,8774,1,1.830000043,1,0,0.011397310234784592,100.0,0.0,0.0,1.830000043,,0,0,0,0,0,0,0,0,1,0
776551,936,115523,30-34,F,16,14459,1,1.389999986,1,0,0.006916107614634484,100.0,0.0,0.0,1.389999986,,0,0,0,0,0,0,0,0,1,0
776552,936,115523,30-34,F,16,21596,2,2.809999943,1,0,0.009260974254491572,50.0,0.0,0.0,1.4049999715,,0,0,0,0,0,0,0,0,1,0
776553,936,115523,30-34,F,16,66765,8,11.04999971,1,0,0.011982326069048154,12.5,0.0,0.0,1.38124996375,,0,0,0,0,0,0,0,0,1,0
776563,936,115525,30-34,F,7,1369,0,0.0,1,1,0.0,,,100.0,,0.0,1,0,0,0,0,0,0,0,1,0
776579,936,115527,30-34,F,10,26910,5,7.229999781,1,0,0.01858045336306206,20.0,0.0,0.0,1.4459999562,,0,0,0,0,0,0,0,0,1,0
776603,936,115531,30-34,F,2,506,0,0.0,1,0,0.0,,,0.0,,,1,0,0,0,0,0,0,0,1,0
776615,936,115533,45-49,M,63,11988,3,4.269999862,1,0,0.025025025025025023,33.33333333333333,0.0,0.0,1.4233332873333333,,0,0,0,0,0,0,0,0,1,0
776623,936,115535,45-49,M,64,19353,6,9.4799999,1,1,0.031002945279801578,16.666666666666664,16.666666666666664,100.0,1.5799999833333331,9.4799999,0,0,0,0,0,0,0,0,0,0
776631,936,115536,40-44,M,29,10960,2,2.890000105,1,0,0.01824817518248175,50.0,0.0,0.0,1.4450000525,,0,0,0,0,0,0,0,0,1,0
776643,936,115538,30-34,M,15,33491,6,10.56999969,2,1,0.017915260816338718,33.33333333333333,16.666666666666664,50.0,1.761666615,10.56999969,0,0,0,0,0,0,0,0,0,0
776644,936,115538,30-34,M,15,20083,2,3.200000048,2,1,0.009958671513220135,100.0,50.0,50.0,1.600000024,3.200000048,0,0,0,0,0,0,0,0,0,0
776659,936,115541,30-34,M,16,8817,0,0.0,1,1,0.0,,,100.0,,0.0,1,0,0,0,0,0,0,0,1,0
776661,936,115541,30-34,M,16,15466,1,0.970000029,1,0,0.006465795939480151,100.0,0.0,0.0,0.970000029,,0,0,0,0,0,0,0,0,1,0
776662,936,115541,30-34,M,16,27072,3,4.370000005,1,0,0.011081560283687944,33.33333333333333,0.0,0.0,1.4566666683333331,,0,0,0,0,0,0,0,0,1,0
776663,936,115541,30-34,M,16,15753,1,0.569999993,1,1,0.006347997206881229,100.0,100.0,100.0,0.569999993,0.569999993,0,0,0,0,0,0,0,0,0,0
776668,936,115542,40-44,M,19,3523,1,1.809999943,1,1,0.02838489923360772,100.0,100.0,100.0,1.809999943,1.809999943,0,0,0,0,0,0,0,0,0,0
776685,936,115545,40-44,M,16,7745,0,0.0,1,0,0.0,,,0.0,,,1,0,0,0,0,0,0,0,1,0
776686,936,115545,40-44,M,16,18709,2,3.319999933,1,0,0.010690042225666791,50.0,0.0,0.0,1.6599999665,,0,0,0,0,0,0,0,0,1,0
776687,936,115545,40-44,M,16,8022,0,0.0,2,1,0.0,,,50.0,,0.0,1,0,0,0,0,0,0,0,1,0
776696,936,115547,30-34,M,10,7966,1,1.179999948,1,1,0.012553351744915892,100.0,100.0,100.0,1.179999948,1.179999948,0,0,0,0,0,0,0,0,0,0
776697,936,115547,30-34,M,10,4132,0,0.0,1,1,0.0,,,100.0,,0.0,1,0,0,0,0,0,0,0,1,0
776698,936,115547,30-34,M,10,12785,3,4.730000019,2,1,0.023464998044583497,66.66666666666666,33.33333333333333,50.0,1.576666673,4.730000019,0,0,0,0,0,0,0,0,0,0
776699,936,115547,30-34,M,10,8213,1,1.379999995,1,1,0.0121758188238159,100.0,100.0,100.0,1.379999995,1.379999995,0,0,0,0,0,0,0,0,0,0
776722,936,115551,30-34,M,2,545,0,0.0,1,1,0.0,,,100.0,,0.0,1,0,0,0,0,0,0,0,1,0
776725,936,115552,40-44,M,23,2479,1,1.25999999,1,0,0.04033884630899556,100.0,0.0,0.0,1.25999999,,0,0,0,0,0,0,0,0,1,0
776780,936,115561,40-44,M,2,3812,2,3.049999952,1,0,0.05246589716684155,50.0,0.0,0.0,1.524999976,,0,0,0,0,0,0,0,0,1,0
776793,936,115563,45-49,M,21,1609,0,0.0,1,0,0.0,,,0.0,,,1,0,0,0,0,0,0,0,1,0
776799,936,115564,45-49,M,20,10257,3,3.579999924,1,1,0.029248318221702253,33.33333333333333,33.33333333333333,100.0,1.193333308,3.579999924,0,0,0,0,0,0,0,0,0,0
776817,936,115567,40-44,M,10,12356,4,6.279999971,1,0,0.03237293622531564,25.0,0.0,0.0,1.56999999275,,0,0,0,0,0,0,0,0,1,0
776825,936,115568,45-49,M,18,7410,1,1.210000038,1,0,0.013495276653171389,100.0,0.0,0.0,1.210000038,,0,0,0,0,0,0,0,0,1,0
776829,936,115569,45-49,M,16,140098,28,46.63000011,1,0,0.0199860097931448,3.571428571428571,0.0,0.0,1.6653571467857142,,0,0,0,0,0,0,0,0,1,0
776831,936,115569,45-49,M,16,107021,20,34.44000012,1,0,0.018687921062221433,5.0,0.0,0.0,1.722000006,,0,0,0,0,0,0,0,0,1,0
776840,936,115571,35-39,M,36,2797,1,1.289999962,1,0,0.03575259206292456,100.0,0.0,0.0,1.289999962,,0,0,0,0,0,0,0,0,1,0
776861,936,115574,45-49,M,7,16461,6,9.21999979,1,0,0.03644979041370512,16.666666666666664,0.0,0.0,1.5366666316666666,,0,0,0,0,0,0,0,0,1,0
776892,936,115580,40-44,M,63,17488,5,7.719999909,1,0,0.028591033851784083,20.0,0.0,0.0,1.5439999818,,0,0,0,0,0,0,0,0,1,0
776928,936,115586,35-39,M,10,9750,2,1.5,1,1,0.020512820512820513,50.0,50.0,100.0,0.75,1.5,0,0,0,0,0,0,0,0,0,0
776935,936,115587,45-49,M,36,1136,0,0.0,1,1,0.0,,,100.0,,0.0,1,0,0,0,0,0,0,0,1,0
777105,936,115615,45-49,M,63,4333,1,0.180000007,1,1,0.02307869836141242,100.0,100.0,100.0,0.180000007,0.180000007,0,0,0,0,0,0,0,0,0,0
777130,936,115619,35-39,M,16,6260,0,0.0,1,0,0.0,,,0.0,,,1,0,0,0,0,0,0,0,1,0
777131,936,115619,35-39,M,16,6359,0,0.0,1,0,0.0,,,0.0,,,1,0,0,0,0,0,0,0,1,0
777166,936,115625,30-34,M,63,2383,0,0.0,1,1,0.0,,,100.0,,0.0,1,0,0,0,0,0,0,0,1,0
777187,936,115629,40-44,M,27,11292,3,5.389999866,1,1,0.026567481402763018,33.33333333333333,33.33333333333333,100.0,1.796666622,5.389999866,0,0,0,0,0,0,0,0,0,0
777198,936,115631,30-34,M,64,12729,4,5.779999852,1,0,0.031424306701233404,25.0,0.0,0.0,1.444999963,,0,0,0,0,0,0,0,0,1,0
777200,936,115631,30-34,M,64,1898,0,0.0,1,1,0.0,,,100.0,,0.0,1,0,0,0,0,0,0,0,1,0
777201,936,115631,30-34,M,64,1882,0,0.0,1,1,0.0,,,100.0,,0.0,1,0,0,0,0,0,0,0,1,0
777235,936,115637,30-34,M,65,2883,1,0.99000001,1,1,0.0346860908775581,100.0,100.0,100.0,0.99000001,0.99000001,0,0,0,0,0,0,0,0,0,0
777248,936,115639,30-34,F,7,3989,1,1.279999971,1,0,0.0250689395838556,100.0,0.0,0.0,1.279999971,,0,0,0,0,0,0,0,0,1,0
777261,936,115641,40-44,M,29,19603,4,5.279999971,1,1,0.020405040044891087,25.0,25.0,100.0,1.31999999275,5.279999971,0,0,0,0,0,0,0,0,0,0
777382,936,115675,40-44,M,24,3047,1,1.379999995,1,0,0.03281916639317361,100.0,0.0,0.0,1.379999995,,0,0,0,0,0,0,0,0,1,0
777398,936,115677,35-39,M,24,3029,1,1.049999952,1,1,0.033014196104324864,100.0,100.0,100.0,1.049999952,1.049999952,0,0,0,0,0,0,0,0,0,0
777410,936,115679,45-49,M,26,3490,1,1.340000033,1,1,0.028653295128939826,100.0,100.0,100.0,1.340000033,1.340000033,0,0,0,0,0,0,0,0,0,0
777482,936,115691,45-49,M,28,2479,0,0.0,1,0,0.0,,,0.0,,,1,0,0,0,0,0,0,0,1,0
777495,936,115693,40-44,M,19,19581,7,10.42999983,2,0,0.0357489402992697,28.57142857142857,0.0,0.0,1.4899999757142857,,0,0,0,0,0,0,0,0,1,0
777519,936,115697,45-49,M,29,19537,5,6.099999905,1,0,0.025592465578133796,20.0,0.0,0.0,1.219999981,,0,0,0,0,0,0,0,0,1,0
777625,936,115715,45-49,M,16,59433,12,19.65999949,3,0,0.020190803089192872,25.0,0.0,0.0,1.6383332908333335,,0,0,0,0,0,0,0,0,1,0
777627,936,115715,45-49,M,16,157534,33,56.19000077,2,0,0.020947858874909544,6.0606060606060606,0.0,0.0,1.702727296060606,,0,0,0,0,0,0,0,0,1,0
777638,936,115717,40-44,M,7,1781,0,0.0,1,1,0.0,,,100.0,,0.0,1,0,0,0,0,0,0,0,1,0
777670,936,115723,40-44,M,16,23769,4,6.029999852,1,0,0.016828642349278472,25.0,0.0,0.0,1.507499963,,0,0,0,0,0,0,0,0,1,0
777673,936,115723,40-44,M,16,7101,0,0.0,1,0,0.0,,,0.0,,,1,0,0,0,0,0,0,0,1,0
777742,936,115735,35-39,M,64,4726,1,1.830000043,1,1,0.021159542953872196,100.0,100.0,100.0,1.830000043,1.830000043,0,0,0,0,0,0,0,0,0,0
777758,936,115737,30-34,M,19,5209,1,0.959999979,2,0,0.01919754271453254,200.0,0.0,0.0,0.959999979,,1,0,0,0,0,0,0,0,1,0
777794,936,115743,30-34,M,18,13473,3,2.619999945,3,0,0.0222667557336896,100.0,0.0,0.0,0.873333315,,0,0,0,0,0,0,0,0,1,0
777816,936,115747,40-44,M,2,500,0,0.0,1,1,0.0,,,100.0,,0.0,1,0,0,0,0,0,0,0,1,0
777871,936,115756,30-34,M,20,4616,1,1.360000014,1,0,0.02166377816291161,100.0,0.0,0.0,1.360000014,,0,0,0,0,0,0,0,0,1,0
777904,936,115762,30-34,M,31,3279,0,0.0,1,0,0.0,,,0.0,,,1,0,0,0,0,0,0,0,1,0
777905,936,115762,30-34,M,31,3288,0,0.0,1,0,0.0,,,0.0,,,1,0,0,0,0,0,0,0,1,0
778037,936,115784,35-39,M,27,14615,4,6.050000191,1,0,0.027369141293191925,25.0,0.0,0.0,1.51250004775,,0,0,0,0,0,0,0,0,1,0
778048,936,115786,30-34,M,27,56615,12,19.88000035,2,0,0.021195796167093526,16.666666666666664,0.0,0.0,1.6566666958333334,,0,0,0,0,0,0,0,0,1,0
778085,936,115792,30-34,M,26,11735,3,4.529999971,1,1,0.025564550489987216,33.33333333333333,33.33333333333333,100.0,1.5099999903333332,4.529999971,0,0,0,0,0,0,0,0,0,0
778087,936,115792,30-34,M,26,15910,5,6.779999852,1,0,0.03142677561282212,20.0,0.0,0.0,1.3559999704,,0,0,0,0,0,0,0,0,1,0
778112,936,115796,35-39,M,29,11446,2,3.090000033,1,1,0.017473353136466887,50.0,50.0,100.0,1.5450000165,3.090000033,0,0,0,0,0,0,0,0,0,0
778113,936,115796,35-39,M,29,4595,0,0.0,1,0,0.0,,,0.0,,,1,0,0,0,0,0,0,0,1,0
778124,936,115798,30-34,M,29,4871,0,0.0,1,0,0.0,,,0.0,,,1,0,0,0,0,0,0,0,1,0
778148,936,115802,35-39,M,28,3199,0,0.0,1,0,0.0,,,0.0,,,1,0,0,0,0,0,0,0,1,0
778156,936,115804,30-34,M,28,9388,2,3.140000105,1,0,0.021303792074989347,50.0,0.0,0.0,1.5700000525,,0,0,0,0,0,0,0,0,1,0
778161,936,115804,30-34,M,28,17954,6,7.5400002,2,1,0.03341873677175003,33.33333333333333,16.666666666666664,50.0,1.2566667,7.5400002,0,0,0,0,0,0,0,0,0,0
778208,936,115812,40-44,F,29,2755,0,0.0,1,0,0.0,,,0.0,,,1,0,0,0,0,0,0,0,1,0
778264,936,115822,40-44,F,27,8152,1,0.99000001,1,0,0.01226692836113837,100.0,0.0,0.0,0.99000001,,0,0,0,0,0,0,0,0,1,0
778266,936,115822,40-44,F,27,74542,19,34.1500001,1,0,0.025488986074964446,5.263157894736842,0.0,0.0,1.7973684263157894,,0,0,0,0,0,0,0,0,1,0
778421,936,115848,40-44,F,20,6699,2,3.090000033,1,0,0.02985520226899537,50.0,0.0,0.0,1.5450000165,,0,0,0,0,0,0,0,0,1,0
778422,936,115848,40-44,F,20,11911,4,3.959999919,1,0,0.033582402820921835,25.0,0.0,0.0,0.98999997975,,0,0,0,0,0,0,0,0,1,0
778461,936,115854,40-44,M,29,10090,2,2.650000095,1,1,0.019821605550049554,50.0,50.0,100.0,1.3250000475,2.650000095,0,0,0,0,0,0,0,0,0,0
778471,936,115856,30-34,M,32,1273,0,0.0,1,1,0.0,,,100.0,,0.0,1,0,0,0,0,0,0,0,1,0
778483,936,115858,40-44,F,18,24188,5,8.179999828,1,0,0.020671407309409626,20.0,0.0,0.0,1.6359999656,,0,0,0,0,0,0,0,0,1,0
778529,936,115866,30-34,M,31,2214,0,0.0,1,0,0.0,,,0.0,,,1,0,0,0,0,0,0,0,1,0
778556,936,115870,40-44,M,32,9735,4,4.130000114,1,1,0.04108885464817669,25.0,25.0,100.0,1.0325000285,4.130000114,0,0,0,0,0,0,0,0,0,0
778590,936,115876,30-34,M,30,1371,0,0.0,1,1,0.0,,,100.0,,0.0,1,0,0,0,0,0,0,0,1,0
778600,936,115878,40-44,F,22,10750,4,5.389999866,1,0,0.037209302325581395,25.0,0.0,0.0,1.3474999665,,0,0,0,0,0,0,0,0,1,0
778626,936,115882,30-34,M,29,7629,1,0.720000029,1,1,0.013107877834578582,100.0,100.0,100.0,0.720000029,0.720000029,0,0,0,0,0,0,0,0,0,0
778628,936,115882,30-34,M,29,4608,0,0.0,1,0,0.0,,,0.0,,,1,0,0,0,0,0,0,0,1,0
778674,936,115890,35-39,M,29,3732,0,0.0,1,0,0.0,,,0.0,,,1,0,0,0,0,0,0,0,1,0
778689,936,115892,30-34,M,28,7453,1,1.679999948,1,1,0.013417415805715819,100.0,100.0,100.0,1.679999948,1.679999948,0,0,0,0,0,0,0,0,0,0
778722,936,115898,35-39,F,64,41785,14,19.10000038,1,0,0.033504846236687806,7.142857142857142,0.0,0.0,1.3642857414285714,,0,0,0,0,0,0,0,0,1,0
778737,936,115900,35-39,M,27,8077,2,3.579999924,1,1,0.02476166893648632,50.0,50.0,100.0,1.789999962,3.579999924,0,0,0,0,0,0,0,0,0,0
778756,936,115904,35-39,F,63,5602,1,1.580000043,1,0,0.01785076758300607,100.0,0.0,0.0,1.580000043,,0,0,0,0,0,0,0,0,1,0
778804,936,115912,30-34,M,26,6184,2,2.75,1,1,0.03234152652005175,50.0,50.0,100.0,1.375,2.75,0,0,0,0,0,0,0,0,0,0
778808,936,115912,30-34,M,26,1738,0,0.0,1,0,0.0,,,0.0,,,1,0,0,0,0,0,0,0,1,0
778964,936,115938,35-39,F,27,112460,25,41.29000068,1,0,0.0222301262671172,4.0,0.0,0.0,1.6516000272,,0,0,0,0,0,0,0,0,1,0
779057,936,115954,40-44,M,15,4414,0,0.0,1,0,0.0,,,0.0,,,1,0,0,0,0,0,0,0,1,0
779106,936,115962,35-39,F,30,14670,7,9.410000324,1,0,0.047716428084526245,14.285714285714285,0.0,0.0,1.3442857605714287,,0,0,0,0,0,0,0,0,1,0
779438,936,116031,30-34,F,64,33144,9,13.40999985,1,0,0.02715423606082549,11.11111111111111,0.0,0.0,1.4899999833333333,,0,0,0,0,0,0,0,0,1,0
779453,936,116033,45-49,M,64,4397,1,0.949999988,1,0,0.02274277916761428,100.0,0.0,0.0,0.949999988,,0,0,0,0,0,0,0,0,1,0
779488,936,116039,45-49,M,65,1006,0,0.0,1,0,0.0,,,0.0,,,1,0,0,0,0,0,0,0,1,0
779573,936,116053,35-39,F,10,89527,24,32.28999996,1,0,0.02680755526265819,4.166666666666666,0.0,0.0,1.3454166650000001,,0,0,0,0,0,0,0,0,1,0
779608,936,116059,35-39,F,15,2459,0,0.0,1,0,0.0,,,0.0,,,1,0,0,0,0,0,0,0,1,0
779609,936,116059,35-39,F,15,7116,2,1.730000019,1,1,0.028105677346824058,50.0,50.0,100.0,0.8650000095,1.730000019,0,0,0,0,0,0,0,0,0,0
779622,936,116061,30-34,F,15,8613,1,0.889999986,2,0,0.011610356437942644,200.0,0.0,0.0,0.889999986,,1,0,0,0,0,0,0,0,1,0
779631,936,116063,35-39,F,16,9730,1,1.379999995,1,0,0.010277492291880781,100.0,0.0,0.0,1.379999995,,0,0,0,0,0,0,0,0,1,0
779644,936,116065,30-34,F,16,51816,8,10.2299999,2,1,0.015439246564767639,25.0,12.5,50.0,1.2787499875,10.2299999,0,0,0,0,0,0,0,0,0,0
779645,936,116065,30-34,F,16,27289,3,4.429999828,1,0,0.010993440580453663,33.33333333333333,0.0,0.0,1.4766666093333332,,0,0,0,0,0,0,0,0,1,0
779715,936,116077,30-34,F,29,20409,4,3.829999924,1,0,0.019599196432946248,25.0,0.0,0.0,0.957499981,,0,0,0,0,0,0,0,0,1,0
779716,936,116077,30-34,F,29,8044,1,1.110000014,1,0,0.012431626056688214,100.0,0.0,0.0,1.110000014,,0,0,0,0,0,0,0,0,1,0
779738,936,116081,30-34,F,28,15645,4,5.349999905,1,0,0.02556727388942154,25.0,0.0,0.0,1.33749997625,,0,0,0,0,0,0,0,0,1,0
779778,936,116087,30-34,F,31,2466,0,0.0,2,2,0.0,,,100.0,,0.0,1,0,0,0,0,0,0,0,1,0
779789,936,116089,45-49,M,10,11611,3,3.950000048,1,1,0.025837567823615536,33.33333333333333,33.33333333333333,100.0,1.3166666826666666,3.950000048,0,0,0,0,0,0,0,0,0,0
779824,936,116095,45-49,M,7,9375,3,4.019999981,1,0,0.032,33.33333333333333,0.0,0.0,1.3399999936666667,,0,0,0,0,0,0,0,0,1,0
779871,936,116103,30-34,F,32,4402,1,1.330000043,1,1,0.022716946842344387,100.0,100.0,100.0,1.330000043,1.330000043,0,0,0,0,0,0,0,0,0,0
779918,936,116111,30-34,F,18,8469,2,3.089999914,1,0,0.02361553902467824,50.0,0.0,0.0,1.544999957,,0,0,0,0,0,0,0,0,1,0
779922,936,116111,30-34,F,18,5823,1,1.419999957,1,1,0.01717327837884252,100.0,100.0,100.0,1.419999957,1.419999957,0,0,0,0,0,0,0,0,0,0
779944,936,116115,35-39,M,10,2549,0,0.0,1,0,0.0,,,0.0,,,1,0,0,0,0,0,0,0,1,0
779979,936,116121,35-39,M,16,25817,4,6.019999981,1,0,0.015493666963628618,25.0,0.0,0.0,1.50499999525,,0,0,0,0,0,0,0,0,1,0
779995,936,116123,30-34,F,20,1961,0,0.0,1,0,0.0,,,0.0,,,1,0,0,0,0,0,0,0,1,0
780064,936,116135,30-34,F,22,2554,0,0.0,1,0,0.0,,,0.0,,,1,0,0,0,0,0,0,0,1,0
780104,936,116147,30-34,F,25,4971,1,1.230000019,1,1,0.020116676725005028,100.0,100.0,100.0,1.230000019,1.230000019,0,0,0,0,0,0,0,0,0,0
780199,936,116163,35-39,F,23,1030,0,0.0,1,1,0.0,,,100.0,,0.0,1,0,0,0,0,0,0,0,1,0
780318,936,116183,45-49,F,29,162341,56,77.07999969,3,0,0.034495290776821626,5.357142857142857,0.0,0.0,1.376428565892857,,0,0,0,0,0,0,0,0,1,0
780323,936,116183,45-49,F,29,24542,7,9.329999924,1,0,0.028522532800912718,14.285714285714285,0.0,0.0,1.3328571319999998,,0,0,0,0,0,0,0,0,1,0
780486,936,116216,30-34,F,65,2879,0,0.0,1,1,0.0,,,100.0,,0.0,1,0,0,0,0,0,0,0,1,0
780498,936,116218,30-34,F,64,13621,3,4.090000033,1,0,0.02202481462447691,33.33333333333333,0.0,0.0,1.3633333443333333,,0,0,0,0,0,0,0,0,1,0
780511,936,116220,30-34,F,63,6175,1,1.370000005,2,1,0.016194331983805668,200.0,100.0,50.0,1.370000005,1.370000005,1,0,0,0,0,0,0,0,0,0
780629,936,116240,30-34,F,28,2963,0,0.0,1,0,0.0,,,0.0,,,1,0,0,0,0,0,0,0,1,0
780653,936,116244,30-34,F,29,9076,1,1.379999995,1,1,0.011018069634200088,100.0,100.0,100.0,1.379999995,1.379999995,0,0,0,0,0,0,0,0,0,0
780655,936,116244,30-34,F,29,20941,4,5.909999967,1,1,0.019101284561386753,25.0,25.0,100.0,1.47749999175,5.909999967,0,0,0,0,0,0,0,0,0,0
780666,936,116246,45-49,F,10,3462,0,0.0,1,0,0.0,,,0.0,,,1,0,0,0,0,0,0,0,1,0
780681,936,116248,30-34,F,26,4073,0,0.0,1,1,0.0,,,100.0,,0.0,1,0,0,0,0,0,0,0,1,0
780700,936,116252,30-34,F,27,3745,0,0.0,1,0,0.0,,,0.0,,,1,0,0,0,0,0,0,0,1,0
780748,936,116265,30-34,F,24,830,0,0.0,1,0,0.0,,,0.0,,,1,0,0,0,0,0,0,0,1,0
780759,936,116267,45-49,F,18,2912,0,0.0,1,0,0.0,,,0.0,,,1,0,0,0,0,0,0,0,1,0
780760,936,116267,45-49,F,18,17167,5,6.910000086,1,0,0.029125648045669014,20.0,0.0,0.0,1.3820000172,,0,0,0,0,0,0,0,0,1,0
780797,936,116273,30-34,F,22,24491,7,9.539999962,1,0,0.028581928055203952,14.285714285714285,0.0,0.0,1.3628571374285714,,0,0,0,0,0,0,0,0,1,0
780799,936,116273,30-34,F,22,44699,13,17.30000037,2,0,0.029083424685115995,15.384615384615385,0.0,0.0,1.3307692592307692,,0,0,0,0,0,0,0,0,1,0
780821,936,116277,30-34,F,23,6469,2,1.309999943,1,0,0.030916679548616478,50.0,0.0,0.0,0.6549999715,,0,0,0,0,0,0,0,0,1,0
780830,936,116279,45-49,F,16,16053,3,4.079999924,1,1,0.018688095683049896,33.33333333333333,33.33333333333333,100.0,1.3599999746666667,4.079999924,0,0,0,0,0,0,0,0,0,0
780835,936,116279,45-49,F,16,54724,12,17.92999995,1,1,0.02192822162122652,8.333333333333332,8.333333333333332,100.0,1.4941666624999999,17.92999995,0,0,0,0,0,0,0,0,0,0
780867,936,116285,30-34,F,21,4706,1,1.220000029,1,0,0.021249468763280918,100.0,0.0,0.0,1.220000029,,0,0,0,0,0,0,0,0,1,0
780974,936,116303,40-44,F,32,8316,3,4.569999933,1,1,0.03607503607503607,33.33333333333333,33.33333333333333,100.0,1.523333311,4.569999933,0,0,0,0,0,0,0,0,0,0
781066,936,116323,40-44,F,22,5794,2,2.269999981,1,0,0.03451846738004832,50.0,0.0,0.0,1.1349999905,,0,0,0,0,0,0,0,0,1,0
781114,936,116331,40-44,F,18,4813,1,1.029999971,1,0,0.02077706212341575,100.0,0.0,0.0,1.029999971,,0,0,0,0,0,0,0,0,1,0
781159,936,116339,40-44,F,10,85285,26,36.13000035,1,0,0.03048601747083309,3.8461538461538463,0.0,0.0,1.3896153980769232,,0,0,0,0,0,0,0,0,1,0
781162,936,116339,40-44,F,10,5839,1,1.370000005,1,0,0.017126220243192325,100.0,0.0,0.0,1.370000005,,0,0,0,0,0,0,0,0,1,0
781175,936,116341,40-44,F,15,5859,1,1.539999962,1,0,0.017067759003242877,100.0,0.0,0.0,1.539999962,,0,0,0,0,0,0,0,0,1,0
781187,936,116343,40-44,F,16,164118,41,59.06999993,1,0,0.024982025128261375,2.4390243902439024,0.0,0.0,1.4407317056097562,,0,0,0,0,0,0,0,0,1,0
781195,936,116345,35-39,F,63,18234,6,7.810000062,1,0,0.03290556103981573,16.666666666666664,0.0,0.0,1.301666677,,0,0,0,0,0,0,0,0,1,0
781207,936,116347,35-39,F,64,2755,0,0.0,1,0,0.0,,,0.0,,,1,0,0,0,0,0,0,0,1,0
781303,936,116363,35-39,F,27,73676,20,28.5,1,0,0.027145881969705195,5.0,0.0,0.0,1.425,,0,0,0,0,0,0,0,0,1,0
781305,936,116363,35-39,F,27,18421,7,10.07999992,1,0,0.03800010857173878,14.285714285714285,0.0,0.0,1.4399999885714287,,0,0,0,0,0,0,0,0,1,0
781327,936,116367,35-39,F,29,164754,49,67.97999978,2,1,0.02974131128834505,4.081632653061225,2.0408163265306123,50.0,1.3873469342857143,67.97999978,0,0,0,0,0,0,0,0,0,0
781353,936,116371,35-39,F,10,7449,1,1.639999986,1,1,0.013424620754463686,100.0,100.0,100.0,1.639999986,1.639999986,0,0,0,0,0,0,0,0,0,0
781354,936,116371,35-39,F,10,6424,1,0.529999971,1,0,0.015566625155666251,100.0,0.0,0.0,0.529999971,,0,0,0,0,0,0,0,0,1,0
781438,936,116385,30-34,M,63,2086,0,0.0,1,0,0.0,,,0.0,,,1,0,0,0,0,0,0,0,1,0
781470,936,116391,35-39,M,16,6016,0,0.0,1,0,0.0,,,0.0,,,1,0,0,0,0,0,0,0,1,0
781499,936,116395,35-39,M,15,6412,1,1.370000005,1,0,0.015595757953836557,100.0,0.0,0.0,1.370000005,,0,0,0,0,0,0,0,0,1,0
781508,936,116397,30-34,F,63,5040,1,1.440000057,1,0,0.01984126984126984,100.0,0.0,0.0,1.440000057,,0,0,0,0,0,0,0,0,1,0
781556,936,116405,30-34,F,32,1772,0,0.0,1,0,0.0,,,0.0,,,1,0,0,0,0,0,0,0,1,0
781559,936,116405,30-34,F,32,1783,0,0.0,1,0,0.0,,,0.0,,,1,0,0,0,0,0,0,0,1,0
781606,936,116413,35-39,M,20,8200,3,3.919999957,1,0,0.036585365853658534,33.33333333333333,0.0,0.0,1.3066666523333332,,0,0,0,0,0,0,0,0,1,0
781690,936,116427,45-49,F,26,115896,38,49.44000006,1,0,0.03278801684268655,2.631578947368421,0.0,0.0,1.3010526331578949,,0,0,0,0,0,0,0,0,1,0
781811,936,116447,35-39,F,16,10186,1,1.230000019,1,1,0.0098173964264677,100.0,100.0,100.0,1.230000019,1.230000019,0,0,0,0,0,0,0,0,0,0
781857,936,116455,30-34,M,20,9134,3,4.180000067,2,0,0.032844317932997594,66.66666666666666,0.0,0.0,1.3933333556666667,,0,0,0,0,0,0,0,0,1,0
781858,936,116455,30-34,M,20,3385,1,1.440000057,1,1,0.029542097488921712,100.0,100.0,100.0,1.440000057,1.440000057,0,0,0,0,0,0,0,0,0,0
781907,936,116463,45-49,F,21,1314,0,0.0,1,0,0.0,,,0.0,,,1,0,0,0,0,0,0,0,1,0
781928,936,116467,30-34,M,18,2916,0,0.0,1,1,0.0,,,100.0,,0.0,1,0,0,0,0,0,0,0,1,0
781929,936,116467,30-34,M,18,6142,1,1.330000043,1,0,0.0162813415825464,100.0,0.0,0.0,1.330000043,,0,0,0,0,0,0,0,0,1,0
781950,936,116471,30-34,F,20,1984,0,0.0,1,0,0.0,,,0.0,,,1,0,0,0,0,0,0,0,1,0
781999,936,116479,30-34,M,24,9142,3,3.749999881,1,0,0.03281557646029316,33.33333333333333,0.0,0.0,1.2499999603333334,,0,0,0,0,0,0,0,0,1,0
782001,936,116479,30-34,M,24,5475,2,2.730000019,1,1,0.0365296803652968,50.0,50.0,100.0,1.3650000095,2.730000019,0,0,0,0,0,0,0,0,0,0
782022,936,116483,30-34,F,18,8254,2,2.320000052,1,1,0.0242306760358614,50.0,50.0,100.0,1.160000026,2.320000052,0,0,0,0,0,0,0,0,0,0
782026,936,116483,30-34,F,18,5704,1,1.320000052,1,0,0.01753155680224404,100.0,0.0,0.0,1.320000052,,0,0,0,0,0,0,0,0,1,0
782130,936,116501,30-34,F,16,7301,0,0.0,1,0,0.0,,,0.0,,,1,0,0,0,0,0,0,0,1,0
782134,936,116501,30-34,F,16,37873,5,6.169999957,1,1,0.013202017268238586,20.0,20.0,100.0,1.2339999914,6.169999957,0,0,0,0,0,0,0,0,0,0
782135,936,116501,30-34,F,16,25267,4,4.940000057,2,1,0.015830925713381093,50.0,25.0,50.0,1.23500001425,4.940000057,0,0,0,0,0,0,0,0,0,0
782171,936,116507,30-34,F,30,535,0,0.0,1,0,0.0,,,0.0,,,1,0,0,0,0,0,0,0,1,0
782180,936,116509,30-34,M,29,3396,0,0.0,1,0,0.0,,,0.0,,,1,0,0,0,0,0,0,0,1,0
782219,936,116515,30-34,M,26,977,0,0.0,1,0,0.0,,,0.0,,,1,0,0,0,0,0,0,0,1,0
782228,936,116517,40-44,F,63,12318,5,6.340000153,1,1,0.040591005033284625,20.0,20.0,100.0,1.2680000306,6.340000153,0,0,0,0,0,0,0,0,0,0
782242,936,116519,30-34,F,28,4783,1,0.860000014,1,0,0.02090738030524775,100.0,0.0,0.0,0.860000014,,0,0,0,0,0,0,0,0,1,0
782275,936,116525,30-34,F,29,6475,1,1.350000024,1,0,0.015444015444015444,100.0,0.0,0.0,1.350000024,,0,0,0,0,0,0,0,0,1,0
782337,936,116535,45-49,F,16,104578,29,39.25000095,1,1,0.027730497810246894,3.4482758620689653,3.4482758620689653,100.0,1.3534483086206897,39.25000095,0,0,0,0,0,0,0,0,0,0
782407,936,116547,45-49,F,10,33664,11,12.51000035,1,0,0.03267585551330798,9.090909090909092,0.0,0.0,1.137272759090909,,0,0,0,0,0,0,0,0,1,0
782443,936,116553,40-44,F,20,979,0,0.0,1,0,0.0,,,0.0,,,1,0,0,0,0,0,0,0,1,0
782541,936,116569,40-44,F,28,7337,3,4.079999924,1,0,0.04088864658579801,33.33333333333333,0.0,0.0,1.3599999746666667,,0,0,0,0,0,0,0,0,1,0
782587,936,116577,30-34,M,10,2499,0,0.0,1,0,0.0,,,0.0,,,1,0,0,0,0,0,0,0,1,0
782647,936,116587,40-44,F,27,11244,3,4.550000191,1,0,0.026680896478121666,33.33333333333333,0.0,0.0,1.5166667303333332,,0,0,0,0,0,0,0,0,1,0
782658,936,116589,30-34,M,15,4827,0,0.0,1,0,0.0,,,0.0,,,1,0,0,0,0,0,0,0,1,0
782694,936,116595,35-39,F,29,29035,7,8.910000086,2,2,0.024108834165662132,28.57142857142857,28.57142857142857,100.0,1.2728571551428571,4.455000043,0,0,0,0,0,0,0,0,0,0
782706,936,116597,35-39,F,30,761,0,0.0,1,0,0.0,,,0.0,,,1,0,0,0,0,0,0,0,1,0
782754,936,116605,35-39,F,26,6532,1,1.610000014,1,0,0.015309246785058175,100.0,0.0,0.0,1.610000014,,0,0,0,0,0,0,0,0,1,0
782815,936,116615,40-44,F,10,11537,3,4.300000191,1,0,0.026003293750541737,33.33333333333333,0.0,0.0,1.433333397,,0,0,0,0,0,0,0,0,1,0
782816,936,116615,40-44,F,10,12183,3,2.869999945,1,0,0.02462447672986949,33.33333333333333,0.0,0.0,0.9566666483333334,,0,0,0,0,0,0,0,0,1,0
782862,936,116623,35-39,F,64,5912,1,1.559999943,1,1,0.016914749661705007,100.0,100.0,100.0,1.559999943,1.559999943,0,0,0,0,0,0,0,0,0,0
950068,936,123438,30-34,M,10,4012,1,1.570000052,1,0,0.024925224327018942,100.0,0.0,0.0,1.570000052,,0,0,0,0,0,0,0,0,1,0
950078,936,123440,30-34,M,16,12396,2,3.210000038,2,1,0.016134236850596968,100.0,50.0,50.0,1.605000019,3.210000038,0,0,0,0,0,0,0,0,0,0
950079,936,123440,30-34,M,16,3142,0,0.0,2,2,0.0,,,100.0,,0.0,1,0,0,0,0,0,0,0,1,0
950099,936,123443,30-34,M,18,1120,0,0.0,1,0,0.0,,,0.0,,,1,0,0,0,0,0,0,0,1,0
950109,936,123445,30-34,M,20,343,0,0.0,1,1,0.0,,,100.0,,0.0,1,0,0,0,0,0,0,0,1,0
950170,936,123455,30-34,M,15,1720,0,0.0,1,1,0.0,,,100.0,,0.0,1,0,0,0,0,0,0,0,1,0
950179,936,123457,30-34,M,16,3423,0,0.0,1,1,0.0,,,100.0,,0.0,1,0,0,0,0,0,0,0,1,0
950182,936,123457,30-34,M,16,3242,0,0.0,1,0,0.0,,,0.0,,,1,0,0,0,0,0,0,0,1,0
950183,936,123457,30-34,M,16,15720,1,1.379999995,1,0,0.006361323155216285,100.0,0.0,0.0,1.379999995,,0,0,0,0,0,0,0,0,1,0
950200,936,123460,30-34,M,10,1217,0,0.0,1,1,0.0,,,100.0,,0.0,1,0,0,0,0,0,0,0,1,0
950224,936,123464,40-44,M,20,2367,2,2.839999914,1,1,0.08449514152936206,50.0,50.0,100.0,1.419999957,2.839999914,0,0,0,0,0,0,0,0,0,0
950326,936,123481,35-39,M,16,6607,1,1.320000052,2,0,0.015135462388375966,200.0,0.0,0.0,1.320000052,,1,0,0,0,0,0,0,0,1,0
950345,936,123484,30-34,M,64,616,0,0.0,1,0,0.0,,,0.0,,,1,0,0,0,0,0,0,0,1,0
950452,936,123502,45-49,M,16,5537,1,1.519999981,1,0,0.018060321473722232,100.0,0.0,0.0,1.519999981,,0,0,0,0,0,0,0,0,1,0
950463,936,123504,45-49,M,15,818,0,0.0,1,0,0.0,,,0.0,,,1,0,0,0,0,0,0,0,1,0
950495,936,123509,45-49,M,21,1909,1,0.980000019,1,0,0.05238344683080147,100.0,0.0,0.0,0.980000019,,0,0,0,0,0,0,0,0,1,0
950521,936,123514,30-34,M,21,351,0,0.0,1,0,0.0,,,0.0,,,1,0,0,0,0,0,0,0,1,0
950531,936,123515,45-49,M,22,572,0,0.0,1,0,0.0,,,0.0,,,1,0,0,0,0,0,0,0,1,0
950537,936,123516,40-44,M,36,1884,1,1.409999967,1,0,0.05307855626326964,100.0,0.0,0.0,1.409999967,,0,0,0,0,0,0,0,0,1,0
950550,936,123519,30-34,M,30,219,0,0.0,1,0,0.0,,,0.0,,,1,0,0,0,0,0,0,0,1,0
950577,936,123523,30-34,M,32,540,0,0.0,1,1,0.0,,,100.0,,0.0,1,0,0,0,0,0,0,0,1,0
950578,936,123523,30-34,M,32,550,0,0.0,1,0,0.0,,,0.0,,,1,0,0,0,0,0,0,0,1,0
950595,936,123526,30-34,M,26,465,0,0.0,1,0,0.0,,,0.0,,,1,0,0,0,0,0,0,0,1,0
950609,936,123528,30-34,M,29,1761,0,0.0,1,1,0.0,,,100.0,,0.0,1,0,0,0,0,0,0,0,1,0
950629,936,123532,30-34,M,65,152,0,0.0,1,1,0.0,,,100.0,,0.0,1,0,0,0,0,0,0,0,1,0
950631,936,123532,30-34,M,65,152,0,0.0,1,1,0.0,,,100.0,,0.0,1,0,0,0,0,0,0,0,1,0
950649,936,123535,30-34,M,64,429,0,0.0,1,0,0.0,,,0.0,,,1,0,0,0,0,0,0,0,1,0
950745,936,123551,30-34,M,29,1514,0,0.0,2,2,0.0,,,100.0,,0.0,1,0,0,0,0,0,0,0,1,0
950770,936,123555,30-34,M,28,7780,3,4.329999924,2,2,0.038560411311053984,66.66666666666666,66.66666666666666,100.0,1.443333308,2.164999962,0,0,0,0,0,0,0,0,0,0
950772,936,123556,35-39,M,28,460,0,0.0,1,0,0.0,,,0.0,,,1,0,0,0,0,0,0,0,1,0
950773,936,123556,35-39,M,28,471,0,0.0,1,0,0.0,,,0.0,,,1,0,0,0,0,0,0,0,1,0
950776,936,123556,35-39,M,28,2633,1,1.070000052,1,0,0.0379794910748196,100.0,0.0,0.0,1.070000052,,0,0,0,0,0,0,0,0,1,0
950787,936,123558,30-34,M,27,199,0,0.0,1,0,0.0,,,0.0,,,1,0,0,0,0,0,0,0,1,0
950808,936,123562,35-39,M,32,398,0,0.0,1,0,0.0,,,0.0,,,1,0,0,0,0,0,0,0,1,0
950839,936,123567,30-34,M,24,246,0,0.0,2,2,0.0,,,100.0,,0.0,1,0,0,0,0,0,0,0,1,0
950878,936,123573,40-44,M,10,2967,1,1.5,1,1,0.03370407819346141,100.0,100.0,100.0,1.5,1.5,0,0,0,0,0,0,0,0,0,0
950969,936,123588,45-49,M,36,255,0,0.0,1,0,0.0,,,0.0,,,1,0,0,0,0,0,0,0,1,0
951021,936,123597,30-34,F,7,457,0,0.0,1,1,0.0,,,100.0,,0.0,1,0,0,0,0,0,0,0,1,0
951033,936,123599,30-34,F,10,5517,1,1.230000019,1,0,0.018125793003443903,100.0,0.0,0.0,1.230000019,,0,0,0,0,0,0,0,0,1,0
951035,936,123599,30-34,F,10,1539,0,0.0,1,1,0.0,,,100.0,,0.0,1,0,0,0,0,0,0,0,1,0
951043,936,123601,30-34,F,16,3189,0,0.0,1,0,0.0,,,0.0,,,1,0,0,0,0,0,0,0,1,0
951045,936,123601,30-34,F,16,3348,0,0.0,1,0,0.0,,,0.0,,,1,0,0,0,0,0,0,0,1,0
951046,936,123601,30-34,F,16,20050,4,4.659999847,4,1,0.019950124688279305,100.0,25.0,25.0,1.16499996175,4.659999847,0,0,0,0,0,0,0,0,0,0
951102,936,123611,45-49,M,16,2254,0,0.0,1,0,0.0,,,0.0,,,1,0,0,0,0,0,0,0,1,0
951105,936,123611,45-49,M,16,5894,1,1.539999962,1,1,0.0169664065151001,100.0,100.0,100.0,1.539999962,1.539999962,0,0,0,0,0,0,0,0,0,0
951133,936,123616,35-39,M,16,9948,2,2.720000029,2,0,0.02010454362685967,100.0,0.0,0.0,1.3600000145,,0,0,0,0,0,0,0,0,1,0
951202,936,123627,45-49,F,26,5307,3,4.289999962,2,1,0.05652911249293386,66.66666666666666,33.33333333333333,50.0,1.4299999873333331,4.289999962,0,0,0,0,0,0,0,0,0,0
951225,936,123631,35-39,F,22,4621,2,3.25,1,1,0.04328067517853278,50.0,50.0,100.0,1.625,3.25,0,0,0,0,0,0,0,0,0,0
951270,936,123639,35-39,F,18,784,0,0.0,1,1,0.0,,,100.0,,0.0,1,0,0,0,0,0,0,0,1,0
951282,936,123641,35-39,F,16,5775,1,1.580000043,1,1,0.017316017316017316,100.0,100.0,100.0,1.580000043,1.580000043,0,0,0,0,0,0,0,0,0,0
951285,936,123641,35-39,F,16,9297,2,2.619999886,2,1,0.021512315800795954,100.0,50.0,50.0,1.309999943,2.619999886,0,0,0,0,0,0,0,0,0,0
951294,936,123643,35-39,F,15,699,0,0.0,1,0,0.0,,,0.0,,,1,0,0,0,0,0,0,0,1,0
951305,936,123644,35-39,F,10,1104,0,0.0,1,0,0.0,,,0.0,,,1,0,0,0,0,0,0,0,1,0
951334,936,123649,30-34,F,64,3717,1,1.539999962,1,0,0.026903416733925208,100.0,0.0,0.0,1.539999962,,0,0,0,0,0,0,0,0,1,0
951391,936,123659,30-34,F,28,2879,1,1.590000033,2,2,0.03473428273706148,200.0,200.0,100.0,1.590000033,0.7950000165,1,0,0,0,0,0,0,0,0,0
951392,936,123659,30-34,F,28,2749,1,1.389999986,1,0,0.036376864314296105,100.0,0.0,0.0,1.389999986,,0,0,0,0,0,0,0,0,1,0
951400,936,123660,45-49,F,10,24028,9,12.39000034,2,0,0.03745630098218745,22.22222222222222,0.0,0.0,1.3766667044444445,,0,0,0,0,0,0,0,0,1,0
951402,936,123661,30-34,F,29,1118,0,0.0,1,1,0.0,,,100.0,,0.0,1,0,0,0,0,0,0,0,1,0
951413,936,123662,30-34,F,26,1083,0,0.0,2,1,0.0,,,50.0,,0.0,1,0,0,0,0,0,0,0,1,0
951420,936,123664,30-34,F,27,843,0,0.0,1,0,0.0,,,0.0,,,1,0,0,0,0,0,0,0,1,0
951444,936,123668,30-34,F,25,2983,1,0.970000029,1,0,0.03352329869259135,100.0,0.0,0.0,0.970000029,,0,0,0,0,0,0,0,0,1,0
951448,936,123668,30-34,F,25,696,0,0.0,1,0,0.0,,,0.0,,,1,0,0,0,0,0,0,0,1,0
951462,936,123671,45-49,F,16,7589,2,3.150000095,1,1,0.02635393332454869,50.0,50.0,100.0,1.5750000475,3.150000095,0,0,0,0,0,0,0,0,0,0
951464,936,123671,45-49,F,16,20997,10,11.94999981,1,0,0.0476258513120922,10.0,0.0,0.0,1.194999981,,0,0,0,0,0,0,0,0,1,0
951465,936,123671,45-49,F,16,4617,1,1.360000014,1,0,0.021659085986571368,100.0,0.0,0.0,1.360000014,,0,0,0,0,0,0,0,0,1,0
951498,936,123677,45-49,F,20,259,0,0.0,1,0,0.0,,,0.0,,,1,0,0,0,0,0,0,0,1,0
951508,936,123678,30-34,F,18,1134,0,0.0,1,0,0.0,,,0.0,,,1,0,0,0,0,0,0,0,1,0
951542,936,123684,40-44,F,27,357,0,0.0,1,0,0.0,,,0.0,,,1,0,0,0,0,0,0,0,1,0
951607,936,123695,40-44,F,10,848,0,0.0,1,1,0.0,,,100.0,,0.0,1,0,0,0,0,0,0,0,1,0
951608,936,123695,40-44,F,10,3149,1,1.480000019,1,0,0.031756113051762465,100.0,0.0,0.0,1.480000019,,0,0,0,0,0,0,0,0,1,0
951641,936,123700,40-44,F,2,87,0,0.0,1,1,0.0,,,100.0,,0.0,1,0,0,0,0,0,0,0,1,0
951677,936,123706,35-39,F,27,2563,1,1.480000019,1,0,0.03901677721420211,100.0,0.0,0.0,1.480000019,,0,0,0,0,0,0,0,0,1,0
951692,936,123709,35-39,F,10,1107,0,0.0,1,0,0.0,,,0.0,,,1,0,0,0,0,0,0,0,1,0
951715,936,123713,45-49,F,64,10677,5,7.269999981,1,0,0.04682963379226374,20.0,0.0,0.0,1.4539999961999999,,0,0,0,0,0,0,0,0,1,0
951756,936,123720,35-39,F,22,2189,1,0.409999996,1,0,0.04568296025582458,100.0,0.0,0.0,0.409999996,,0,0,0,0,0,0,0,0,1,0
951779,936,123723,45-49,F,27,3277,2,2.680000067,1,0,0.061031431187061336,50.0,0.0,0.0,1.3400000335,,0,0,0,0,0,0,0,0,1,0
951782,936,123724,45-49,F,26,781,0,0.0,1,0,0.0,,,0.0,,,1,0,0,0,0,0,0,0,1,0
951810,936,123729,35-39,F,16,2226,0,0.0,1,0,0.0,,,0.0,,,1,0,0,0,0,0,0,0,1,0
951812,936,123729,35-39,F,16,16274,4,6.079999924,2,0,0.02457908320019663,50.0,0.0,0.0,1.519999981,,0,0,0,0,0,0,0,0,1,0
951837,936,123733,45-49,F,20,2077,1,1.50999999,1,1,0.04814636494944632,100.0,100.0,100.0,1.50999999,1.50999999,0,0,0,0,0,0,0,0,0,0
951853,936,123736,30-34,F,20,529,0,0.0,0,0,0.0,,,,,,0,0,0,0,0,0,0,0,1,0
951854,936,123736,30-34,F,20,487,0,0.0,1,0,0.0,,,0.0,,,1,0,0,0,0,0,0,0,1,0
951856,936,123736,30-34,F,20,4626,2,2.099999905,2,0,0.043233895373973194,100.0,0.0,0.0,1.0499999525,,0,0,0,0,0,0,0,0,1,0
951941,936,123750,30-34,F,28,2764,1,1.559999943,1,1,0.0361794500723589,100.0,100.0,100.0,1.559999943,1.559999943,0,0,0,0,0,0,0,0,0,0
952001,936,123760,45-49,F,10,5447,2,2.960000038,1,0,0.03671745915182669,50.0,0.0,0.0,1.480000019,,0,0,0,0,0,0,0,0,1,0
952031,936,123765,40-44,F,16,28169,8,12.36999989,1,1,0.028400014200007102,12.5,12.5,100.0,1.54624998625,12.36999989,0,0,0,0,0,0,0,0,0,0
952080,936,123774,40-44,F,27,415,0,0.0,1,0,0.0,,,0.0,,,1,0,0,0,0,0,0,0,1,0
952100,936,123777,35-39,F,29,810,0,0.0,1,1,0.0,,,100.0,,0.0,1,0,0,0,0,0,0,0,1,0
1121091,1178,144531,30-34,M,10,1194718,141,254.049996,28,14,0.011801948242179327,19.858156028368796,9.929078014184398,50.0,1.8017730212765957,18.146428285714286,0,0,0,1,1,1,1,1,0,0
1121092,1178,144531,30-34,M,10,637648,67,122.4,13,5,0.010507364564775551,19.402985074626866,7.462686567164178,38.46153846153847,1.826865671641791,24.48,0,0,0,1,0,0,1,1,0,0
1121094,1178,144531,30-34,M,10,24362,0,0.0,1,1,0.0,,,100.0,,0.0,1,0,0,0,0,0,0,0,1,0
1121095,1178,144531,30-34,M,10,459690,50,86.33000112,5,2,0.010876895299005852,10.0,4.0,40.0,1.7266000224000002,43.16500056,0,0,0,0,0,0,0,0,0,0
1121096,1178,144531,30-34,M,10,750060,86,161.9099991,11,2,0.01146574940671413,12.790697674418606,2.3255813953488373,18.181818181818183,1.8826744081395348,80.95499955,0,0,0,1,0,1,1,0,0,0
1121097,1178,144532,30-34,M,15,30068,1,1.820000052,1,0,0.0033257948649727284,100.0,0.0,0.0,1.820000052,,0,0,0,0,0,0,0,0,1,0
1121098,1178,144532,30-34,M,15,1267550,123,236.7699986,24,10,0.009703759220543567,19.51219512195122,8.130081300813007,41.66666666666667,1.924959338211382,23.676999860000002,0,0,0,1,1,1,1,1,0,0
1121100,1178,144532,30-34,M,15,3052003,340,639.9499981,60,17,0.011140224960460392,17.647058823529413,5.0,28.333333333333332,1.8822058767647059,37.64411753529412,0,0,0,1,1,1,1,1,0,0
1121101,1178,144532,30-34,M,15,29945,1,1.590000033,2,1,0.0033394556687259976,200.0,100.0,50.0,1.590000033,1.590000033,1,0,0,0,0,0,0,0,0,0
1121102,1178,144532,30-34,M,15,357856,30,52.97000015,7,3,0.008383260305821335,23.333333333333332,10.0,42.857142857142854,1.7656666716666665,17.656666716666667,0,0,0,0,0,0,1,1,0,0
1121104,1178,144533,30-34,M,16,2080666,202,360.1500015,40,21,0.009708429896965683,19.801980198019802,10.396039603960396,52.5,1.7829207995049503,17.150000071428572,0,0,0,1,1,1,1,1,0,0
1121105,1178,144533,30-34,M,16,145999,9,16.5200001,5,2,0.006164425783738245,55.55555555555556,22.22222222222222,40.0,1.8355555666666667,8.26000005,0,0,0,0,0,0,0,0,0,0
1121107,1178,144533,30-34,M,16,32616,1,1.539999962,2,0,0.00306597988717194,200.0,0.0,0.0,1.539999962,,1,0,0,0,0,0,0,0,1,0
1121108,1178,144533,30-34,M,16,984521,95,163.8999972,26,14,0.00964936248185666,27.368421052631582,14.736842105263156,53.84615384615385,1.7252631284210527,11.707142657142857,0,0,0,1,1,1,1,1,0,0
1121110,1178,144534,30-34,M,18,880814,123,210.3600006,6,2,0.013964355698251843,4.878048780487805,1.6260162601626018,33.33333333333333,1.7102439073170732,105.1800003,0,0,0,1,1,1,0,0,0,0
1121111,1178,144534,30-34,M,18,182452,20,35.73000026,4,1,0.010961787209786683,20.0,5.0,25.0,1.786500013,35.73000026,0,0,0,0,0,0,0,0,0,0
1121113,1178,144534,30-34,M,18,894911,120,215.8399994,7,4,0.013409154653367766,5.833333333333333,3.3333333333333335,57.14285714285714,1.7986666616666667,53.95999985,0,0,0,1,1,1,1,1,0,0
1121114,1178,144534,30-34,M,18,31349,2,3.800000072,1,0,0.006379788828989761,50.0,0.0,0.0,1.900000036,,0,0,0,0,0,0,0,0,1,0
1121115,1178,144535,30-34,M,19,410310,55,96.80000055,3,0,0.01340449903731325,5.454545454545454,0.0,0.0,1.76000001,,0,0,0,0,0,0,0,0,1,0
1121116,1178,144535,30-34,M,19,572450,89,157.329998,7,4,0.015547209363263169,7.865168539325842,4.49438202247191,57.14285714285714,1.7677527865168539,39.3324995,0,0,0,1,0,1,1,1,0,0
1121117,1178,144535,30-34,M,19,98759,15,26.56999946,1,1,0.015188489150355918,6.666666666666667,6.666666666666667,100.0,1.7713332973333331,26.56999946,0,0,0,0,0,0,0,0,0,0
1121119,1178,144535,30-34,M,19,345371,54,93.08999991,7,3,0.015635360235804394,12.962962962962962,5.555555555555555,42.857142857142854,1.7238888872222222,31.029999970000002,0,0,0,0,0,0,1,1,0,0
1121121,1178,144536,30-34,M,20,323899,46,78.9200002,5,1,0.014201958017777148,10.869565217391305,2.1739130434782608,20.0,1.7156521782608696,78.9200002,0,0,0,0,0,0,0,0,0,0
1121122,1178,144536,30-34,M,20,399199,58,103.1500002,3,0,0.014529094511759799,5.172413793103448,0.0,0.0,1.7784482793103447,,0,0,0,0,0,0,0,0,1,0
1121123,1178,144536,30-34,M,20,171202,22,36.53000021,3,1,0.01285031716919195,13.636363636363635,4.545454545454546,33.33333333333333,1.6604545549999998,36.53000021,0,0,0,0,0,0,0,0,0,0
1121124,1178,144536,30-34,M,20,128386,15,28.85000002,2,1,0.011683516894365429,13.333333333333334,6.666666666666667,50.0,1.9233333346666666,28.85000002,0,0,0,0,0,0,0,0,0,0
1121125,1178,144536,30-34,M,20,1034284,152,257.7099986,20,9,0.01469615695495628,13.157894736842104,5.921052631578947,45.0,1.6954605171052632,28.63444428888889,0,0,0,1,1,1,1,1,0,0
1121126,1178,144536,30-34,M,20,45923,5,7.220000148,2,0,0.010887790431809768,40.0,0.0,0.0,1.4440000296,,0,0,0,0,0,0,0,0,1,0
1121127,1178,144537,30-34,M,21,40873,4,7.899999976,2,1,0.009786411567538473,50.0,25.0,50.0,1.974999994,7.899999976,0,0,0,0,0,0,0,0,0,0
1121128,1178,144537,30-34,M,21,286553,34,62.06000042,2,1,0.01186516979406951,5.88235294117647,2.941176470588235,50.0,1.82529413,62.06000042,0,0,0,0,0,0,0,0,0,0
1121129,1178,144537,30-34,M,21,20618,1,2.099999905,2,1,0.004850130953535745,200.0,100.0,50.0,2.099999905,2.099999905,1,0,0,0,0,0,0,0,0,0
1121131,1178,144537,30-34,M,21,83591,7,14.14000046,2,2,0.008374107260350995,28.57142857142857,28.57142857142857,100.0,2.0200000657142856,7.07000023,0,0,0,0,0,0,0,0,0,0
1121132,1178,144537,30-34,M,21,114923,12,23.73000026,4,2,0.010441774057412354,33.33333333333333,16.666666666666664,50.0,1.9775000216666667,11.86500013,0,0,0,0,0,0,0,0,0,0
1121133,1178,144538,30-34,M,22,25002,1,1.710000038,1,0,0.003999680025597952,100.0,0.0,0.0,1.710000038,,0,0,0,0,0,0,0,0,1,0
1121134,1178,144538,30-34,M,22,68905,5,9.440000057,1,0,0.007256367462448299,20.0,0.0,0.0,1.8880000114000002,,0,0,0,0,0,0,0,0,1,0
1121136,1178,144538,30-34,M,22,169588,16,27.79999924,1,0,0.00943462980871288,6.25,0.0,0.0,1.7374999525,,0,0,0,0,0,0,0,0,1,0
1121138,1178,144538,30-34,M,22,328991,35,67.65000057,5,2,0.010638588897568626,14.285714285714285,5.714285714285714,40.0,1.9328571591428572,33.825000285,0,0,0,0,0,0,0,0,0,0
1121141,1178,144539,30-34,M,23,23198,2,2.980000019,1,0,0.008621432882145013,50.0,0.0,0.0,1.4900000095,,0,0,0,0,0,0,0,0,1,0
1121142,1178,144539,30-34,M,23,26890,2,3.24000001,1,0,0.007437709185570845,50.0,0.0,0.0,1.620000005,,0,0,0,0,0,0,0,0,1,0
1121143,1178,144539,30-34,M,23,221695,31,52.26000011,5,2,0.013983175082884144,16.129032258064516,6.451612903225806,40.0,1.6858064551612904,26.130000055,0,0,0,0,0,0,0,0,0,0
1121152,1178,144541,30-34,M,24,88443,7,13.0400002,1,1,0.007914702124532184,14.285714285714285,14.285714285714285,100.0,1.8628571714285713,13.0400002,0,0,0,0,0,0,0,0,0,0
1121153,1178,144541,30-34,M,24,187856,23,38.38999975,5,1,0.012243420492291969,21.73913043478261,4.3478260869565215,20.0,1.6691304239130436,38.38999975,0,0,0,0,0,0,0,0,0,0
1121164,1178,144545,30-34,M,25,570699,80,138.7699997,9,2,0.014017897350442177,11.25,2.5,22.22222222222222,1.73462499625,69.38499985,0,0,0,1,0,0,1,0,0,0
1121167,1178,144545,30-34,M,25,1063508,145,260.3800013,23,7,0.013634124049842596,15.862068965517242,4.827586206896552,30.434782608695656,1.7957241468965517,37.19714304285714,0,0,0,1,1,1,1,1,0,0
1121168,1178,144545,30-34,M,25,50523,6,8.549999952,1,0,0.011875779348019715,16.666666666666664,0.0,0.0,1.424999992,,0,0,0,0,0,0,0,0,1,0
1121172,1178,144547,30-34,M,26,87935,9,15.63000023,1,0,0.010234832546767499,11.11111111111111,0.0,0.0,1.7366666922222223,,0,0,0,0,0,0,0,0,1,0
1121173,1178,144547,30-34,M,26,278225,33,60.19999957,3,0,0.011860903944649115,9.090909090909092,0.0,0.0,1.8242424112121214,,0,0,0,0,0,0,0,0,1,0
1121175,1178,144547,30-34,M,26,209461,20,34.19000006,1,0,0.009548316870443663,5.0,0.0,0.0,1.709500003,,0,0,0,0,0,0,0,0,1,0
1121177,1178,144547,30-34,M,26,26316,2,3.24000001,3,0,0.007599939200486396,150.0,0.0,0.0,1.620000005,,1,0,0,0,0,0,0,0,1,0
1121181,1178,144549,30-34,M,27,41030,3,5.140000105,2,1,0.0073117231294175,66.66666666666666,33.33333333333333,50.0,1.7133333683333334,5.140000105,0,0,0,0,0,0,0,0,0,0
1121182,1178,144549,30-34,M,27,876671,120,216.5599982,22,4,0.013688145267723011,18.333333333333332,3.3333333333333335,18.181818181818183,1.8046666516666667,54.13999955,0,0,0,1,1,1,1,1,0,0
1121183,1178,144549,30-34,M,27,399392,53,93.07000041,5,0,0.013270170659402291,9.433962264150944,0.0,0.0,1.7560377435849057,,0,0,0,0,0,0,0,0,1,0
1121184,1178,144549,30-34,M,27,283858,30,56.05999923,1,0,0.01056866461399714,3.3333333333333335,0.0,0.0,1.8686666410000001,,0,0,0,0,0,0,0,0,1,0
1121185,1178,144549,30-34,M,27,260699,31,54.09999871,5,2,0.011891108136203055,16.129032258064516,6.451612903225806,40.0,1.7451612487096775,27.049999355,0,0,0,0,0,0,0,0,0,0
1121193,1178,144552,30-34,M,28,57781,5,7.800000072,2,1,0.008653363562416711,40.0,20.0,50.0,1.5600000144,7.800000072,0,0,0,0,0,0,0,0,0,0
1121195,1178,144552,30-34,M,28,38757,3,5.220000029,1,0,0.007740537193281214,33.33333333333333,0.0,0.0,1.7400000096666668,,0,0,0,0,0,0,0,0,1,0
1121196,1178,144552,30-34,M,28,1392288,206,358.5500029,31,7,0.014795789376910524,15.048543689320388,3.3980582524271843,22.58064516129032,1.740533994660194,51.22142898571428,0,0,0,1,1,1,1,1,0,0
1121197,1178,144552,30-34,M,28,1109387,159,280.9899995,13,2,0.014332239335777326,8.176100628930817,1.257861635220126,15.384615384615385,1.7672327012578617,140.49499975,0,0,0,1,1,1,1,0,0,0
1121202,1178,144554,30-34,M,29,581281,65,115.1200008,10,5,0.011182199314961266,15.384615384615385,7.6923076923076925,50.0,1.7710769353846154,23.02400016,0,0,0,1,0,0,1,1,0,0
1121203,1178,144554,30-34,M,29,1048861,128,219.770002,22,8,0.012203714314861551,17.1875,6.25,36.36363636363637,1.716953140625,27.47125025,0,0,0,1,1,1,1,1,0,0
1121205,1178,144554,30-34,M,29,297452,30,52.01999986,4,1,0.010085660879738579,13.333333333333334,3.3333333333333335,25.0,1.7339999953333334,52.01999986,0,0,0,0,0,0,0,0,0,0
1121206,1178,144554,30-34,M,29,227925,22,35.30999994,22,12,0.009652297905012614,100.0,54.54545454545454,54.54545454545454,1.6049999972727271,2.942499995,0,0,0,0,0,0,1,1,0,0
1121207,1178,144554,30-34,M,29,374175,38,63.32000101,8,3,0.010155675820137636,21.052631578947366,7.894736842105263,37.5,1.6663158160526315,21.10666700333333,0,0,0,0,0,0,1,1,0,0
1121211,1178,144556,30-34,M,30,223586,32,54.24000037,1,0,0.014312166235810829,3.125,0.0,0.0,1.6950000115625,,0,0,0,0,0,0,0,0,1,0
1121213,1178,144556,30-34,M,30,283170,39,65.22999996,2,1,0.013772645407352473,5.128205128205128,2.564102564102564,50.0,1.6725641015384616,65.22999996,0,0,0,0,0,0,0,0,0,0
1121215,1178,144556,30-34,M,30,41636,3,4.210000038,1,0,0.00720530310308387,33.33333333333333,0.0,0.0,1.4033333460000001,,0,0,0,0,0,0,0,0,1,0
1121216,1178,144556,30-34,M,30,198658,30,48.60999978,8,1,0.01510132992378862,26.666666666666668,3.3333333333333335,12.5,1.6203333260000001,48.60999978,0,0,0,0,0,0,1,0,0,0
1121220,1178,144558,30-34,M,31,100596,10,13.91999972,4,2,0.009940753111455723,40.0,20.0,50.0,1.391999972,6.95999986,0,0,0,0,0,0,0,0,0,0
1121223,1178,144558,30-34,M,31,64020,5,11.0599997,1,0,0.0078100593564511085,20.0,0.0,0.0,2.21199994,,0,0,0,0,0,0,0,0,1,0
1121224,1178,144558,30-34,M,31,14289,0,0.0,1,0,0.0,,,0.0,,,1,0,0,0,0,0,0,0,1,0
1121229,1178,144561,30-34,M,32,404866,43,87.42000079,4,0,0.010620797992422184,9.30232558139535,0.0,0.0,2.033023274186047,,0,0,0,0,0,0,0,0,1,0
1121231,1178,144561,30-34,M,32,22256,1,1.659999967,1,1,0.004493170381020849,100.0,100.0,100.0,1.659999967,1.659999967,0,0,0,0,0,0,0,0,0,0
1121233,1178,144561,30-34,M,32,57690,4,6.74000001,1,0,0.006933610677760443,25.0,0.0,0.0,1.6850000025,,0,0,0,0,0,0,0,0,1,0
1121241,1178,144562,30-34,M,36,24952,5,8.220000267,3,2,0.020038473869830074,60.0,40.0,66.66666666666666,1.6440000533999999,4.1100001335,0,0,0,0,0,0,0,0,0,0
1121242,1178,144562,30-34,M,36,38900,3,5.580000043,1,0,0.007712082262210797,33.33333333333333,0.0,0.0,1.8600000143333333,,0,0,0,0,0,0,0,0,1,0
1121243,1178,144562,30-34,M,36,53520,6,9.2299999,1,1,0.011210762331838564,16.666666666666664,16.666666666666664,100.0,1.5383333166666666,9.2299999,0,0,0,0,0,0,0,0,0,0
1121244,1178,144562,30-34,M,36,181683,20,34.22999972,2,1,0.011008184585239125,10.0,5.0,50.0,1.7114999860000002,34.22999972,0,0,0,0,0,0,0,0,0,0
1121245,1178,144562,30-34,M,36,29185,2,3.149999976,1,0,0.00685283536063046,50.0,0.0,0.0,1.574999988,,0,0,0,0,0,0,0,0,1,0
1121246,1178,144562,30-34,M,36,105047,13,20.2099994,3,1,0.01237541291041153,23.076923076923077,7.6923076923076925,33.33333333333333,1.5546153384615384,20.2099994,0,0,0,0,0,0,0,0,0,0
1121250,1178,144565,30-34,M,63,287976,31,59.43999982,3,2,0.010764785954385087,9.67741935483871,6.451612903225806,66.66666666666666,1.917419349032258,29.71999991,0,0,0,0,0,0,0,0,0,0
1121251,1178,144565,30-34,M,63,212175,22,38.58999968,2,1,0.010368799340167314,9.090909090909092,4.545454545454546,50.0,1.7540908945454545,38.58999968,0,0,0,0,0,0,0,0,0,0
1121252,1178,144565,30-34,M,63,11139,0,0.0,1,1,0.0,,,100.0,,0.0,1,0,0,0,0,0,0,0,1,0
1121254,1178,144565,30-34,M,63,124005,11,21.84999979,4,1,0.008870610056046127,36.36363636363637,9.090909090909092,25.0,1.986363617272727,21.84999979,0,0,0,0,0,0,0,0,0,0
1121255,1178,144565,30-34,M,63,20423,1,1.960000038,1,0,0.0048964402879106885,100.0,0.0,0.0,1.960000038,,0,0,0,0,0,0,0,0,1,0
1121261,1178,144567,30-34,M,64,103001,14,22.32000005,1,0,0.013592101047562644,7.142857142857142,0.0,0.0,1.594285717857143,,0,0,0,0,0,0,0,0,1,0
1121262,1178,144567,30-34,M,64,447420,66,110.2399991,7,2,0.014751240445219258,10.606060606060606,3.0303030303030303,28.57142857142857,1.6703030166666668,55.11999955,0,0,0,0,0,0,1,0,0,0
1121263,1178,144567,30-34,M,64,156101,19,29.75000048,2,2,0.012171606844286711,10.526315789473683,10.526315789473683,100.0,1.5657894989473684,14.87500024,0,0,0,0,0,0,0,0,0,0
1121264,1178,144567,30-34,M,64,93015,12,18.47000015,1,0,0.012901144976616674,8.333333333333332,0.0,0.0,1.5391666791666667,,0,0,0,0,0,0,0,0,1,0
1121265,1178,144568,30-34,M,65,145398,23,36.24000025,1,0,0.015818649499993124,4.3478260869565215,0.0,0.0,1.5756521847826088,,0,0,0,0,0,0,0,0,1,0
1121269,1178,144568,30-34,M,65,296413,50,76.43999958,3,1,0.01686835597628984,6.0,2.0,33.33333333333333,1.5287999916000001,76.43999958,0,0,0,0,0,0,0,0,0,0
1121273,1178,144569,30-34,M,2,9370,0,0.0,1,1,0.0,,,100.0,,0.0,1,0,0,0,0,0,0,0,1,0
1121274,1178,144569,30-34,M,2,63785,7,11.80000019,6,2,0.010974367014188288,85.71428571428571,28.57142857142857,33.33333333333333,1.685714312857143,5.900000095,0,0,0,0,0,0,0,0,0,0
1121275,1178,144569,30-34,M,2,118522,14,26.81999981,2,1,0.011812153018005096,14.285714285714285,7.142857142857142,50.0,1.915714272142857,26.81999981,0,0,0,0,0,0,0,0,0,0
1121276,1178,144569,30-34,M,2,240123,38,65.67000115,5,4,0.015825222906593703,13.157894736842104,10.526315789473683,80.0,1.728157925,16.4175002875,0,0,0,0,0,0,0,1,0,0
1121277,1178,144570,30-34,M,7,169108,20,32.24000025,2,1,0.011826761596139745,10.0,5.0,50.0,1.6120000125,32.24000025,0,0,0,0,0,0,0,0,0,0
1121278,1178,144570,30-34,M,7,1044442,142,245.5999999,22,8,0.013595776500753514,15.492957746478872,5.633802816901409,36.36363636363637,1.729577464084507,30.6999999875,0,0,0,1,1,1,1,1,0,0
1121279,1178,144570,30-34,M,7,93891,11,17.6400001,5,3,0.011715712901130035,45.45454545454545,27.27272727272727,60.0,1.6036363727272729,5.880000033333334,0,0,0,0,0,0,0,1,0,0
1121282,1178,144570,30-34,M,7,185823,25,38.54999936,4,1,0.013453662894259592,16.0,4.0,25.0,1.5419999744000001,38.54999936,0,0,0,0,0,0,0,0,0,0
1121284,1178,144571,30-34,M,66,175631,23,40.75999951,1,0,0.013095638013790276,4.3478260869565215,0.0,0.0,1.7721738917391305,,0,0,0,0,0,0,0,0,1,0
1121285,1178,144571,30-34,M,66,37187,4,6.370000005,1,0,0.010756447145507839,25.0,0.0,0.0,1.59250000125,,0,0,0,0,0,0,0,0,1,0
1121286,1178,144571,30-34,M,66,10991,0,0.0,1,0,0.0,,,0.0,,,1,0,0,0,0,0,0,0,1,0
1121287,1178,144571,30-34,M,66,344618,51,89.76000047,3,1,0.014798994829057102,5.88235294117647,1.9607843137254901,33.33333333333333,1.7600000092156862,89.76000047,0,0,0,0,0,0,0,0,0,0
1121289,1178,144572,35-39,M,10,98066,9,16.1500001,1,0,0.009177492708991904,11.11111111111111,0.0,0.0,1.7944444555555554,,0,0,0,0,0,0,0,0,1,0
1121290,1178,144572,35-39,M,10,770749,100,189.1299984,13,3,0.01297439244163794,13.0,3.0,23.076923076923077,1.891299984,63.0433328,0,0,0,1,1,1,1,1,0,0
1121291,1178,144572,35-39,M,10,52553,5,8.529999852,1,0,0.009514204707628489,20.0,0.0,0.0,1.7059999704,,0,0,0,0,0,0,0,0,1,0
1121292,1178,144572,35-39,M,10,362296,39,67.77000129,7,3,0.01076467860533928,17.94871794871795,7.6923076923076925,42.857142857142854,1.7376923407692306,22.59000043,0,0,0,0,0,0,1,1,0,0
1121293,1178,144572,35-39,M,10,427729,50,96.8999989,4,1,0.011689644611424523,8.0,2.0,25.0,1.937999978,96.8999989,0,0,0,0,0,0,0,0,0,0
1121296,1178,144573,35-39,M,15,180351,21,37.13000011,1,1,0.011643960942828152,4.761904761904762,4.761904761904762,100.0,1.7680952433333332,37.13000011,0,0,0,0,0,0,0,0,0,0
1121297,1178,144573,35-39,M,15,187329,29,53.15999961,2,1,0.015480785142716825,6.896551724137931,3.4482758620689653,50.0,1.8331034348275863,53.15999961,0,0,0,0,0,0,0,0,0,0
1121300,1178,144573,35-39,M,15,782894,118,192.9299995,5,2,0.015072283093241231,4.23728813559322,1.694915254237288,40.0,1.634999995762712,96.46499975,0,0,0,1,1,1,0,0,0,0
1121302,1178,144574,35-39,M,16,1206533,128,236.1199988,17,6,0.010608909992515746,13.28125,4.6875,35.294117647058826,1.844687490625,39.35333313333333,0,0,0,1,1,1,1,1,0,0
1121303,1178,144574,35-39,M,16,84494,7,12.57000017,2,0,0.008284611925107108,28.57142857142857,0.0,0.0,1.79571431,,0,0,0,0,0,0,0,0,1,0
1121304,1178,144574,35-39,M,16,94257,7,12.5800004,1,1,0.007426504132319085,14.285714285714285,14.285714285714285,100.0,1.7971429142857143,12.5800004,0,0,0,0,0,0,0,0,0,0
1121309,1178,144575,35-39,M,18,131060,16,28.04999959,2,1,0.01220814893941706,12.5,6.25,50.0,1.753124974375,28.04999959,0,0,0,0,0,0,0,0,0,0
1121310,1178,144575,35-39,M,18,341603,50,83.48000121,4,2,0.01463687379794674,8.0,4.0,50.0,1.6696000242,41.740000605,0,0,0,0,0,0,0,0,0,0
1121311,1178,144575,35-39,M,18,140749,19,30.4799999,1,1,0.01349920780964696,5.263157894736842,5.263157894736842,100.0,1.6042105210526316,30.4799999,0,0,0,0,0,0,0,0,0,0
1121312,1178,144575,35-39,M,18,102525,13,20.29999983,2,1,0.012679834186783711,15.384615384615385,7.6923076923076925,50.0,1.5615384484615384,20.29999983,0,0,0,0,0,0,0,0,0,0
1121316,1178,144576,35-39,M,19,447952,68,131.5799983,8,1,0.015180197878344109,11.76470588235294,1.4705882352941175,12.5,1.934999975,131.5799983,0,0,0,0,0,0,1,0,0,0
1121317,1178,144576,35-39,M,19,76355,9,14.62999988,2,0,0.011787047344640167,22.22222222222222,0.0,0.0,1.625555542222222,,0,0,0,0,0,0,0,0,1,0
1121319,1178,144577,35-39,M,20,256598,38,64.46999931,6,1,0.014809156735438311,15.789473684210526,2.631578947368421,16.666666666666664,1.6965789292105264,64.46999931,0,0,0,0,0,0,0,0,0,0
1121321,1178,144577,35-39,M,20,127476,21,30.15000057,3,2,0.0164736891650193,14.285714285714285,9.523809523809524,66.66666666666666,1.4357143128571428,15.075000285,0,0,0,0,0,0,0,0,0,0
1121322,1178,144577,35-39,M,20,237603,37,62.25000024,5,2,0.015572193953780044,13.513513513513514,5.405405405405405,40.0,1.682432438918919,31.12500012,0,0,0,0,0,0,0,0,0,0
1121327,1178,144578,35-39,M,21,271091,42,78.03999984,3,1,0.015492952550988414,7.142857142857142,2.380952380952381,33.33333333333333,1.8580952342857142,78.03999984,0,0,0,0,0,0,0,0,0,0
1121330,1178,144578,35-39,M,21,21743,2,3.400000095,1,0,0.009198362691440923,50.0,0.0,0.0,1.7000000475,,0,0,0,0,0,0,0,0,1,0
1121333,1178,144579,35-39,M,22,88970,10,14.8300004,2,0,0.011239743733842868,20.0,0.0,0.0,1.4830000399999999,,0,0,0,0,0,0,0,0,1,0
1121334,1178,144579,35-39,M,22,108362,13,22.42999983,1,1,0.01199682545541795,7.6923076923076925,7.6923076923076925,100.0,1.7253846023076922,22.42999983,0,0,0,0,0,0,0,0,0,0
1121335,1178,144579,35-39,M,22,188596,27,44.14000034,3,0,0.014316316358777491,11.11111111111111,0.0,0.0,1.6348148274074075,,0,0,0,0,0,0,0,0,1,0
1121336,1178,144579,35-39,M,22,275080,43,69.65999997,4,3,0.01563181619892395,9.30232558139535,6.976744186046512,75.0,1.6199999993023255,23.21999999,0,0,0,0,0,0,0,1,0,0
1121337,1178,144580,35-39,M,23,64647,10,16.26999998,1,0,0.015468621900474887,10.0,0.0,0.0,1.626999998,,0,0,0,0,0,0,0,0,1,0
1121338,1178,144580,35-39,M,23,31265,4,5.789999902,1,0,0.012793858947705102,25.0,0.0,0.0,1.4474999755,,0,0,0,0,0,0,0,0,1,0
1121340,1178,144580,35-39,M,23,140147,24,42.08000016,2,0,0.017124876023032958,8.333333333333332,0.0,0.0,1.75333334,,0,0,0,0,0,0,0,0,1,0
1121341,1178,144580,35-39,M,23,223120,40,67.66999984,1,0,0.017927572606669058,2.5,0.0,0.0,1.691749996,,0,0,0,0,0,0,0,0,1,0
1121342,1178,144580,35-39,M,23,104869,18,34.07000089,1,0,0.017164271615062603,5.555555555555555,0.0,0.0,1.8927778272222224,,0,0,0,0,0,0,0,0,1,0
1121344,1178,144581,35-39,M,24,165177,23,41.71999967,4,1,0.013924456794832209,17.391304347826086,4.3478260869565215,25.0,1.8139130291304348,41.71999967,0,0,0,0,0,0,0,0,0,0
1121345,1178,144581,35-39,M,24,84194,11,19.56999981,1,0,0.013065064018813691,9.090909090909092,0.0,0.0,1.7790908918181818,,0,0,0,0,0,0,0,0,1,0
1121347,1178,144581,35-39,M,24,220581,31,57.37,1,1,0.014053794297786302,3.225806451612903,3.225806451612903,100.0,1.8506451612903225,57.37,0,0,0,0,0,0,0,0,0,0
1121350,1178,144582,35-39,M,25,75804,10,17.36999965,2,1,0.013191915993878952,20.0,10.0,50.0,1.736999965,17.36999965,0,0,0,0,0,0,0,0,0,0
1121352,1178,144582,35-39,M,25,368986,59,100.289999,0,0,0.01598976654940838,0.0,0.0,,1.6998304915254236,,0,0,0,0,0,0,0,0,1,0
1121353,1178,144582,35-39,M,25,28194,3,3.709999919,2,0,0.010640561821664184,66.66666666666666,0.0,0.0,1.2366666396666666,,0,0,0,0,0,0,0,0,1,0
1121355,1178,144583,35-39,M,26,99961,14,23.2099998,1,0,0.014005462130230791,7.142857142857142,0.0,0.0,1.6578571285714285,,0,0,0,0,0,0,0,0,1,0
1121359,1178,144583,35-39,M,26,7573,0,0.0,1,0,0.0,,,0.0,,,1,0,0,0,0,0,0,0,1,0
1121361,1178,144584,35-39,M,27,685781,103,177.8899992,10,1,0.015019372073592007,9.70873786407767,0.9708737864077669,10.0,1.7270873708737864,177.8899992,0,0,0,1,1,1,1,0,0,0
1121364,1178,144584,35-39,M,27,274222,43,66.7700001,2,1,0.01568072583527215,4.651162790697675,2.3255813953488373,50.0,1.5527907,66.7700001,0,0,0,0,0,0,0,0,0,0
1121365,1178,144584,35-39,M,27,110503,25,32.67999995,4,0,0.02262382016777825,16.0,0.0,0.0,1.3071999980000002,,0,0,0,0,0,0,0,0,1,0
1121367,1178,144585,35-39,M,28,1447755,233,420.5799983,11,8,0.016093883288263555,4.721030042918455,3.4334763948497855,72.72727272727273,1.805064370386266,52.5724997875,0,0,0,1,1,1,1,1,0,0
1121368,1178,144585,35-39,M,28,358987,52,87.55000067,1,0,0.014485204199594972,1.9230769230769231,0.0,0.0,1.6836538590384615,,0,0,0,0,0,0,0,0,1,0
1121369,1178,144585,35-39,M,28,826205,125,232.3700008,5,1,0.015129417033302872,4.0,0.8,20.0,1.8589600064,232.3700008,0,0,0,1,1,1,0,0,0,0
1121370,1178,144585,35-39,M,28,550954,84,150.1400012,3,0,0.0152462819037524,3.571428571428571,0.0,0.0,1.7873809666666667,,0,0,0,1,0,1,0,0,1,0
1121372,1178,144585,35-39,M,28,378350,55,96.48000073,4,0,0.01453680454605524,7.2727272727272725,0.0,0.0,1.7541818314545454,,0,0,0,0,0,0,0,0,1,0
1121373,1178,144586,35-39,M,29,492784,56,95.5100013,7,4,0.011364005324848209,12.5,7.142857142857142,57.14285714285714,1.7055357375,23.877500325,0,0,0,0,0,0,1,1,0,0
1121374,1178,144586,35-39,M,29,327158,43,72.3100003,6,2,0.013143496414576444,13.953488372093023,4.651162790697675,33.33333333333333,1.6816279139534884,36.15500015,0,0,0,0,0,0,0,0,0,0
1121375,1178,144586,35-39,M,29,9921,0,0.0,1,0,0.0,,,0.0,,,1,0,0,0,0,0,0,0,1,0
1121377,1178,144586,35-39,M,29,59390,5,9.209999919,5,3,0.008418925745074928,100.0,60.0,60.0,1.8419999837999999,3.069999973,0,0,0,0,0,0,0,1,0,0
1121378,1178,144586,35-39,M,29,1040330,147,254.2500038,13,2,0.014130131785106649,8.843537414965986,1.3605442176870748,15.384615384615385,1.729591862585034,127.1250019,0,0,0,1,1,1,1,0,0,0
1121379,1178,144587,35-39,M,30,49422,6,11.17000031,1,0,0.012140342357654486,16.666666666666664,0.0,0.0,1.8616667183333335,,0,0,0,0,0,0,0,0,1,0
1121380,1178,144587,35-39,M,30,131091,18,34.23000026,3,1,0.013730919742774102,16.666666666666664,5.555555555555555,33.33333333333333,1.901666681111111,34.23000026,0,0,0,0,0,0,0,0,0,0
1121381,1178,144587,35-39,M,30,95691,15,25.26000011,1,1,0.015675455371978557,6.666666666666667,6.666666666666667,100.0,1.6840000073333334,25.26000011,0,0,0,0,0,0,0,0,0,0
1121390,1178,144588,35-39,M,31,15513,1,1.289999962,1,0,0.00644620640752917,100.0,0.0,0.0,1.289999962,,0,0,0,0,0,0,0,0,1,0
1121391,1178,144589,35-39,M,32,382537,63,113.9900012,4,3,0.016468995156024124,6.349206349206349,4.761904761904762,75.0,1.8093650984126983,37.99666706666667,0,0,0,0,0,0,0,1,0,0
1121394,1178,144589,35-39,M,32,461356,64,121.0999982,6,3,0.013872150790279092,9.375,4.6875,50.0,1.892187471875,40.36666606666667,0,0,0,0,0,0,0,1,0,0
1121395,1178,144589,35-39,M,32,392541,53,98.70000017,3,2,0.013501774336948243,5.660377358490567,3.7735849056603774,66.66666666666666,1.8622641541509433,49.350000085,0,0,0,0,0,0,0,0,0,0
1121398,1178,144590,35-39,M,36,35088,5,8.800000072,1,1,0.014249886000911993,20.0,20.0,100.0,1.7600000143999999,8.800000072,0,0,0,0,0,0,0,0,0,0
1121400,1178,144590,35-39,M,36,53933,6,9.929999948,3,1,0.01112491424545269,50.0,16.666666666666664,33.33333333333333,1.6549999913333335,9.929999948,0,0,0,0,0,0,0,0,0,0
1121403,1178,144591,35-39,M,63,228861,33,53.38999939,4,2,0.01441923263465597,12.121212121212121,6.0606060606060606,50.0,1.6178787693939394,26.694999695,0,0,0,0,0,0,0,0,0,0
1121405,1178,144591,35-39,M,63,20959,2,3.769999981,1,1,0.009542440001908488,50.0,50.0,100.0,1.8849999905,3.769999981,0,0,0,0,0,0,0,0,0,0
1121410,1178,144592,35-39,M,64,24992,2,3.190000057,1,0,0.008002560819462228,50.0,0.0,0.0,1.5950000285,,0,0,0,0,0,0,0,0,1,0
1121411,1178,144592,35-39,M,64,100351,15,24.17999995,2,1,0.014947534155115546,13.333333333333334,6.666666666666667,50.0,1.6119999966666667,24.17999995,0,0,0,0,0,0,0,0,0,0
1121412,1178,144592,35-39,M,64,292448,43,76.89999968,2,1,0.014703468650837073,4.651162790697675,2.3255813953488373,50.0,1.7883720855813952,76.89999968,0,0,0,0,0,0,0,0,0,0
1121413,1178,144592,35-39,M,64,65060,7,14.5200001,1,1,0.010759299108515216,14.285714285714285,14.285714285714285,100.0,2.0742857285714287,14.5200001,0,0,0,0,0,0,0,0,0,0
1121414,1178,144592,35-39,M,64,133316,21,36.17000055,2,0,0.015752047766209608,9.523809523809524,0.0,0.0,1.7223809785714284,,0,0,0,0,0,0,0,0,1,0
1121415,1178,144593,35-39,M,65,113501,26,38.44000077,5,4,0.022907287160465546,19.230769230769234,15.384615384615385,80.0,1.478461568076923,9.6100001925,0,0,0,0,0,0,0,1,0,0
1121418,1178,144593,35-39,M,65,192810,41,61.92999995,4,3,0.02126445723769514,9.75609756097561,7.317073170731707,75.0,1.5104878036585367,20.643333316666666,0,0,0,0,0,0,0,1,0,0
1121421,1178,144594,35-39,M,2,233404,43,70.4100008,2,1,0.018422991893883568,4.651162790697675,2.3255813953488373,50.0,1.6374418790697676,70.4100008,0,0,0,0,0,0,0,0,0,0
1121422,1178,144594,35-39,M,2,128843,24,37.5999999,2,0,0.018627321623991992,8.333333333333332,0.0,0.0,1.5666666625,,0,0,0,0,0,0,0,0,1,0
1121423,1178,144594,35-39,M,2,63564,12,20.59000027,2,0,0.018878610534264678,16.666666666666664,0.0,0.0,1.7158333558333334,,0,0,0,0,0,0,0,0,1,0
1121425,1178,144594,35-39,M,2,85970,14,24.78000021,1,1,0.016284750494358496,7.142857142857142,7.142857142857142,100.0,1.7700000150000001,24.78000021,0,0,0,0,0,0,0,0,0,0
1121428,1178,144595,35-39,M,7,131232,16,29.53999937,1,1,0.0121921482565228,6.25,6.25,100.0,1.846249960625,29.53999937,0,0,0,0,0,0,0,0,0,0
1121429,1178,144595,35-39,M,7,152454,22,37.84999979,1,1,0.01443058233959096,4.545454545454546,4.545454545454546,100.0,1.7204545359090908,37.84999979,0,0,0,0,0,0,0,0,0,0
1121430,1178,144595,35-39,M,7,28989,2,2.290000021,1,0,0.006899168650177653,50.0,0.0,0.0,1.1450000105,,0,0,0,0,0,0,0,0,1,0
1121433,1178,144596,35-39,M,66,80248,15,24.1900003,1,1,0.018692054630645,6.666666666666667,6.666666666666667,100.0,1.6126666866666668,24.1900003,0,0,0,0,0,0,0,0,0,0
1121437,1178,144596,35-39,M,66,38580,5,8.519999981,1,0,0.012960082944530845,20.0,0.0,0.0,1.7039999961999999,,0,0,0,0,0,0,0,0,1,0
1121439,1178,144597,40-44,M,10,621591,91,163.36,5,1,0.014639851606603057,5.4945054945054945,1.098901098901099,20.0,1.7951648351648353,163.36,0,0,0,1,0,1,0,0,0,0
1121440,1178,144597,40-44,M,10,250499,36,58.14000005,3,1,0.014371314855548325,8.333333333333332,2.7777777777777777,33.33333333333333,1.6150000013888888,58.14000005,0,0,0,0,0,0,0,0,0,0
1121442,1178,144597,40-44,M,10,131637,18,29.30999982,2,1,0.01367396704573942,11.11111111111111,5.555555555555555,50.0,1.6283333233333335,29.30999982,0,0,0,0,0,0,0,0,0,0
1121443,1178,144597,40-44,M,10,463813,69,116.3399996,4,2,0.014876685215808958,5.797101449275362,2.898550724637681,50.0,1.6860869507246377,58.1699998,0,0,0,0,0,0,0,0,0,0
1121444,1178,144597,40-44,M,10,211767,35,60.89999914,5,1,0.01652759872879155,14.285714285714285,2.857142857142857,20.0,1.7399999754285713,60.89999914,0,0,0,0,0,0,0,0,0,0
1121446,1178,144598,40-44,M,15,163181,26,40.02000093,1,1,0.015933227520360825,3.8461538461538463,3.8461538461538463,100.0,1.539230805,40.02000093,0,0,0,0,0,0,0,0,0,0
1121451,1178,144599,40-44,M,16,1117385,147,260.0699984,11,2,0.013155716248204512,7.482993197278912,1.3605442176870748,18.181818181818183,1.769183662585034,130.0349992,0,0,0,1,1,1,1,0,0,0
1121452,1178,144599,40-44,M,16,1663441,205,359.4700001,17,6,0.012323851582352486,8.292682926829269,2.9268292682926833,35.294117647058826,1.7535121956097561,59.91166668333333,0,0,0,1,1,1,1,1,0,0
1121453,1178,144599,40-44,M,16,455248,54,105.7099996,5,2,0.011861666608090534,9.25925925925926,3.7037037037037033,40.0,1.9575925851851852,52.8549998,0,0,0,0,0,0,0,0,0,0
1121454,1178,144599,40-44,M,16,75589,6,10.66000009,1,1,0.00793766288745717,16.666666666666664,16.666666666666664,100.0,1.7766666816666667,10.66000009,0,0,0,0,0,0,0,0,0,0
1121455,1178,144599,40-44,M,16,594267,82,143.3000009,3,2,0.0137985114435094,3.6585365853658534,2.4390243902439024,66.66666666666666,1.7475609865853656,71.65000045,0,0,0,1,0,0,0,0,0,0
1121456,1178,144599,40-44,M,16,315281,35,65.02999854,1,0,0.011101208128621769,2.857142857142857,0.0,0.0,1.857999958285714,,0,0,0,0,0,0,0,0,1,0
1121464,1178,144601,40-44,M,19,363456,71,117.5599997,7,1,0.0195346892058461,9.859154929577464,1.4084507042253522,14.285714285714285,1.655774643661972,117.5599997,0,0,0,0,0,0,1,0,0,0
1121466,1178,144601,40-44,M,19,438983,81,143.4300001,3,1,0.018451739589004586,3.7037037037037033,1.2345679012345678,33.33333333333333,1.7707407419753087,143.4300001,0,0,0,0,0,0,0,0,0,0
1121467,1178,144601,40-44,M,19,42563,5,9.659999847,1,1,0.011747292249136574,20.0,20.0,100.0,1.9319999694,9.659999847,0,0,0,0,0,0,0,0,0,0
1121469,1178,144602,40-44,M,20,399035,75,124.7999995,7,3,0.018795343766837495,9.333333333333334,4.0,42.857142857142854,1.6639999933333334,41.599999833333335,0,0,0,0,0,0,1,1,0,0
1121471,1178,144602,40-44,M,20,304680,59,98.55000019,3,0,0.01936457923066824,5.084745762711865,0.0,0.0,1.6703389862711866,,0,0,0,0,0,0,0,0,1,0
1121472,1178,144602,40-44,M,20,140596,23,40.77000022,1,0,0.016358929130273977,4.3478260869565215,0.0,0.0,1.7726087052173913,,0,0,0,0,0,0,0,0,1,0
1121473,1178,144602,40-44,M,20,439986,80,134.8799999,4,3,0.018182396712622673,5.0,3.75,75.0,1.68599999875,44.959999966666665,0,0,0,0,0,0,0,1,0,0
1121474,1178,144602,40-44,M,20,75803,11,19.3599999,2,2,0.014511299025104547,18.181818181818183,18.181818181818183,100.0,1.7599999909090907,9.67999995,0,0,0,0,0,0,0,0,0,0
1121477,1178,144603,40-44,M,21,7073,0,0.0,1,0,0.0,,,0.0,,,1,0,0,0,0,0,0,0,1,0
1121481,1178,144604,40-44,M,22,153586,28,43.01000035,2,0,0.018230828330707226,7.142857142857142,0.0,0.0,1.5360714410714285,,0,0,0,0,0,0,0,0,1,0
1121482,1178,144604,40-44,M,22,180815,31,42.62999976,1,0,0.017144595304593092,3.225806451612903,0.0,0.0,1.375161282580645,,0,0,0,0,0,0,0,0,1,0
1121483,1178,144604,40-44,M,22,253169,51,75.78999984,1,0,0.020144646461454602,1.9607843137254901,0.0,0.0,1.486078428235294,,0,0,0,0,0,0,0,0,1,0
1121484,1178,144604,40-44,M,22,34453,5,7.710000038,1,1,0.014512524308478216,20.0,20.0,100.0,1.5420000076,7.710000038,0,0,0,0,0,0,0,0,0,0
1121487,1178,144605,40-44,M,23,51550,8,14.03999984,1,0,0.015518913676042675,12.5,0.0,0.0,1.75499998,,0,0,0,0,0,0,0,0,1,0
1121489,1178,144605,40-44,M,23,110018,24,39.85999966,1,0,0.02181461215437474,4.166666666666666,0.0,0.0,1.6608333191666667,,0,0,0,0,0,0,0,0,1,0
1121493,1178,144606,40-44,M,24,137584,21,36.77999961,1,0,0.015263402721246657,4.761904761904762,0.0,0.0,1.7514285528571427,,0,0,0,0,0,0,0,0,1,0
1121497,1178,144606,40-44,M,24,209825,30,54.86999953,1,0,0.01429762897652806,3.3333333333333335,0.0,0.0,1.8289999843333333,,0,0,0,0,0,0,0,0,1,0
1121499,1178,144607,40-44,M,25,264222,63,87.7899996,1,1,0.02384358607534573,1.5873015873015872,1.5873015873015872,100.0,1.393492057142857,87.7899996,0,0,0,0,0,0,0,0,0,0
1121510,1178,144608,40-44,M,26,31202,5,6.730000019,1,0,0.016024613806807256,20.0,0.0,0.0,1.3460000038,,0,0,0,0,0,0,0,0,1,0
1121511,1178,144609,40-44,M,27,252991,49,76.83999932,3,0,0.019368277922930065,6.122448979591836,0.0,0.0,1.5681632514285715,,0,0,0,0,0,0,0,0,1,0
1121514,1178,144609,40-44,M,27,56265,9,15.53999972,1,0,0.015995734470807786,11.11111111111111,0.0,0.0,1.7266666355555556,,0,0,0,0,0,0,0,0,1,0
1121523,1178,144611,40-44,M,29,76923,11,17.67000008,2,2,0.014300014300014301,18.181818181818183,18.181818181818183,100.0,1.6063636436363637,8.83500004,0,0,0,0,0,0,0,0,0,0
1121524,1178,144611,40-44,M,29,209332,30,49.60000014,3,1,0.014331301473257792,10.0,3.3333333333333335,33.33333333333333,1.653333338,49.60000014,0,0,0,0,0,0,0,0,0,0
1121525,1178,144611,40-44,M,29,214094,31,53.26999903,1,0,0.014479621101011706,3.225806451612903,0.0,0.0,1.718387065483871,,0,0,0,0,0,0,0,0,1,0
1121526,1178,144611,40-44,M,29,526209,85,126.9299996,3,2,0.016153277500004753,3.5294117647058822,2.3529411764705883,66.66666666666666,1.4932941129411765,63.4649998,0,0,0,0,0,0,0,0,0,0
1121527,1178,144611,40-44,M,29,741143,120,179.620001,4,1,0.01619120736484052,3.3333333333333335,0.8333333333333334,25.0,1.4968333416666666,179.620001,0,0,0,1,1,1,0,0,0,0
1121528,1178,144611,40-44,M,29,172827,25,38.42000043,2,0,0.01446533238440753,8.0,0.0,0.0,1.5368000172,,0,0,0,0,0,0,0,0,1,0
1121530,1178,144612,40-44,M,30,188873,38,58.5999999,1,1,0.02011933945031847,2.631578947368421,2.631578947368421,100.0,1.5421052605263157,58.5999999,0,0,0,0,0,0,0,0,0,0
1121532,1178,144612,40-44,M,30,123126,25,39.72999978,2,1,0.0203044036190569,8.0,4.0,50.0,1.5891999912,39.72999978,0,0,0,0,0,0,0,0,0,0
1121535,1178,144613,40-44,M,31,77794,14,19.11000001,1,1,0.017996246497159165,7.142857142857142,7.142857142857142,100.0,1.3650000007142857,19.11000001,0,0,0,0,0,0,0,0,0,0
1121541,1178,144614,40-44,M,32,56630,9,15.81000018,1,1,0.015892636411795866,11.11111111111111,11.11111111111111,100.0,1.7566666866666667,15.81000018,0,0,0,0,0,0,0,0,0,0
1121544,1178,144614,40-44,M,32,400844,85,140.9700022,4,2,0.02120525690792428,4.705882352941177,2.3529411764705883,50.0,1.6584706141176473,70.4850011,0,0,0,0,0,0,0,0,0,0
1121545,1178,144614,40-44,M,32,208572,36,60.76000023,2,1,0.017260226684310456,5.555555555555555,2.7777777777777777,50.0,1.6877777841666668,60.76000023,0,0,0,0,0,0,0,0,0,0
1121548,1178,144615,40-44,M,36,59004,8,13.51000011,1,0,0.013558402820147787,12.5,0.0,0.0,1.68875001375,,0,0,0,0,0,0,0,0,1,0
1121551,1178,144615,40-44,M,36,196253,32,55.10000002,1,0,0.01630548322828186,3.125,0.0,0.0,1.721875000625,,0,0,0,0,0,0,0,0,1,0
1121554,1178,144616,40-44,M,63,51858,8,12.63000011,1,1,0.01542674225770373,12.5,12.5,100.0,1.57875001375,12.63000011,0,0,0,0,0,0,0,0,0,0
1121557,1178,144616,40-44,M,63,280764,49,81.36000025,2,1,0.01745237993474947,4.081632653061225,2.0408163265306123,50.0,1.6604081683673468,81.36000025,0,0,0,0,0,0,0,0,0,0
1121561,1178,144617,40-44,M,64,63660,11,16.47000003,1,1,0.017279296261388626,9.090909090909092,9.090909090909092,100.0,1.4972727300000002,16.47000003,0,0,0,0,0,0,0,0,0,0
1121562,1178,144617,40-44,M,64,109289,19,31.02999997,1,0,0.017385098225804977,5.263157894736842,0.0,0.0,1.6331578931578947,,0,0,0,0,0,0,0,0,1,0
1121568,1178,144618,40-44,M,65,188440,40,60.72999966,2,1,0.021226915729144556,5.0,2.5,50.0,1.5182499914999998,60.72999966,0,0,0,0,0,0,0,0,0,0
1121571,1178,144619,40-44,M,2,212496,44,74.83000135,2,1,0.0207062721180634,4.545454545454546,2.272727272727273,50.0,1.7006818488636364,74.83000135,0,0,0,0,0,0,0,0,0,0
1121572,1178,144619,40-44,M,2,32574,5,7.480000019,1,0,0.015349665377294775,20.0,0.0,0.0,1.4960000038,,0,0,0,0,0,0,0,0,1,0
1121575,1178,144619,40-44,M,2,128595,23,36.4800005,1,1,0.01788560986041448,4.3478260869565215,4.3478260869565215,100.0,1.5860869782608698,36.4800005,0,0,0,0,0,0,0,0,0,0
1121577,1178,144620,40-44,M,7,242234,48,68.06000054,2,0,0.01981555025306109,4.166666666666666,0.0,0.0,1.4179166779166668,,0,0,0,0,0,0,0,0,1,0
1121584,1178,144621,40-44,M,66,33154,5,7.879999995,1,1,0.015081136514447728,20.0,20.0,100.0,1.575999999,7.879999995,0,0,0,0,0,0,0,0,0,0
1121585,1178,144621,40-44,M,66,9773,1,1.460000038,1,0,0.010232272587741738,100.0,0.0,0.0,1.460000038,,0,0,0,0,0,0,0,0,1,0
1121589,1178,144622,45-49,M,10,464036,77,123.5500004,3,1,0.016593540156367177,3.896103896103896,1.2987012987012987,33.33333333333333,1.6045454597402597,123.5500004,0,0,0,0,0,0,0,0,0,0
1121590,1178,144622,45-49,M,10,478480,75,135.7500012,3,1,0.015674636348436716,4.0,1.3333333333333335,33.33333333333333,1.8100000160000003,135.7500012,0,0,0,0,0,0,0,0,0,0
1121592,1178,144622,45-49,M,10,428812,66,116.8800001,4,2,0.015391360316409055,6.0606060606060606,3.0303030303030303,50.0,1.7709090924242425,58.44000005,0,0,0,0,0,0,0,0,0,0
1121593,1178,144622,45-49,M,10,1177535,221,365.6600009,15,3,0.018768019634235925,6.787330316742081,1.3574660633484164,20.0,1.6545701398190045,121.88666696666667,0,0,0,1,1,1,1,1,0,0
1121594,1178,144622,45-49,M,10,426500,72,128.2799988,4,1,0.016881594372801876,5.555555555555555,1.3888888888888888,25.0,1.7816666499999998,128.2799988,0,0,0,0,0,0,0,0,0,0
1121597,1178,144623,45-49,M,15,54237,7,10.77999985,2,1,0.012906318564817377,28.57142857142857,14.285714285714285,50.0,1.5399999785714285,10.77999985,0,0,0,0,0,0,0,0,0,0
1121598,1178,144623,45-49,M,15,506916,89,133.6999986,2,2,0.01755714950800527,2.247191011235955,2.247191011235955,100.0,1.5022471752808988,66.8499993,0,0,0,0,0,0,0,0,0,0
1121599,1178,144623,45-49,M,15,250960,42,64.87999952,2,0,0.01673573477845075,4.761904761904762,0.0,0.0,1.5447618933333334,,0,0,0,0,0,0,0,0,1,0
1121601,1178,144624,45-49,M,16,2286228,353,603.380002,16,7,0.015440279797115599,4.53257790368272,1.9830028328611897,43.75,1.7092917903682718,86.19714314285714,0,0,0,1,1,1,1,1,0,0
1121602,1178,144624,45-49,M,16,915451,125,220.559999,6,1,0.013654471948799008,4.8,0.8,16.666666666666664,1.764479992,220.559999,0,0,0,1,1,1,0,0,0,0
1121603,1178,144624,45-49,M,16,159478,20,33.89999998,3,1,0.01254091473432072,15.0,5.0,33.33333333333333,1.6949999989999998,33.89999998,0,0,0,0,0,0,0,0,0,0
1121605,1178,144624,45-49,M,16,1228924,190,318.9700032,6,3,0.015460679423625872,3.1578947368421053,1.5789473684210527,50.0,1.6787894905263159,106.32333440000001,0,0,0,1,1,1,0,1,0,0
1121606,1178,144624,45-49,M,16,938283,134,248.6400001,7,2,0.014281405503456846,5.223880597014925,1.4925373134328357,28.57142857142857,1.8555223888059702,124.32000005,0,0,0,1,1,1,1,0,0,0
1121607,1178,144625,45-49,M,18,154572,26,40.93000007,1,1,0.016820640219444658,3.8461538461538463,3.8461538461538463,100.0,1.5742307719230768,40.93000007,0,0,0,0,0,0,0,0,0,0
1121609,1178,144625,45-49,M,18,378171,70,109.2500008,1,0,0.018510144881548295,1.4285714285714286,0.0,0.0,1.5607142971428571,,0,0,0,0,0,0,0,0,1,0
1121612,1178,144625,45-49,M,18,468749,84,134.1199975,6,1,0.01792003822941489,7.142857142857142,1.1904761904761905,16.666666666666664,1.596666636904762,134.1199975,0,0,0,0,0,0,0,0,0,0
1121613,1178,144626,45-49,M,19,309823,60,103.3899996,4,4,0.019365896011593716,6.666666666666667,6.666666666666667,100.0,1.72316666,25.8474999,0,0,0,0,0,0,0,1,0,0
1121615,1178,144626,45-49,M,19,327227,65,116.5599996,5,0,0.0198638865374801,7.6923076923076925,0.0,0.0,1.793230763076923,,0,0,0,0,0,0,0,0,1,0
1121616,1178,144626,45-49,M,19,334945,72,120.2999994,2,1,0.021496066518383615,2.7777777777777777,1.3888888888888888,50.0,1.670833325,120.2999994,0,0,0,0,0,0,0,0,0,0
1121617,1178,144626,45-49,M,19,68859,15,25.45999968,1,0,0.02178364483945454,6.666666666666667,0.0,0.0,1.697333312,,0,0,0,0,0,0,0,0,1,0
1121619,1178,144627,45-49,M,20,127125,20,35.67999983,2,0,0.015732546705998034,10.0,0.0,0.0,1.7839999915,,0,0,0,0,0,0,0,0,1,0
1121620,1178,144627,45-49,M,20,415798,80,131.7800006,3,1,0.01924011178504947,3.75,1.25,33.33333333333333,1.6472500074999998,131.7800006,0,0,0,0,0,0,0,0,0,0
1121622,1178,144627,45-49,M,20,107671,20,29.91000021,1,1,0.018575103788392416,5.0,5.0,100.0,1.4955000105,29.91000021,0,0,0,0,0,0,0,0,0,0
1121623,1178,144627,45-49,M,20,164356,28,46.7900002,2,1,0.017036189734478815,7.142857142857142,3.571428571428571,50.0,1.6710714357142857,46.7900002,0,0,0,0,0,0,0,0,0,0
1121624,1178,144627,45-49,M,20,17662,2,3.189999938,1,0,0.011323745895142113,50.0,0.0,0.0,1.594999969,,0,0,0,0,0,0,0,0,1,0
1121627,1178,144628,45-49,M,21,65339,10,16.67999983,2,0,0.01530479499227108,20.0,0.0,0.0,1.667999983,,0,0,0,0,0,0,0,0,1,0
1121628,1178,144628,45-49,M,21,59838,7,11.11000013,1,0,0.011698251946923359,14.285714285714285,0.0,0.0,1.5871428757142856,,0,0,0,0,0,0,0,0,1,0
1121629,1178,144628,45-49,M,21,381577,81,127.5699993,2,0,0.021227694541337657,2.4691358024691357,0.0,0.0,1.5749382629629631,,0,0,0,0,0,0,0,0,1,0
1121635,1178,144629,45-49,M,22,45491,8,11.00999999,1,0,0.017585896111318722,12.5,0.0,0.0,1.37624999875,,0,0,0,0,0,0,0,0,1,0
1121638,1178,144630,45-49,M,23,18946,2,3.599999905,1,0,0.010556317956296843,50.0,0.0,0.0,1.7999999525,,0,0,0,0,0,0,0,0,1,0
1121641,1178,144630,45-49,M,23,114370,18,33.65999997,1,0,0.01573839293521028,5.555555555555555,0.0,0.0,1.8699999983333333,,0,0,0,0,0,0,0,0,1,0
1121642,1178,144630,45-49,M,23,99698,21,33.3499999,1,0,0.021063612108567876,4.761904761904762,0.0,0.0,1.5880952333333334,,0,0,0,0,0,0,0,0,1,0
1121644,1178,144631,45-49,M,24,355165,81,128.6099997,4,3,0.022806301296580463,4.938271604938271,3.7037037037037033,75.0,1.5877777740740742,42.8699999,0,0,0,0,0,0,0,1,0,0
1121650,1178,144632,45-49,M,25,101431,23,33.93000031,1,1,0.022675513403200207,4.3478260869565215,4.3478260869565215,100.0,1.4752174047826085,33.93000031,0,0,0,0,0,0,0,0,0,0
1121652,1178,144632,45-49,M,25,123151,24,36.4400003,2,1,0.0194882704971945,8.333333333333332,4.166666666666666,50.0,1.5183333458333335,36.4400003,0,0,0,0,0,0,0,0,0,0
1121660,1178,144633,45-49,M,26,24078,4,5.769999981,1,0,0.016612675471384668,25.0,0.0,0.0,1.44249999525,,0,0,0,0,0,0,0,0,1,0
1121661,1178,144634,45-49,M,27,517801,105,181.7200011,3,0,0.020278060490420066,2.857142857142857,0.0,0.0,1.7306666771428572,,0,0,0,0,1,1,0,0,1,0
1121662,1178,144634,45-49,M,27,145104,25,41.42000008,2,1,0.017229021942882346,8.0,4.0,50.0,1.6568000032,41.42000008,0,0,0,0,0,0,0,0,0,0
1121664,1178,144634,45-49,M,27,179950,35,58.67999971,1,0,0.019449847179772158,2.857142857142857,0.0,0.0,1.6765714202857143,,0,0,0,0,0,0,0,0,1,0
1121665,1178,144634,45-49,M,27,258531,46,80.33999979,2,0,0.01779283722261547,4.3478260869565215,0.0,0.0,1.7465217345652173,,0,0,0,0,0,0,0,0,1,0
1121666,1178,144634,45-49,M,27,272500,62,104.4599996,3,0,0.022752293577981652,4.838709677419355,0.0,0.0,1.6848387032258065,,0,0,0,0,0,0,0,0,1,0
1121667,1178,144635,45-49,M,28,273197,57,87.7300005,3,0,0.02086406512516609,5.263157894736842,0.0,0.0,1.5391228157894736,,0,0,0,0,0,0,0,0,1,0
1121668,1178,144635,45-49,M,28,775904,172,253.990002,4,2,0.02216769084835237,2.3255813953488373,1.1627906976744187,50.0,1.476686058139535,126.995001,0,0,0,1,1,1,0,0,0,0
1121669,1178,144635,45-49,M,28,120251,26,39.44000006,1,0,0.021621441817531666,3.8461538461538463,0.0,0.0,1.5169230792307693,,0,0,0,0,0,0,0,0,1,0
1121671,1178,144635,45-49,M,28,139406,24,39.04999948,1,0,0.017215901754587322,4.166666666666666,0.0,0.0,1.6270833116666665,,0,0,0,0,0,0,0,0,1,0
1121672,1178,144635,45-49,M,28,60314,11,16.93999958,2,1,0.018237888384123088,18.181818181818183,9.090909090909092,50.0,1.5399999618181817,16.93999958,0,0,0,0,0,0,0,0,0,0
1121673,1178,144636,45-49,M,29,563074,86,142.7099985,4,2,0.015273303331356092,4.651162790697675,2.3255813953488373,50.0,1.6594185872093024,71.35499925,0,0,0,1,0,0,0,0,0,0
1121674,1178,144636,45-49,M,29,168655,18,27.29999983,2,0,0.010672674987400314,11.11111111111111,0.0,0.0,1.5166666572222223,,0,0,0,0,0,0,0,0,1,0
1121675,1178,144636,45-49,M,29,111963,17,29.3799994,2,1,0.015183587435134822,11.76470588235294,5.88235294117647,50.0,1.7282352588235295,29.3799994,0,0,0,0,0,0,0,0,0,0
1121676,1178,144636,45-49,M,29,1026304,168,277.5799986,17,8,0.016369418807682716,10.119047619047619,4.761904761904762,47.05882352941176,1.6522618964285716,34.697499825,0,0,0,1,1,1,1,1,0,0
1121677,1178,144636,45-49,M,29,1391924,258,422.8400038,17,10,0.018535494754023926,6.5891472868217065,3.875968992248062,58.82352941176471,1.6389147434108526,42.284000379999995,0,0,0,1,1,1,1,1,0,0
1121678,1178,144636,45-49,M,29,147551,22,38.50000083,1,0,0.014910098881064853,4.545454545454546,0.0,0.0,1.7500000377272726,,0,0,0,0,0,0,0,0,1,0
1121685,1178,144638,45-49,M,31,66794,9,17.3299998,1,1,0.013474264155463066,11.11111111111111,11.11111111111111,100.0,1.9255555333333332,17.3299998,0,0,0,0,0,0,0,0,0,0
1121687,1178,144638,45-49,M,31,118882,19,32.30999994,2,1,0.015982234484614995,10.526315789473683,5.263157894736842,50.0,1.7005263126315788,32.30999994,0,0,0,0,0,0,0,0,0,0
1121689,1178,144638,45-49,M,31,148010,24,41.96999943,1,0,0.016215120599959464,4.166666666666666,0.0,0.0,1.74874997625,,0,0,0,0,0,0,0,0,1,0
1121691,1178,144639,45-49,M,32,932890,197,352.4499989,3,1,0.021117173514562274,1.5228426395939088,0.5076142131979695,33.33333333333333,1.7890862888324874,352.4499989,0,0,0,1,1,1,0,0,0,0
1121692,1178,144639,45-49,M,32,718359,147,264.5899997,4,1,0.020463305951481086,2.7210884353741496,0.6802721088435374,25.0,1.7999319707482995,264.5899997,0,0,0,1,1,1,0,0,0,0
1121693,1178,144639,45-49,M,32,433658,82,158.5999998,5,2,0.018908909786052603,6.097560975609756,2.4390243902439024,40.0,1.9341463390243903,79.2999999,0,0,0,0,0,1,0,0,0,0
1121695,1178,144639,45-49,M,32,29455,3,4.769999981,1,0,0.010185028008827025,33.33333333333333,0.0,0.0,1.5899999936666667,,0,0,0,0,0,0,0,0,1,0
1121701,1178,144640,45-49,M,36,23973,3,4.820000052,1,1,0.012514078338130395,33.33333333333333,33.33333333333333,100.0,1.6066666840000001,4.820000052,0,0,0,0,0,0,0,0,0,0
1121705,1178,144641,45-49,M,63,126480,25,37.25999999,1,1,0.019765970904490827,4.0,4.0,100.0,1.4903999996,37.25999999,0,0,0,0,0,0,0,0,0,0
1121706,1178,144641,45-49,M,63,138959,28,39.5200007,1,0,0.020149828366640518,3.571428571428571,0.0,0.0,1.4114285964285713,,0,0,0,0,0,0,0,0,1,0
1121708,1178,144641,45-49,M,63,68829,12,19.47999978,1,0,0.017434511615743366,8.333333333333332,0.0,0.0,1.623333315,,0,0,0,0,0,0,0,0,1,0
1121711,1178,144642,45-49,M,64,49916,10,16.38,1,1,0.020033656542992228,10.0,10.0,100.0,1.638,16.38,0,0,0,0,0,0,0,0,0,0
1121716,1178,144643,45-49,M,65,76014,16,22.67000031,1,1,0.021048754176862156,6.25,6.25,100.0,1.416875019375,22.67000031,0,0,0,0,0,0,0,0,0,0
1121723,1178,144644,45-49,M,2,50947,10,15.99000025,1,0,0.019628241113313835,10.0,0.0,0.0,1.599000025,,0,0,0,0,0,0,0,0,1,0
1121733,1178,144646,45-49,M,66,55536,11,17.04999995,1,0,0.019806972054163065,9.090909090909092,0.0,0.0,1.5499999954545454,,0,0,0,0,0,0,0,0,1,0
1121741,1178,144647,30-34,F,10,318042,46,64.40999997,8,4,0.014463498531640476,17.391304347826086,8.695652173913043,50.0,1.400217390652174,16.1024999925,0,0,0,0,0,0,1,1,0,0
1121742,1178,144647,30-34,F,10,213016,30,44.21999955,8,2,0.01408344913058174,26.666666666666668,6.666666666666667,25.0,1.4739999849999998,22.109999775,0,0,0,0,0,0,1,0,0,0
1121745,1178,144648,30-34,F,15,182265,27,38.18000007,2,1,0.014813595588840425,7.4074074074074066,3.7037037037037033,50.0,1.4140740766666666,38.18000007,0,0,0,0,0,0,0,0,0,0
1121746,1178,144648,30-34,F,15,1117371,177,268.050002,26,5,0.015840754771691768,14.689265536723164,2.824858757062147,19.230769230769234,1.514406790960452,53.610000400000004,0,0,0,1,1,1,1,1,0,0
1121749,1178,144648,30-34,F,15,333345,52,77.59000027,5,1,0.015599454019109331,9.615384615384617,1.9230769230769231,20.0,1.4921153898076924,77.59000027,0,0,0,0,0,0,0,0,0,0
1121751,1178,144649,30-34,F,16,275930,30,46.77999997,5,2,0.010872322690537456,16.666666666666664,6.666666666666667,40.0,1.5593333323333334,23.389999985,0,0,0,0,0,0,0,0,0,0
1121753,1178,144649,30-34,F,16,740631,101,153.1199975,9,1,0.013637020324561084,8.91089108910891,0.9900990099009901,11.11111111111111,1.5160395792079209,153.1199975,0,0,0,1,1,1,1,0,0,0
1121754,1178,144649,30-34,F,16,328272,35,55.99000025,2,1,0.010661890139883999,5.714285714285714,2.857142857142857,50.0,1.5997142928571428,55.99000025,0,0,0,0,0,0,0,0,0,0
1121755,1178,144649,30-34,F,16,178455,20,31.5400002,6,3,0.011207307164271105,30.0,15.0,50.0,1.5770000100000001,10.5133334,0,0,0,0,0,0,0,1,0,0
1121756,1178,144649,30-34,F,16,705712,98,147.339999,6,1,0.013886684653229646,6.122448979591836,1.0204081632653061,16.666666666666664,1.5034693775510204,147.339999,0,0,0,1,1,0,0,0,0,0
1121758,1178,144650,30-34,F,18,690373,91,159.5700021,5,2,0.01318128026443676,5.4945054945054945,2.197802197802198,40.0,1.7535165065934066,79.78500105,0,0,0,1,0,1,0,0,0,0
1121759,1178,144650,30-34,F,18,515812,69,117.6299995,3,1,0.013376966801858042,4.3478260869565215,1.4492753623188406,33.33333333333333,1.7047826014492753,117.6299995,0,0,0,0,0,0,0,0,0,0
1121760,1178,144650,30-34,F,18,764793,101,171.9799976,4,2,0.013206187818141642,3.9603960396039604,1.9801980198019802,50.0,1.7027722534653464,85.9899988,0,0,0,1,1,1,0,0,0,0
1121763,1178,144651,30-34,F,19,87832,11,18.10000038,1,1,0.012523909281355314,9.090909090909092,9.090909090909092,100.0,1.64545458,18.10000038,0,0,0,0,0,0,0,0,0,0
1121764,1178,144651,30-34,F,19,23368,3,4.300000191,1,0,0.01283806915439918,33.33333333333333,0.0,0.0,1.433333397,,0,0,0,0,0,0,0,0,1,0
1121765,1178,144651,30-34,F,19,51509,7,11.57000005,1,0,0.013589858083053446,14.285714285714285,0.0,0.0,1.6528571500000002,,0,0,0,0,0,0,0,0,1,0
1121767,1178,144651,30-34,F,19,87043,16,24.48000002,2,0,0.018381719380076513,12.5,0.0,0.0,1.53000000125,,0,0,0,0,0,0,0,0,1,0
1121768,1178,144651,30-34,F,19,565565,113,169.6699982,7,4,0.01998001998001998,6.1946902654867255,3.5398230088495577,57.14285714285714,1.5015044088495575,42.41749955,0,0,0,1,1,1,1,1,0,0
1121769,1178,144652,30-34,F,20,253758,43,62.14000034,4,1,0.016945278572498206,9.30232558139535,2.3255813953488373,25.0,1.4451162869767442,62.14000034,0,0,0,0,0,0,0,0,0,0
1121773,1178,144652,30-34,F,20,319131,51,76.68000025,6,1,0.01598089812647471,11.76470588235294,1.9607843137254901,16.666666666666664,1.5035294166666668,76.68000025,0,0,0,0,0,0,0,0,0,0
1121774,1178,144652,30-34,F,20,670608,130,195.1499978,11,3,0.019385393553312813,8.461538461538462,2.307692307692308,27.27272727272727,1.5011538292307691,65.04999926666666,0,0,0,1,1,1,1,1,0,0
1121775,1178,144653,30-34,F,21,159123,25,38.36000013,5,3,0.015711116557631518,20.0,12.0,60.0,1.5344000052000002,12.78666671,0,0,0,0,0,0,0,1,0,0
1121776,1178,144653,30-34,F,21,103709,15,24.56999969,3,1,0.014463547040276158,20.0,6.666666666666667,33.33333333333333,1.6379999793333333,24.56999969,0,0,0,0,0,0,0,0,0,0
1121779,1178,144653,30-34,F,21,271589,45,74.41000032,9,3,0.01656915412627168,20.0,6.666666666666667,33.33333333333333,1.6535555626666665,24.80333344,0,0,0,0,0,0,1,1,0,0
1121780,1178,144653,30-34,F,21,119772,20,33.46999907,5,2,0.016698393614534283,25.0,10.0,40.0,1.6734999535,16.734999535,0,0,0,0,0,0,0,0,0,0
1121782,1178,144654,30-34,F,22,26340,3,4.220000029,1,1,0.011389521640091117,33.33333333333333,33.33333333333333,100.0,1.4066666763333335,4.220000029,0,0,0,0,0,0,0,0,0,0
1121783,1178,144654,30-34,F,22,594968,111,147.6700006,4,0,0.018656465557811513,3.6036036036036037,0.0,0.0,1.3303603657657659,,0,0,0,1,1,0,0,0,1,0
1121791,1178,144655,30-34,F,23,6838,0,0.0,1,0,0.0,,,0.0,,,1,0,0,0,0,0,0,0,1,0
1121793,1178,144656,30-34,F,24,185665,39,62.14000058,1,0,0.021005574556324565,2.564102564102564,0.0,0.0,1.5933333482051282,,0,0,0,0,0,0,0,0,1,0
1121795,1178,144656,30-34,F,24,24959,3,4.560000062,1,1,0.012019712328218277,33.33333333333333,33.33333333333333,100.0,1.5200000206666668,4.560000062,0,0,0,0,0,0,0,0,0,0
1121796,1178,144656,30-34,F,24,136967,23,35.05999982,3,1,0.016792366044375652,13.043478260869565,4.3478260869565215,33.33333333333333,1.5243478182608696,35.05999982,0,0,0,0,0,0,0,0,0,0
1121798,1178,144656,30-34,F,24,107548,19,29.31000018,1,0,0.017666530293450364,5.263157894736842,0.0,0.0,1.5426315884210526,,0,0,0,0,0,0,0,0,1,0
1121803,1178,144657,30-34,F,25,588617,119,169.9199973,2,0,0.020216881265746656,1.680672268907563,0.0,0.0,1.42789913697479,,0,0,0,1,1,1,0,0,1,0
1121806,1178,144658,30-34,F,26,190560,26,41.63,3,1,0.01364399664147775,11.538461538461538,3.8461538461538463,33.33333333333333,1.6011538461538461,41.63,0,0,0,0,0,0,0,0,0,0
1121807,1178,144658,30-34,F,26,373110,49,75.70000076,4,2,0.013132856262228296,8.16326530612245,4.081632653061225,50.0,1.5448979746938774,37.85000038,0,0,0,0,0,0,0,0,0,0
1121812,1178,144659,30-34,F,27,935646,170,256.4699982,19,6,0.018169264871543297,11.176470588235295,3.5294117647058822,31.57894736842105,1.5086470482352943,42.7449997,0,0,0,1,1,1,1,1,0,0
1121814,1178,144659,30-34,F,27,2223278,421,612.3000032,38,13,0.0189360035047349,9.026128266033254,3.0878859857482186,34.21052631578947,1.4543943068883611,47.10000024615385,0,0,0,1,1,1,1,1,0,0
1121815,1178,144659,30-34,F,27,240497,36,51.84000087,1,0,0.014969001692328803,2.7777777777777777,0.0,0.0,1.4400000241666666,,0,0,0,0,0,0,0,0,1,0
1121816,1178,144659,30-34,F,27,259984,37,54.7900002,5,0,0.014231645024309188,13.513513513513514,0.0,0.0,1.4808108162162164,,0,0,0,0,0,0,0,0,1,0
1121817,1178,144660,30-34,F,28,606786,127,179.050001,11,3,0.020929948944108795,8.661417322834646,2.3622047244094486,27.27272727272727,1.4098425275590551,59.68333366666667,0,0,0,1,1,1,1,1,0,0
1121818,1178,144660,30-34,F,28,83270,13,17.74000001,1,0,0.015611865017413235,7.6923076923076925,0.0,0.0,1.3646153853846152,,0,0,0,0,0,0,0,0,1,0
1121819,1178,144660,30-34,F,28,1189509,268,375.7199963,7,3,0.02253030452060472,2.6119402985074625,1.1194029850746268,42.857142857142854,1.4019402847014926,125.23999876666666,0,0,0,1,1,1,1,1,0,0
1121820,1178,144660,30-34,F,28,11471,1,1.570000052,0,0,0.00871763577717723,0.0,0.0,,1.570000052,,0,0,0,0,0,0,0,0,1,0
1121824,1178,144661,30-34,F,29,1705246,295,429.4799981,23,10,0.017299556779491056,7.796610169491526,3.389830508474576,43.47826086956522,1.4558644003389831,42.94799981,0,0,0,1,1,1,1,1,0,0
1121826,1178,144661,30-34,F,29,418016,63,95.8500005,3,1,0.01507119344714078,4.761904761904762,1.5873015873015872,33.33333333333333,1.5214285793650792,95.8500005,0,0,0,0,0,0,0,0,0,0
1121827,1178,144661,30-34,F,29,30155,3,3.819999933,1,0,0.00994859890565412,33.33333333333333,0.0,0.0,1.273333311,,0,0,0,0,0,0,0,0,1,0
1121828,1178,144661,30-34,F,29,990404,153,226.5399992,12,6,0.015448241323742635,7.8431372549019605,3.9215686274509802,50.0,1.4806535895424837,37.75666653333334,0,0,0,1,1,1,1,1,0,0
1121829,1178,144662,30-34,F,30,187468,34,50.72000062,2,1,0.01813642861715066,5.88235294117647,2.941176470588235,50.0,1.491764724117647,50.72000062,0,0,0,0,0,0,0,0,0,0
1121832,1178,144662,30-34,F,30,208301,33,54.57000089,1,0,0.01584245874959794,3.0303030303030303,0.0,0.0,1.6536363906060607,,0,0,0,0,0,0,0,0,1,0
1121833,1178,144662,30-34,F,30,101856,16,25.22000039,4,1,0.015708451146716932,25.0,6.25,25.0,1.576250024375,25.22000039,0,0,0,0,0,0,0,0,0,0
1121835,1178,144663,30-34,F,31,48935,7,9.970000267,1,1,0.014304689894758353,14.285714285714285,14.285714285714285,100.0,1.4242857524285715,9.970000267,0,0,0,0,0,0,0,0,0,0
1121839,1178,144663,30-34,F,31,13911,1,1.730000019,1,1,0.007188555819135935,100.0,100.0,100.0,1.730000019,1.730000019,0,0,0,0,0,0,0,0,0,0
1121841,1178,144664,30-34,F,32,511726,77,123.0900019,8,4,0.01504711505766758,10.38961038961039,5.194805194805195,50.0,1.5985714532467532,30.772500475,0,0,0,0,0,0,1,1,0,0
1121843,1178,144664,30-34,F,32,177452,24,37.83000016,2,0,0.013524784166986001,8.333333333333332,0.0,0.0,1.5762500066666665,,0,0,0,0,0,0,0,0,1,0
1121844,1178,144664,30-34,F,32,149808,20,33.03999937,1,1,0.013350421873331198,5.0,5.0,100.0,1.6519999684999997,33.03999937,0,0,0,0,0,0,0,0,0,0
1121845,1178,144664,30-34,F,32,390339,60,105.0199997,9,6,0.015371254217487878,15.0,10.0,66.66666666666666,1.7503333283333333,17.503333283333333,0,0,0,0,0,0,1,1,0,0
1121846,1178,144664,30-34,F,32,8350,0,0.0,1,0,0.0,,,0.0,,,1,0,0,0,0,0,0,0,1,0
1121847,1178,144665,30-34,F,36,39339,4,5.929999948,1,0,0.010168026640229796,25.0,0.0,0.0,1.482499987,,0,0,0,0,0,0,0,0,1,0
1121854,1178,144666,30-34,F,63,8587,0,0.0,1,0,0.0,,,0.0,,,1,0,0,0,0,0,0,0,1,0
1121855,1178,144666,30-34,F,63,24893,2,3.75,1,0,0.008034387177118065,50.0,0.0,0.0,1.875,,0,0,0,0,0,0,0,0,1,0
1121856,1178,144666,30-34,F,63,1296189,212,343.2599944,14,4,0.016355639493931824,6.60377358490566,1.8867924528301887,28.57142857142857,1.619150916981132,85.8149986,0,0,0,1,1,1,1,1,0,0
1121857,1178,144666,30-34,F,63,91607,12,19.1899997,2,1,0.01309943563264816,16.666666666666664,8.333333333333332,50.0,1.5991666416666668,19.1899997,0,0,0,0,0,0,0,0,0,0
1121859,1178,144667,30-34,F,64,238036,38,61.02999771,6,3,0.015963971836192845,15.789473684210526,7.894736842105263,50.0,1.6060525713157896,20.34333257,0,0,0,0,0,0,0,1,0,0
1121860,1178,144667,30-34,F,64,254344,35,56.16999996,2,1,0.013760890762117449,5.714285714285714,2.857142857142857,50.0,1.6048571417142856,56.16999996,0,0,0,0,0,0,0,0,0,0
1121861,1178,144667,30-34,F,64,157705,23,39.23000026,2,0,0.01458419200405821,8.695652173913043,0.0,0.0,1.7056521852173911,,0,0,0,0,0,0,0,0,1,0
1121862,1178,144667,30-34,F,64,411571,60,99.1799984,6,1,0.01457828661397426,10.0,1.6666666666666667,16.666666666666664,1.6529999733333334,99.1799984,0,0,0,0,0,0,0,0,0,0
1121863,1178,144667,30-34,F,64,94136,11,16.17999971,1,0,0.011685221381830542,9.090909090909092,0.0,0.0,1.4709090645454546,,0,0,0,0,0,0,0,0,1,0
1121867,1178,144668,30-34,F,65,82640,16,23.97000039,1,1,0.019361084220716362,6.25,6.25,100.0,1.498125024375,23.97000039,0,0,0,0,0,0,0,0,0,0
1121869,1178,144668,30-34,F,65,17870,2,2.620000005,1,1,0.01119194180190263,50.0,50.0,100.0,1.3100000025,2.620000005,0,0,0,0,0,0,0,0,0,0
1121871,1178,144669,30-34,F,2,19178,2,2.779999971,1,1,0.010428616122640526,50.0,50.0,100.0,1.3899999855,2.779999971,0,0,0,0,0,0,0,0,0,0
1121873,1178,144669,30-34,F,2,5264,0,0.0,1,0,0.0,,,0.0,,,1,0,0,0,0,0,0,0,1,0
1121874,1178,144669,30-34,F,2,145548,28,42.37000036,2,1,0.01923763981641795,7.142857142857142,3.571428571428571,50.0,1.5132142985714285,42.37000036,0,0,0,0,0,0,0,0,0,0
1121876,1178,144669,30-34,F,2,82455,15,22.04999971,1,0,0.01819174094960888,6.666666666666667,0.0,0.0,1.4699999806666668,,0,0,0,0,0,0,0,0,1,0
1121877,1178,144670,30-34,F,7,44189,7,10.31999981,2,0,0.015841046414265994,28.57142857142857,0.0,0.0,1.4742856871428571,,0,0,0,0,0,0,0,0,1,0
1121878,1178,144670,30-34,F,7,45199,7,9.809999943,1,0,0.015487068297971194,14.285714285714285,0.0,0.0,1.4014285632857142,,0,0,0,0,0,0,0,0,1,0
1121881,1178,144670,30-34,F,7,221843,43,63.45000076,5,0,0.019383077221278112,11.627906976744185,0.0,0.0,1.4755814130232559,,0,0,0,0,0,0,0,0,1,0
1121888,1178,144671,30-34,F,66,41672,6,10.54999995,2,1,0.014398157035899407,33.33333333333333,16.666666666666664,50.0,1.758333325,10.54999995,0,0,0,0,0,0,0,0,0,0
1121889,1178,144672,35-39,F,10,127546,25,38.94000041,2,0,0.019600771486365704,8.0,0.0,0.0,1.5576000164000001,,0,0,0,0,0,0,0,0,1,0
1121890,1178,144672,35-39,F,10,127865,28,38.02999961,3,1,0.02189809564775349,10.714285714285714,3.571428571428571,33.33333333333333,1.3582142717857142,38.02999961,0,0,0,0,0,0,0,0,0,0
1121891,1178,144672,35-39,F,10,1025327,229,314.2999983,16,2,0.022334338216003283,6.986899563318777,0.8733624454148471,12.5,1.3724890755458516,157.14999915,0,0,0,1,1,1,1,0,0,0
1121894,1178,144672,35-39,F,10,561415,124,173.76,3,0,0.022087047905738177,2.4193548387096775,0.0,0.0,1.401290322580645,,0,0,0,1,1,1,0,0,1,0
1121895,1178,144673,35-39,F,15,132803,25,37.32000124,2,1,0.01882487594406753,8.0,4.0,50.0,1.4928000496000002,37.32000124,0,0,0,0,0,0,0,0,0,0
1121897,1178,144673,35-39,F,15,24664,2,2.629999995,1,1,0.00810898475510866,50.0,50.0,100.0,1.3149999975,2.629999995,0,0,0,0,0,0,0,0,0,0
1121901,1178,144674,35-39,F,16,1020561,172,263.8100007,7,3,0.01685347568641169,4.069767441860465,1.744186046511628,42.857142857142854,1.5337790738372092,87.93666689999999,0,0,0,1,1,1,1,1,0,0
1121902,1178,144674,35-39,F,16,682143,114,177.1099993,6,2,0.016712038384913426,5.263157894736842,1.7543859649122806,33.33333333333333,1.5535964850877193,88.55499965,0,0,0,1,1,1,0,0,0,0
1121903,1178,144674,35-39,F,16,1247717,222,343.4199994,11,4,0.017792496215087238,4.954954954954955,1.8018018018018018,36.36363636363637,1.5469369342342343,85.85499985,0,0,0,1,1,1,1,1,0,0
1121904,1178,144674,35-39,F,16,146406,23,33.22999942,1,1,0.015709738671912353,4.3478260869565215,4.3478260869565215,100.0,1.4447825834782608,33.22999942,0,0,0,0,0,0,0,0,0,0
1121905,1178,144674,35-39,F,16,905699,161,234.6599982,4,1,0.017776325247129566,2.484472049689441,0.6211180124223602,25.0,1.4575155167701863,234.6599982,0,0,0,1,1,1,0,0,0,0
1121906,1178,144674,35-39,F,16,1184580,194,297.8299981,14,3,0.016377112563102533,7.216494845360824,1.5463917525773196,21.428571428571427,1.5352061757731958,99.27666603333334,0,0,0,1,1,1,1,1,0,0
1121907,1178,144675,35-39,F,18,98057,20,31.00999963,1,1,0.020396300111159834,5.0,5.0,100.0,1.5504999815,31.00999963,0,0,0,0,0,0,0,0,0,0
1121917,1178,144676,35-39,F,19,238735,56,84.65999889,4,1,0.02345697111860431,7.142857142857142,1.7857142857142856,25.0,1.5117856944642856,84.65999889,0,0,0,0,0,0,0,0,0,0
1121918,1178,144676,35-39,F,19,320657,77,115.8800026,2,0,0.02401319790305529,2.5974025974025974,0.0,0.0,1.5049350987012986,,0,0,0,0,0,0,0,0,1,0
1121925,1178,144678,35-39,F,21,244074,57,84.51000023,4,2,0.023353573096683792,7.017543859649122,3.508771929824561,50.0,1.4826315829824561,42.255000115,0,0,0,0,0,0,0,0,0,0
1121928,1178,144678,35-39,F,21,39146,8,13.05999959,1,0,0.020436315332345578,12.5,0.0,0.0,1.63249994875,,0,0,0,0,0,0,0,0,1,0
1121931,1178,144679,35-39,F,22,78468,15,23.64999962,1,0,0.0191160727940052,6.666666666666667,0.0,0.0,1.5766666413333332,,0,0,0,0,0,0,0,0,1,0
1121933,1178,144679,35-39,F,22,325653,63,89.35000026,2,0,0.01934574531786902,3.1746031746031744,0.0,0.0,1.4182539723809524,,0,0,0,0,0,0,0,0,1,0
1121935,1178,144679,35-39,F,22,66277,12,17.30000019,1,0,0.01810582856797984,8.333333333333332,0.0,0.0,1.4416666825,,0,0,0,0,0,0,0,0,1,0
1121936,1178,144679,35-39,F,22,93002,16,23.33999968,1,0,0.017203931098255954,6.25,0.0,0.0,1.45874998,,0,0,0,0,0,0,0,0,1,0
1121944,1178,144681,35-39,F,24,109723,27,40.9600004,1,0,0.024607420504360978,3.7037037037037033,0.0,0.0,1.517037051851852,,0,0,0,0,0,0,0,0,1,0
1121948,1178,144681,35-39,F,24,118941,35,50.11000001,4,1,0.029426354242859908,11.428571428571429,2.857142857142857,25.0,1.431714286,50.11000001,0,0,0,0,0,0,0,0,0,0
1121949,1178,144682,35-39,F,25,221576,47,66.79000068,6,1,0.02121168357583854,12.76595744680851,2.127659574468085,16.666666666666664,1.4210638442553192,66.79000068,0,0,0,0,0,0,0,0,0,0
1121953,1178,144682,35-39,F,25,8341,1,1.639999986,1,0,0.011988970147464332,100.0,0.0,0.0,1.639999986,,0,0,0,0,0,0,0,0,1,0
1121954,1178,144682,35-39,F,25,120335,26,36.2299993,2,0,0.021606348942535422,7.6923076923076925,0.0,0.0,1.3934615115384617,,0,0,0,0,0,0,0,0,1,0
1121955,1178,144683,35-39,F,26,182098,40,62.86999989,1,1,0.021966194027391844,2.5,2.5,100.0,1.57174999725,62.86999989,0,0,0,0,0,0,0,0,0,0
1121956,1178,144683,35-39,F,26,227473,52,71.58000052,1,1,0.022859855894985338,1.9230769230769231,1.9230769230769231,100.0,1.3765384715384614,71.58000052,0,0,0,0,0,0,0,0,0,0
1121962,1178,144684,35-39,F,27,1050947,230,350.5099957,6,1,0.021885023697674574,2.608695652173913,0.43478260869565216,16.666666666666664,1.5239565030434783,350.5099957,0,0,0,1,1,1,0,0,0,0
1121963,1178,144684,35-39,F,27,720859,162,213.6899986,13,5,0.0224731882379217,8.024691358024691,3.0864197530864197,38.46153846153847,1.3190740654320987,42.73799972,0,0,0,1,1,1,1,1,0,0
1121971,1178,144685,35-39,F,28,41111,8,10.96000016,1,0,0.019459512052735276,12.5,0.0,0.0,1.37000002,,0,0,0,0,0,0,0,0,1,0
1121973,1178,144686,35-39,F,29,148616,25,37.39999962,6,4,0.016821876513968888,24.0,16.0,66.66666666666666,1.4959999848,9.349999905,0,0,0,0,0,0,0,1,0,0
1121976,1178,144686,35-39,F,29,707260,135,210.8200028,13,6,0.01908774708028165,9.62962962962963,4.444444444444445,46.15384615384615,1.5616296503703704,35.13666713333333,0,0,0,1,1,1,1,1,0,0
1121977,1178,144686,35-39,F,29,139596,26,42.41000032,1,1,0.018625175506461505,3.8461538461538463,3.8461538461538463,100.0,1.6311538584615386,42.41000032,0,0,0,0,0,0,0,0,0,0
1121983,1178,144687,35-39,F,30,105399,22,33.19999933,2,0,0.020873063311796124,9.090909090909092,0.0,0.0,1.5090908786363635,,0,0,0,0,0,0,0,0,1,0
1121994,1178,144689,35-39,F,32,222378,50,72.91000104,1,0,0.02248423854877731,2.0,0.0,0.0,1.4582000207999999,,0,0,0,0,0,0,0,0,1,0
1122003,1178,144691,35-39,F,63,975792,210,293.8800011,10,4,0.021520979880958236,4.761904761904762,1.9047619047619049,40.0,1.3994285766666668,73.470000275,0,0,0,1,1,1,1,1,0,0
1122004,1178,144691,35-39,F,63,579150,125,167.0499997,5,1,0.021583354916688252,4.0,0.8,20.0,1.3363999976,167.0499997,0,0,0,1,1,1,0,0,0,0
1122005,1178,144691,35-39,F,63,449588,81,123.800001,5,2,0.018016495102182443,6.172839506172839,2.4691358024691357,40.0,1.528395074074074,61.9000005,0,0,0,0,0,0,0,0,0,0
1122006,1178,144691,35-39,F,63,318157,56,85.70000196,3,0,0.01760137290708675,5.357142857142857,0.0,0.0,1.5303571778571428,,0,0,0,0,0,0,0,0,1,0
1122007,1178,144691,35-39,F,63,196967,43,65.17999971,2,1,0.02183106814847157,4.651162790697675,2.3255813953488373,50.0,1.5158139467441862,65.17999971,0,0,0,0,0,0,0,0,0,0
1122011,1178,144692,35-39,F,64,158298,37,46.43000007,4,1,0.023373637064271185,10.81081081081081,2.7027027027027026,25.0,1.2548648667567568,46.43000007,0,0,0,0,0,0,0,0,0,0
1122012,1178,144692,35-39,F,64,222739,55,68.55999959,5,2,0.024692577411230182,9.090909090909092,3.6363636363636362,40.0,1.2465454470909092,34.279999795,0,0,0,0,0,0,0,0,0,0
1122022,1178,144694,35-39,F,2,20780,5,8.189999938,1,0,0.024061597690086624,20.0,0.0,0.0,1.6379999876,,0,0,0,0,0,0,0,0,1,0
1122027,1178,144695,35-39,F,7,128616,33,48.54999948,2,0,0.025657771972382906,6.0606060606060606,0.0,0.0,1.4712121054545453,,0,0,0,0,0,0,0,0,1,0
1122039,1178,144697,40-44,F,10,258954,61,82.27999902,1,0,0.023556307297821235,1.639344262295082,0.0,0.0,1.3488524429508197,,0,0,0,0,0,0,0,0,1,0
1122040,1178,144697,40-44,F,10,205289,48,71.53000104,3,0,0.02338167169210235,6.25,0.0,0.0,1.490208355,,0,0,0,0,0,0,0,0,1,0
1122041,1178,144697,40-44,F,10,611601,138,191.419996,8,3,0.022563730275130353,5.797101449275362,2.1739130434782608,37.5,1.387101420289855,63.806665333333335,0,0,0,1,1,1,1,1,0,0
1122043,1178,144697,40-44,F,10,947657,233,321.8700004,8,4,0.024586954984767696,3.4334763948497855,1.7167381974248928,50.0,1.3814163107296136,80.4675001,0,0,0,1,1,1,1,1,0,0
1122044,1178,144697,40-44,F,10,233043,49,65.03000033,2,0,0.02102616255369181,4.081632653061225,0.0,0.0,1.3271428638775509,,0,0,0,0,0,0,0,0,1,0
1122047,1178,144698,40-44,F,15,582725,142,194.8099988,9,2,0.02436826976704277,6.338028169014084,1.4084507042253522,22.22222222222222,1.3719013999999998,97.4049994,0,0,0,1,1,1,1,0,0,0
1122052,1178,144699,40-44,F,16,265038,51,78.45999932,2,1,0.019242523713580695,3.9215686274509802,1.9607843137254901,50.0,1.5384313592156862,78.45999932,0,0,0,0,0,0,0,0,0,0
1122054,1178,144699,40-44,F,16,222273,39,53.62999868,6,1,0.017545990741115652,15.384615384615385,2.564102564102564,16.666666666666664,1.3751281712820513,53.62999868,0,0,0,0,0,0,0,0,0,0
1122055,1178,144699,40-44,F,16,797234,170,243.7699978,4,1,0.021323726785360386,2.3529411764705883,0.5882352941176471,25.0,1.4339411635294117,243.7699978,0,0,0,1,1,1,0,0,0,0
1122056,1178,144699,40-44,F,16,925555,182,262.8899981,4,2,0.019663877349266116,2.197802197802198,1.098901098901099,50.0,1.4444505390109892,131.44499905,0,0,0,1,1,1,0,0,0,0
1122058,1178,144700,40-44,F,18,22210,3,4.050000191,1,1,0.0135074290859973,33.33333333333333,33.33333333333333,100.0,1.3500000636666665,4.050000191,0,0,0,0,0,0,0,0,0,0
1122075,1178,144703,40-44,F,21,46391,11,16.40999985,3,1,0.02371149576426462,27.27272727272727,9.090909090909092,33.33333333333333,1.4918181681818181,16.40999985,0,0,0,0,0,0,0,0,0,0
1122078,1178,144703,40-44,F,21,190477,42,66.38999987,1,0,0.022049906287898276,2.380952380952381,0.0,0.0,1.5807142826190475,,0,0,0,0,0,0,0,0,1,0
1122079,1178,144703,40-44,F,21,25382,7,9.609999895,1,0,0.027578599007170437,14.285714285714285,0.0,0.0,1.3728571278571429,,0,0,0,0,0,0,0,0,1,0
1122085,1178,144704,40-44,F,22,65726,17,22.12000012,2,0,0.025864954508109425,11.76470588235294,0.0,0.0,1.301176477647059,,0,0,0,0,0,0,0,0,1,0
1122089,1178,144705,40-44,F,23,195220,51,78.06000042,1,0,0.026124372502817333,1.9607843137254901,0.0,0.0,1.5305882435294116,,0,0,0,0,0,0,0,0,1,0
1122092,1178,144705,40-44,F,23,107501,27,40.87999928,2,2,0.02511604543213552,7.4074074074074066,7.4074074074074066,100.0,1.5140740474074075,20.43999964,0,0,0,0,0,0,0,0,0,0
1122101,1178,144707,40-44,F,25,197772,63,88.21000016,7,2,0.031854863175778174,11.11111111111111,3.1746031746031744,28.57142857142857,1.4001587326984128,44.10500008,0,0,0,0,0,0,1,0,0,0
1122102,1178,144707,40-44,F,25,138154,35,48.93999863,1,0,0.025334047512196534,2.857142857142857,0.0,0.0,1.3982856751428572,,0,0,0,0,0,0,0,0,1,0
1122103,1178,144707,40-44,F,25,270124,69,95.84999895,2,0,0.025543824317720752,2.898550724637681,0.0,0.0,1.3891304195652174,,0,0,0,0,0,0,0,0,1,0
1122105,1178,144708,40-44,F,26,303971,77,106.9299998,11,6,0.025331363847209108,14.285714285714285,7.792207792207792,54.54545454545454,1.3887012961038963,17.821666633333333,0,0,0,0,0,0,1,1,0,0
1122107,1178,144708,40-44,F,26,682046,183,254.419997,4,2,0.026831034856886486,2.185792349726776,1.092896174863388,50.0,1.3902732076502733,127.2099985,0,0,0,1,1,1,0,0,0,0
1122109,1178,144708,40-44,F,26,328365,83,117.3400005,2,1,0.025276749958125868,2.4096385542168677,1.2048192771084338,50.0,1.4137349457831325,117.3400005,0,0,0,0,0,0,0,0,0,0
1122112,1178,144709,40-44,F,27,1083259,276,390.2599992,11,0,0.02547867130575421,3.985507246376811,0.0,0.0,1.413985504347826,,0,0,0,1,1,1,1,0,1,0
1122113,1178,144709,40-44,F,27,913929,245,340.4099993,7,2,0.026807334048925026,2.857142857142857,0.8163265306122449,28.57142857142857,1.3894285685714285,170.20499965,0,0,0,1,1,1,1,0,0,0
1122118,1178,144710,40-44,F,28,101586,24,33.47000039,2,1,0.023625302699190835,8.333333333333332,4.166666666666666,50.0,1.3945833495833335,33.47000039,0,0,0,0,0,0,0,0,0,0
1122120,1178,144710,40-44,F,28,181053,46,66.27999985,3,1,0.025406925044047873,6.521739130434782,2.1739130434782608,33.33333333333333,1.4408695619565217,66.27999985,0,0,0,0,0,0,0,0,0,0
1122121,1178,144710,40-44,F,28,133419,35,48.18000007,2,1,0.0262331452042063,5.714285714285714,2.857142857142857,50.0,1.3765714305714285,48.18000007,0,0,0,0,0,0,0,0,0,0
1122125,1178,144711,40-44,F,29,489573,113,156.1199993,3,2,0.023081338227394076,2.6548672566371683,1.7699115044247788,66.66666666666666,1.381592914159292,78.05999965,0,0,0,0,1,1,0,0,0,0
1122127,1178,144711,40-44,F,29,822023,194,288.3300035,6,0,0.023600312886622392,3.0927835051546393,0.0,0.0,1.486237131443299,,0,0,0,1,1,1,0,0,1,0
1122131,1178,144712,40-44,F,30,93176,29,40.37000024,1,1,0.031123894565124068,3.4482758620689653,3.4482758620689653,100.0,1.3920689737931036,40.37000024,0,0,0,0,0,0,0,0,0,0
1122138,1178,144713,40-44,F,31,47229,13,19.27999985,1,0,0.027525461051472612,7.6923076923076925,0.0,0.0,1.4830769115384614,,0,0,0,0,0,0,0,0,1,0
1122139,1178,144713,40-44,F,31,92263,24,34.03000015,1,0,0.026012594431137074,4.166666666666666,0.0,0.0,1.4179166729166666,,0,0,0,0,0,0,0,0,1,0
1122140,1178,144713,40-44,F,31,81551,21,29.67000008,1,0,0.025750757194884184,4.761904761904762,0.0,0.0,1.4128571466666666,,0,0,0,0,0,0,0,0,1,0
1122145,1178,144714,40-44,F,32,141037,32,47.78999913,3,0,0.022689081588519323,9.375,0.0,0.0,1.4934374728125,,0,0,0,0,0,0,0,0,1,0
1122146,1178,144714,40-44,F,32,319501,79,111.6500003,0,0,0.024726057195439136,0.0,0.0,,1.4132911430379747,,0,0,0,0,0,0,0,0,1,0
1122149,1178,144715,40-44,F,36,72741,19,24.33000016,2,0,0.0261200698368183,10.526315789473683,0.0,0.0,1.2805263242105263,,0,0,0,0,0,0,0,0,1,0
1122154,1178,144716,40-44,F,63,597419,135,188.5100002,2,1,0.022597205646288452,1.4814814814814816,0.7407407407407408,50.0,1.3963703718518519,188.5100002,0,0,0,1,1,1,0,0,0,0
1122157,1178,144716,40-44,F,63,98768,21,33.14000034,1,1,0.021261947189373076,4.761904761904762,4.761904761904762,100.0,1.5780952542857143,33.14000034,0,0,0,0,0,0,0,0,0,0
1122160,1178,144717,40-44,F,64,173165,41,59.85000026,1,0,0.023676840008084777,2.4390243902439024,0.0,0.0,1.4597561039024392,,0,0,0,0,0,0,0,0,1,0
1122165,1178,144718,40-44,F,65,55823,13,21.10999966,1,1,0.02328789208749082,7.6923076923076925,7.6923076923076925,100.0,1.6238461276923077,21.10999966,0,0,0,0,0,0,0,0,0,0
1122166,1178,144718,40-44,F,65,118451,28,38.35000062,4,1,0.02363846653890638,14.285714285714285,3.571428571428571,25.0,1.3696428792857145,38.35000062,0,0,0,0,0,0,0,0,0,0
1122176,1178,144719,40-44,F,2,74424,22,30.84000027,1,1,0.029560356874126625,4.545454545454546,4.545454545454546,100.0,1.4018181940909091,30.84000027,0,0,0,0,0,0,0,0,0,0
1122177,1178,144720,40-44,F,7,47929,12,14.58999991,1,1,0.02503703394604519,8.333333333333332,8.333333333333332,100.0,1.2158333258333334,14.58999991,0,0,0,0,0,0,0,0,0,0
1122182,1178,144720,40-44,F,7,40801,12,15.91999972,0,0,0.029411043846964535,0.0,0.0,,1.3266666433333334,,0,0,0,0,0,0,0,0,1,0
1122183,1178,144721,40-44,F,66,66017,17,24.22000015,1,0,0.02575094293893997,5.88235294117647,0.0,0.0,1.4247058911764707,,0,0,0,0,0,0,0,0,1,0
1122189,1178,144722,45-49,F,10,725043,179,238.4000007,5,3,0.024688190907297913,2.793296089385475,1.675977653631285,60.0,1.3318435793296088,79.46666689999999,0,0,0,1,1,1,0,1,0,0
1122191,1178,144722,45-49,F,10,382776,97,132.7300007,5,1,0.025341191715259056,5.154639175257731,1.0309278350515463,20.0,1.3683505226804125,132.7300007,0,0,0,0,1,0,0,0,0,0
1122192,1178,144722,45-49,F,10,548250,137,201.6000042,5,1,0.02498860009119927,3.64963503649635,0.7299270072992701,20.0,1.4715328773722627,201.6000042,0,0,0,1,1,1,0,0,0,0
1122193,1178,144722,45-49,F,10,1358324,346,465.0799981,8,2,0.025472567664268614,2.312138728323699,0.5780346820809248,25.0,1.3441618442196532,232.53999905,0,0,0,1,1,1,1,0,0,0
1122197,1178,144723,45-49,F,15,662249,163,234.9399992,2,0,0.02461309869852578,1.2269938650306749,0.0,0.0,1.4413496883435581,,0,0,0,1,1,1,0,0,1,0
1122200,1178,144723,45-49,F,15,559554,139,195.0799994,2,0,0.0248412128230698,1.4388489208633095,0.0,0.0,1.4034532330935252,,0,0,0,1,1,1,0,0,1,0
1122201,1178,144724,45-49,F,16,320757,68,104.6899989,2,0,0.021199849106956357,2.941176470588235,0.0,0.0,1.5395588073529414,,0,0,0,0,0,0,0,0,1,0
1122202,1178,144724,45-49,F,16,906151,202,295.5499957,1,0,0.022292090391115828,0.49504950495049505,0.0,0.0,1.4631187905940595,,0,0,0,1,1,1,0,0,1,0
1122203,1178,144724,45-49,F,16,699314,164,226.0300014,3,0,0.023451553951443844,1.8292682926829267,0.0,0.0,1.3782317158536586,,0,0,0,1,1,1,0,0,1,0
1122204,1178,144724,45-49,F,16,850337,198,287.690003,3,1,0.023284885874659104,1.5151515151515151,0.5050505050505051,33.33333333333333,1.4529798131313132,287.690003,0,0,0,1,1,1,0,0,0,0
1122205,1178,144724,45-49,F,16,1015460,247,315.9000051,9,2,0.02432395170661572,3.643724696356275,0.8097165991902834,22.22222222222222,1.2789473890688259,157.95000255,0,0,0,1,1,1,1,0,0,0
1122209,1178,144725,45-49,F,18,890295,227,332.9899989,1,0,0.025497166669474727,0.4405286343612335,0.0,0.0,1.4669162947136563,,0,0,0,1,1,1,0,0,1,0
1122210,1178,144725,45-49,F,18,791817,194,282.490001,4,2,0.024500610620888413,2.0618556701030926,1.0309278350515463,50.0,1.4561340257731958,141.2450005,0,0,0,1,1,1,0,0,0,0
1122211,1178,144725,45-49,F,18,317601,76,115.6600008,1,0,0.02392939568830073,1.3157894736842104,0.0,0.0,1.5218421157894737,,0,0,0,0,0,0,0,0,1,0
1122212,1178,144725,45-49,F,18,685211,164,247.3200026,4,3,0.02393423339672013,2.4390243902439024,1.8292682926829267,75.0,1.5080487963414635,82.44000086666667,0,0,0,1,1,1,0,1,0,0
1122213,1178,144726,45-49,F,19,32781,7,11.20000017,2,2,0.021353833013025837,28.57142857142857,28.57142857142857,100.0,1.6000000242857142,5.600000085,0,0,0,0,0,0,0,0,0,0
1122216,1178,144726,45-49,F,19,76785,19,25.45999998,3,0,0.024744416227127697,15.789473684210526,0.0,0.0,1.3399999989473683,,0,0,0,0,0,0,0,0,1,0
1122217,1178,144726,45-49,F,19,719083,206,299.5299983,12,5,0.028647597008968368,5.825242718446602,2.4271844660194173,41.66666666666667,1.454029117961165,59.90599966,0,0,0,1,1,1,1,1,0,0
1122223,1178,144727,45-49,F,20,368480,107,140.4200011,5,4,0.029038211029092487,4.672897196261682,3.7383177570093453,80.0,1.3123364588785047,35.105000275,0,0,0,0,1,0,0,1,0,0
1122224,1178,144727,45-49,F,20,260945,73,100.8800011,2,2,0.027975243825327175,2.73972602739726,2.73972602739726,100.0,1.3819178232876712,50.44000055,0,0,0,0,0,0,0,0,0,0
1122225,1178,144728,45-49,F,21,40998,10,13.35000038,1,0,0.02439143372847456,10.0,0.0,0.0,1.335000038,,0,0,0,0,0,0,0,0,1,0
1122227,1178,144728,45-49,F,21,183293,53,73.74999964,2,1,0.0289154523085988,3.7735849056603774,1.8867924528301887,50.0,1.3915094271698112,73.74999964,0,0,0,0,0,0,0,0,0,0
1122232,1178,144729,45-49,F,22,221561,55,76.75999916,1,0,0.024823863405563255,1.8181818181818181,0.0,0.0,1.3956363483636365,,0,0,0,0,0,0,0,0,1,0
1122233,1178,144729,45-49,F,22,436943,109,145.8199974,1,1,0.024946045594047735,0.9174311926605505,0.9174311926605505,100.0,1.3377981412844038,145.8199974,0,0,0,0,1,0,0,0,0,0
1122240,1178,144730,45-49,F,23,284488,90,125.2700011,1,1,0.03163578077106943,1.1111111111111112,1.1111111111111112,100.0,1.391888901111111,125.2700011,0,0,0,0,0,0,0,0,0,0
1122244,1178,144731,45-49,F,24,85083,32,38.62999976,1,1,0.037610333439112395,3.125,3.125,100.0,1.2071874925,38.62999976,0,0,0,0,0,0,0,0,0,0
1122246,1178,144731,45-49,F,24,14167,5,7.139999986,1,0,0.035293287216771364,20.0,0.0,0.0,1.4279999972000001,,0,0,0,0,0,0,0,0,1,0
1122249,1178,144732,45-49,F,25,300637,84,116.9899981,2,0,0.027940672638431068,2.380952380952381,0.0,0.0,1.3927380726190475,,0,0,0,0,0,0,0,0,1,0
1122253,1178,144732,45-49,F,25,449921,129,175.9700005,5,1,0.028671700142913977,3.875968992248062,0.7751937984496124,20.0,1.3641085310077519,175.9700005,0,0,0,0,1,1,0,0,0,0
1122254,1178,144732,45-49,F,25,282899,71,105.6600007,1,0,0.02509729620818737,1.4084507042253522,0.0,0.0,1.488169023943662,,0,0,0,0,0,0,0,0,1,0
1122257,1178,144733,45-49,F,26,669671,186,259.1799988,4,1,0.027774832716363707,2.1505376344086025,0.5376344086021506,25.0,1.393440853763441,259.1799988,0,0,0,1,1,1,0,0,0,0
1122258,1178,144733,45-49,F,26,108655,28,46.92000186,1,0,0.025769637844553866,3.571428571428571,0.0,0.0,1.675714352142857,,0,0,0,0,0,0,0,0,1,0
1122260,1178,144733,45-49,F,26,536248,146,187.7399978,3,0,0.027226208769076995,2.054794520547945,0.0,0.0,1.2858903958904109,,0,0,0,0,1,1,0,0,1,0
1122262,1178,144734,45-49,F,27,1055017,265,380.6599952,16,2,0.025118078666030975,6.037735849056604,0.7547169811320755,12.5,1.4364528120754718,190.3299976,0,0,0,1,1,1,1,0,0,0
1122265,1178,144734,45-49,F,27,1428421,367,541.7000023,10,0,0.02569270544188303,2.7247956403269753,0.0,0.0,1.4760218046321527,,0,0,0,1,1,1,1,0,1,0
1122266,1178,144734,45-49,F,27,1088027,272,409.5600026,9,4,0.02499937961098392,3.308823529411765,1.4705882352941175,44.44444444444444,1.5057353036764707,102.39000065,0,0,0,1,1,1,1,1,0,0
1122267,1178,144735,45-49,F,28,288517,78,102.3900002,3,0,0.027034802108714565,3.8461538461538463,0.0,0.0,1.3126923102564103,,0,0,0,0,0,0,0,0,1,0
1122268,1178,144735,45-49,F,28,202231,53,67.13000107,3,1,0.02620765362382622,5.660377358490567,1.8867924528301887,33.33333333333333,1.266603793773585,67.13000107,0,0,0,0,0,0,0,0,0,0
1122270,1178,144735,45-49,F,28,73222,16,22.86000025,1,0,0.021851356149791046,6.25,0.0,0.0,1.428750015625,,0,0,0,0,0,0,0,0,1,0
1122271,1178,144735,45-49,F,28,348542,96,134.889999,2,0,0.0275433089842831,2.083333333333333,0.0,0.0,1.40510415625,,0,0,0,0,1,0,0,0,1,0
1122273,1178,144736,45-49,F,29,1097966,266,369.069997,16,8,0.02422661539610516,6.015037593984962,3.007518796992481,50.0,1.3874811917293233,46.133749625,0,0,0,1,1,1,1,1,0,0
1122274,1178,144736,45-49,F,29,526923,138,198.0899972,2,1,0.02618978484522406,1.4492753623188406,0.7246376811594203,50.0,1.4354347623188406,198.0899972,0,0,0,0,1,1,0,0,0,0
1122276,1178,144736,45-49,F,29,264386,66,91.00000054,4,1,0.024963500336629023,6.0606060606060606,1.5151515151515151,25.0,1.378787886969697,91.00000054,0,0,0,0,0,0,0,0,0,0
1122277,1178,144736,45-49,F,29,854940,227,297.9100007,8,3,0.026551570870470442,3.524229074889868,1.3215859030837005,37.5,1.3123788577092512,99.30333356666667,0,0,0,1,1,1,1,1,0,0
1122279,1178,144737,45-49,F,30,113567,34,50.29000044,3,0,0.029938274322646546,8.823529411764707,0.0,0.0,1.47911766,,0,0,0,0,0,0,0,0,1,0
1122282,1178,144737,45-49,F,30,22859,6,9.419999838,1,0,0.026247867360776934,16.666666666666664,0.0,0.0,1.569999973,,0,0,0,0,0,0,0,0,1,0
1122288,1178,144738,45-49,F,31,51754,13,20.51999998,1,0,0.025118831394674804,7.6923076923076925,0.0,0.0,1.578461536923077,,0,0,0,0,0,0,0,0,1,0
1122290,1178,144738,45-49,F,31,104347,28,38.13999993,4,3,0.026833545765570642,14.285714285714285,10.714285714285714,75.0,1.3621428546428571,12.713333310000001,0,0,0,0,0,0,0,1,0,0
1122303,1178,144741,45-49,F,63,391998,97,142.0500025,3,1,0.02474502420930719,3.0927835051546393,1.0309278350515463,33.33333333333333,1.4644330154639176,142.0500025,0,0,0,0,1,0,0,0,0,0
1122304,1178,144741,45-49,F,63,1111156,282,402.3000026,5,0,0.02537897468942255,1.773049645390071,0.0,0.0,1.4265957539007093,,0,0,0,1,1,1,0,0,1,0
1122308,1178,144741,45-49,F,63,427772,117,159.299999,3,1,0.027351018767006723,2.564102564102564,0.8547008547008548,33.33333333333333,1.3615384529914532,159.299999,0,0,0,0,1,1,0,0,0,0
1122310,1178,144742,45-49,F,64,536457,136,193.6599991,2,1,0.02535151932028103,1.4705882352941175,0.7352941176470588,50.0,1.4239705816176471,193.6599991,0,0,0,0,1,1,0,0,0,0
1122311,1178,144742,45-49,F,64,179894,43,66.83999872,2,0,0.023902965079435668,4.651162790697675,0.0,0.0,1.554418574883721,,0,0,0,0,0,0,0,0,1,0
1122312,1178,144742,45-49,F,64,479882,131,178.6700007,6,0,0.027298377517806463,4.580152671755725,0.0,0.0,1.3638931351145038,,0,0,0,0,1,1,0,0,1,0
1122313,1178,144742,45-49,F,64,358261,91,130.3600011,1,0,0.025400476189147016,1.098901098901099,0.0,0.0,1.4325274846153846,,0,0,0,0,0,0,0,0,1,0
1122316,1178,144743,45-49,F,65,346688,88,114.8599998,2,0,0.025383053350563043,2.272727272727273,0.0,0.0,1.3052272704545453,,0,0,0,0,0,0,0,0,1,0
1314296,1178,179863,30-34,M,100,33445,2,3.199999928,1,0,0.005979967110180894,50.0,0.0,0.0,1.599999964,,0,0,0,0,0,0,0,0,1,0
1314297,1178,179864,30-34,M,101,72228,5,7.529999852,4,4,0.006922523121227224,80.0,80.0,100.0,1.5059999704,1.882499963,0,0,0,0,0,0,0,1,0,0
1314298,1178,179865,30-34,M,102,49699,2,2.690000057,2,1,0.004024225839554116,100.0,50.0,50.0,1.3450000285,2.690000057,0,0,0,0,0,0,0,0,0,0
1314299,1178,179866,30-34,M,103,189761,18,27.32999969,4,1,0.009485616117115741,22.22222222222222,5.555555555555555,25.0,1.5183333161111112,27.32999969,0,0,0,0,0,0,0,0,0,0
1314301,1178,179868,30-34,M,105,312524,37,53.78999972,2,0,0.011839090757829799,5.405405405405405,0.0,0.0,1.4537837762162162,,0,0,0,0,0,0,0,0,1,0
1314303,1178,179870,30-34,M,107,496760,42,61.00999904,10,3,0.008454787019888879,23.809523809523807,7.142857142857142,30.0,1.4526190247619046,20.336666346666664,0,0,0,0,0,0,1,1,0,0
1314306,1178,179873,30-34,M,110,310988,34,46.66999936,11,3,0.010932897732388388,32.35294117647059,8.823529411764707,27.27272727272727,1.37264704,15.556666453333333,0,0,0,0,0,0,1,1,0,0
1314307,1178,179874,30-34,M,111,98606,9,12.10999984,1,0,0.009127233636898362,11.11111111111111,0.0,0.0,1.345555537777778,,0,0,0,0,0,0,0,0,1,0
1314308,1178,179875,30-34,M,112,51104,2,3.199999928,3,1,0.003913587977457733,150.0,50.0,33.33333333333333,1.599999964,3.199999928,1,0,0,0,0,0,0,0,0,0
1314309,1178,179876,30-34,M,113,276762,22,32.09000015,5,1,0.007949068152419768,22.727272727272727,4.545454545454546,20.0,1.4586363704545455,32.09000015,0,0,0,0,0,0,0,0,0,0
1314312,1178,179879,35-39,M,101,33534,2,2.960000038,1,1,0.005964096141229796,50.0,50.0,100.0,1.480000019,2.960000038,0,0,0,0,0,0,0,0,0,0
1314313,1178,179880,35-39,M,102,128859,16,23.69999957,1,0,0.012416672486981894,6.25,0.0,0.0,1.481249973125,,0,0,0,0,0,0,0,0,1,0
1314314,1178,179881,35-39,M,103,92080,12,16.94000018,3,2,0.013032145960034753,25.0,16.666666666666664,66.66666666666666,1.4116666816666665,8.47000009,0,0,0,0,0,0,0,0,0,0
1314316,1178,179883,35-39,M,105,211882,33,46.64999926,3,1,0.015574706676357596,9.090909090909092,3.0303030303030303,33.33333333333333,1.4136363412121213,46.64999926,0,0,0,0,0,0,0,0,0,0
1314318,1178,179885,35-39,M,107,112776,9,12.67999995,1,0,0.007980421366248137,11.11111111111111,0.0,0.0,1.4088888833333333,,0,0,0,0,0,0,0,0,1,0
1314319,1178,179886,35-39,M,108,145324,14,19.82000005,2,1,0.009633646197462223,14.285714285714285,7.142857142857142,50.0,1.4157142892857144,19.82000005,0,0,0,0,0,0,0,0,0,0
1314320,1178,179887,35-39,M,109,106492,14,21.26000023,2,0,0.01314652743868084,14.285714285714285,0.0,0.0,1.5185714449999999,,0,0,0,0,0,0,0,0,1,0
1314321,1178,179888,35-39,M,110,233845,30,40.73000062,3,0,0.012829010669460541,10.0,0.0,0.0,1.3576666873333332,,0,0,0,0,0,0,0,0,1,0
1314323,1178,179890,35-39,M,112,155426,17,25.01000023,3,0,0.010937680954280493,17.647058823529413,0.0,0.0,1.4711764841176471,,0,0,0,0,0,0,0,0,1,0
1314324,1178,179891,35-39,M,113,97540,8,11.5199995,2,1,0.008201763379126512,25.0,12.5,50.0,1.4399999375,11.5199995,0,0,0,0,0,0,0,0,0,0
1314325,1178,179892,35-39,M,114,61441,5,7.700000048,1,0,0.00813788838072297,20.0,0.0,0.0,1.5400000096,,0,0,0,0,0,0,0,0,1,0
1314326,1178,179893,40-44,M,100,76703,9,12.14999962,3,1,0.011733569743034822,33.33333333333333,11.11111111111111,33.33333333333333,1.3499999577777777,12.14999962,0,0,0,0,0,0,0,0,0,0
1314327,1178,179894,40-44,M,101,68619,10,14.96000034,1,0,0.014573223159766247,10.0,0.0,0.0,1.4960000340000001,,0,0,0,0,0,0,0,0,1,0
1314330,1178,179897,40-44,M,104,17559,1,1.49000001,1,1,0.005695085141522866,100.0,100.0,100.0,1.49000001,1.49000001,0,0,0,0,0,0,0,0,0,0
1314331,1178,179898,40-44,M,105,137879,19,28.47000003,2,0,0.013780198579914273,10.526315789473683,0.0,0.0,1.4984210542105263,,0,0,0,0,0,0,0,0,1,0
1314332,1178,179899,40-44,M,106,67710,10,15.14999998,1,0,0.014768867227883621,10.0,0.0,0.0,1.514999998,,0,0,0,0,0,0,0,0,1,0
1314333,1178,179900,40-44,M,107,348180,41,60.22999907,3,1,0.011775518410017807,7.317073170731707,2.4390243902439024,33.33333333333333,1.4690243675609755,60.22999907,0,0,0,0,0,0,0,0,0,0
1314334,1178,179901,40-44,M,108,146246,18,28.71999955,3,1,0.01230802893754359,16.666666666666664,5.555555555555555,33.33333333333333,1.5955555305555555,28.71999955,0,0,0,0,0,0,0,0,0,0
1314336,1178,179903,40-44,M,110,187236,24,34.86999965,2,2,0.012818047811318336,8.333333333333332,8.333333333333332,100.0,1.4529166520833332,17.434999825,0,0,0,0,0,0,0,0,0,0
1314337,1178,179904,40-44,M,111,72157,9,13.50000036,1,1,0.012472802361517248,11.11111111111111,11.11111111111111,100.0,1.50000004,13.50000036,0,0,0,0,0,0,0,0,0,0
1314338,1178,179905,40-44,M,112,91180,10,13.55999994,1,0,0.010967317394165389,10.0,0.0,0.0,1.355999994,,0,0,0,0,0,0,0,0,1,0
1314339,1178,179906,40-44,M,113,86293,6,9.259999871,1,1,0.006953055288377969,16.666666666666664,16.666666666666664,100.0,1.5433333118333332,9.259999871,0,0,0,0,0,0,0,0,0,0
1314341,1178,179908,45-49,M,100,101410,12,17.94000006,4,0,0.01183315254905828,33.33333333333333,0.0,0.0,1.4950000049999999,,0,0,0,0,0,0,0,0,1,0
1314343,1178,179910,45-49,M,102,134245,18,25.75000024,2,1,0.013408320607843867,11.11111111111111,5.555555555555555,50.0,1.430555568888889,25.75000024,0,0,0,0,0,0,0,0,0,0
1314345,1178,179912,45-49,M,104,125650,20,30.08000076,4,0,0.01591723040191007,20.0,0.0,0.0,1.504000038,,0,0,0,0,0,0,0,0,1,0
1314346,1178,179913,45-49,M,105,50406,5,7.26000011,1,1,0.00991945403325001,20.0,20.0,100.0,1.452000022,7.26000011,0,0,0,0,0,0,0,0,0,0
1314348,1178,179915,45-49,M,107,121769,13,18.41999996,2,1,0.010675952007489591,15.384615384615385,7.6923076923076925,50.0,1.4169230738461538,18.41999996,0,0,0,0,0,0,0,0,0,0
1314349,1178,179916,45-49,M,108,267106,34,50.5,4,1,0.012729028924846316,11.76470588235294,2.941176470588235,25.0,1.4852941176470589,50.5,0,0,0,0,0,0,0,0,0,0
1314350,1178,179917,45-49,M,109,365539,57,82.13999915,5,2,0.015593411373341831,8.771929824561402,3.508771929824561,40.0,1.4410526166666666,41.069999575,0,0,0,0,0,0,0,0,0,0
1314351,1178,179918,45-49,M,110,188758,25,36.60000038,2,1,0.013244471757488423,8.0,4.0,50.0,1.4640000152,36.60000038,0,0,0,0,0,0,0,0,0,0
1314353,1178,179920,45-49,M,112,108426,13,19.58000016,1,0,0.011989744157305443,7.6923076923076925,0.0,0.0,1.5061538584615386,,0,0,0,0,0,0,0,0,1,0
1314354,1178,179921,45-49,M,113,138525,9,13.65000045,3,0,0.0064970221981591764,33.33333333333333,0.0,0.0,1.5166667166666667,,0,0,0,0,0,0,0,0,1,0
1314355,1178,179922,45-49,M,114,150858,21,30.26000011,1,0,0.013920375452412202,4.761904761904762,0.0,0.0,1.4409523861904763,,0,0,0,0,0,0,0,0,1,0
1314357,1178,179924,30-34,F,101,524306,81,113.6800029,10,4,0.015448993526680983,12.345679012345679,4.938271604938271,40.0,1.403456825925926,28.420000725,0,0,0,0,0,0,1,1,0,0
1314358,1178,179925,30-34,F,102,104496,9,11.42999983,3,2,0.008612769866789159,33.33333333333333,22.22222222222222,66.66666666666666,1.2699999811111111,5.714999915,0,0,0,0,0,0,0,0,0,0
1314359,1178,179926,30-34,F,103,452519,68,99.52000237,7,2,0.015026993341716036,10.294117647058822,2.941176470588235,28.57142857142857,1.4635294466176472,49.760001185,0,0,0,0,0,0,1,0,0,0
1314360,1178,179927,30-34,F,104,442919,76,110.7800021,21,2,0.017158893612601853,27.631578947368425,2.631578947368421,9.523809523809524,1.4576316065789474,55.39000105,0,0,0,0,0,0,1,0,0,0
1314361,1178,179928,30-34,F,105,596831,86,120.8799992,11,0,0.014409439187977834,12.790697674418606,0.0,0.0,1.4055813860465116,,0,0,0,1,0,0,1,0,1,0
1314362,1178,179929,30-34,F,106,173912,26,35.54000032,2,1,0.014950089700538204,7.6923076923076925,3.8461538461538463,50.0,1.366923089230769,35.54000032,0,0,0,0,0,0,0,0,0,0
1314363,1178,179930,30-34,F,107,780967,86,119.6400018,20,4,0.011011988982889163,23.25581395348837,4.651162790697675,20.0,1.391162811627907,29.91000045,0,0,0,1,0,0,1,1,0,0
1314364,1178,179931,30-34,F,108,132124,8,11.18999994,4,0,0.0060549181072326,50.0,0.0,0.0,1.3987499925,,0,0,0,0,0,0,0,0,1,0
1314365,1178,179932,30-34,F,109,623137,100,138.9200006,12,1,0.016047835387723728,12.0,1.0,8.333333333333332,1.389200006,138.9200006,0,0,0,1,1,0,1,0,0,0
1314366,1178,179933,30-34,F,110,99020,10,14.48000044,4,1,0.010098969905069682,40.0,10.0,25.0,1.448000044,14.48000044,0,0,0,0,0,0,0,0,0,0
1314367,1178,179934,30-34,F,111,665817,117,163.8000002,23,9,0.017572396018725865,19.65811965811966,7.6923076923076925,39.130434782608695,1.4000000017094016,18.200000022222223,0,0,0,1,1,1,1,1,0,0
1314368,1178,179935,30-34,F,112,699232,80,111.9899995,12,3,0.011441123976019403,15.0,3.75,25.0,1.39987499375,37.32999983333333,0,0,0,1,0,0,1,1,0,0
1314371,1178,179938,35-39,F,100,72982,11,15.04999995,1,0,0.015072209585925296,9.090909090909092,0.0,0.0,1.3681818136363637,,0,0,0,0,0,0,0,0,1,0
1314372,1178,179939,35-39,F,101,975884,167,237.3199975,14,3,0.01711268962294699,8.383233532934131,1.7964071856287425,21.428571428571427,1.4210778293413173,79.10666583333334,0,0,0,1,1,1,1,1,0,0
1314373,1178,179940,35-39,F,102,245607,33,47.87999952,3,1,0.013436099133982339,9.090909090909092,3.0303030303030303,33.33333333333333,1.4509090763636363,47.87999952,0,0,0,0,0,0,0,0,0,0
1314377,1178,179944,35-39,F,106,485369,114,164.6400015,3,0,0.023487284931670543,2.631578947368421,0.0,0.0,1.4442105394736844,,0,0,0,0,1,1,0,0,1,0
1314378,1178,179945,35-39,F,107,866355,139,200.8299961,11,5,0.016044231290868065,7.913669064748201,3.597122302158273,45.45454545454545,1.444820115827338,40.165999219999996,0,0,0,1,1,1,1,1,0,0
1314379,1178,179946,35-39,F,108,502710,72,105.2199969,8,2,0.014322372739750552,11.11111111111111,2.7777777777777777,25.0,1.4613888458333333,52.60999845,0,0,0,0,0,0,1,0,0,0
1314380,1178,179947,35-39,F,109,475184,88,127.3200028,4,1,0.018519142058655173,4.545454545454546,1.1363636363636365,25.0,1.4468182136363636,127.3200028,0,0,0,0,0,0,0,0,0,0
1314381,1178,179948,35-39,F,110,357401,47,68.67000008,8,1,0.01315049482234241,17.02127659574468,2.127659574468085,12.5,1.4610638314893616,68.67000008,0,0,0,0,0,0,1,0,0,0
1314382,1178,179949,35-39,F,111,99810,14,20.05000019,2,0,0.014026650636208797,14.285714285714285,0.0,0.0,1.4321428707142856,,0,0,0,0,0,0,0,0,1,0
1314383,1178,179950,35-39,F,112,81569,6,9.409999967,3,1,0.007355735634861284,50.0,16.666666666666664,33.33333333333333,1.5683333278333331,9.409999967,0,0,0,0,0,0,0,0,0,0
1314384,1178,179951,35-39,F,113,441192,53,77.59999979,6,2,0.012012910478884477,11.320754716981133,3.7735849056603774,33.33333333333333,1.4641509394339622,38.799999895,0,0,0,0,0,0,0,0,0,0
1314385,1178,179952,35-39,F,114,90470,11,16.73000002,1,1,0.012158726649718139,9.090909090909092,9.090909090909092,100.0,1.5209090927272726,16.73000002,0,0,0,0,0,0,0,0,0,0
1314386,1178,179953,40-44,F,100,834243,166,246.7499975,18,7,0.019898279038601464,10.843373493975903,4.216867469879518,38.88888888888889,1.4864457680722891,35.24999964285714,0,0,0,1,1,1,1,1,0,0
1314387,1178,179954,40-44,F,101,696612,152,223.1899948,31,9,0.021819894001251772,20.394736842105264,5.921052631578947,29.03225806451613,1.4683552289473685,24.79888831111111,0,0,0,1,1,1,1,1,0,0
1314388,1178,179955,40-44,F,102,329333,48,67.60999918,1,0,0.01457491353736188,2.083333333333333,0.0,0.0,1.4085416495833334,,0,0,0,0,0,0,0,0,1,0
1314389,1178,179956,40-44,F,103,1114711,224,319.0000019,6,0,0.020094894551143747,2.6785714285714284,0.0,0.0,1.4241071513392856,,0,0,0,1,1,1,0,0,1,0
1314390,1178,179957,40-44,F,104,267316,58,82.92999887,3,0,0.021697167397387362,5.172413793103448,0.0,0.0,1.429827566724138,,0,0,0,0,0,0,0,0,1,0
1314391,1178,179958,40-44,F,105,228629,38,57.0,2,0,0.016620813632566296,5.263157894736842,0.0,0.0,1.5,,0,0,0,0,0,0,0,0,1,0
1314392,1178,179959,40-44,F,106,758340,159,233.110002,13,4,0.020966848643088853,8.176100628930817,2.515723270440252,30.76923076923077,1.466100641509434,58.2775005,0,0,0,1,1,1,1,1,0,0
1314393,1178,179960,40-44,F,107,877535,149,217.7799966,5,2,0.016979379739839436,3.3557046979865772,1.342281879194631,40.0,1.4616107154362417,108.8899983,0,0,0,1,1,1,0,0,0,0
1314394,1178,179961,40-44,F,108,1357386,223,323.0600071,10,1,0.016428635627595983,4.484304932735426,0.4484304932735426,10.0,1.4486995834080718,323.0600071,0,0,0,1,1,1,1,0,0,0
1314395,1178,179962,40-44,F,109,280240,61,87.99000168,2,2,0.0217670568084499,3.278688524590164,3.278688524590164,100.0,1.4424590439344263,43.99500084,0,0,0,0,0,0,0,0,0,0
1314396,1178,179963,40-44,F,110,419922,75,105.4500008,3,1,0.017860459799677084,4.0,1.3333333333333335,33.33333333333333,1.4060000106666666,105.4500008,0,0,0,0,0,0,0,0,0,0
1314397,1178,179964,40-44,F,111,402975,83,120.8999977,1,0,0.02059681121657671,1.2048192771084338,0.0,0.0,1.456626478313253,,0,0,0,0,0,0,0,0,1,0
1314398,1178,179965,40-44,F,112,1137635,211,301.0499992,30,10,0.01854724933744127,14.218009478672986,4.739336492890995,33.33333333333333,1.4267772473933649,30.10499992,0,0,0,1,1,1,1,1,0,0
1314400,1178,179967,40-44,F,114,250234,40,62.31999922,4,1,0.015985038004427854,10.0,2.5,25.0,1.5579999805,62.31999922,0,0,0,0,0,0,0,0,0,0
1314401,1178,179968,45-49,F,100,904907,195,279.219995,11,1,0.021549175771653883,5.641025641025641,0.5128205128205128,9.090909090909092,1.4318974102564102,279.219995,0,0,0,1,1,1,1,0,0,0
1314402,1178,179969,45-49,F,101,589270,107,158.0500023,10,4,0.018158059972508356,9.345794392523365,3.7383177570093453,40.0,1.4771028252336447,39.512500575,0,0,0,1,1,1,1,1,0,0
1314403,1178,179970,45-49,F,102,168714,24,36.01000071,2,2,0.014225256943703546,8.333333333333332,8.333333333333332,100.0,1.50041669625,18.005000355,0,0,0,0,0,0,0,0,0,0
1314404,1178,179971,45-49,F,103,71982,11,16.34000051,1,0,0.015281598177322109,9.090909090909092,0.0,0.0,1.4854545918181818,,0,0,0,0,0,0,0,0,1,0
1314405,1178,179972,45-49,F,104,558666,110,162.6399975,14,5,0.01968976096630187,12.727272727272727,4.545454545454546,35.714285714285715,1.4785454318181817,32.5279995,0,0,0,1,1,1,1,1,0,0
1314406,1178,179973,45-49,F,105,1118200,235,333.7499943,11,4,0.021015918440350563,4.680851063829787,1.702127659574468,36.36363636363637,1.4202127417021277,83.437498575,0,0,0,1,1,1,1,1,0,0
1314407,1178,179974,45-49,F,106,107100,23,33.71000051,1,0,0.021475256769374416,4.3478260869565215,0.0,0.0,1.4656521960869566,,0,0,0,0,0,0,0,0,1,0
1314408,1178,179975,45-49,F,107,877769,160,232.5900005,13,4,0.01822803038156964,8.125,2.5,30.76923076923077,1.453687503125,58.147500125,0,0,0,1,1,1,1,1,0,0
1314409,1178,179976,45-49,F,108,212508,33,47.69000006,4,1,0.015528827150036704,12.121212121212121,3.0303030303030303,25.0,1.4451515169696971,47.69000006,0,0,0,0,0,0,0,0,0,0
1314410,1178,179977,45-49,F,109,1129773,252,358.189997,13,2,0.02230536576816759,5.158730158730158,0.7936507936507936,15.384615384615385,1.421388876984127,179.0949985,0,0,0,1,1,1,1,0,0,0
1314411,1178,179978,45-49,F,110,637549,120,173.8800035,3,0,0.01882208269482032,2.5,0.0,0.0,1.4490000291666665,,0,0,0,1,1,1,0,0,1,0
1314412,1178,179979,45-49,F,111,151531,28,40.28999949,2,0,0.01847806719417149,7.142857142857142,0.0,0.0,1.4389285532142857,,0,0,0,0,0,0,0,0,1,0
1314414,1178,179981,45-49,F,113,790253,135,198.7100005,8,2,0.017083136666358748,5.9259259259259265,1.4814814814814816,25.0,1.4719259296296296,99.35500025,0,0,0,1,1,1,1,0,0,0
1314415,1178,179982,45-49,F,114,513161,114,165.6099987,5,2,0.02221525018463991,4.385964912280701,1.7543859649122806,40.0,1.4527192868421053,82.80499935,0,0,0,0,1,1,0,0,0,0
